open_time,open_time_dt,open,high,low,close,volume,close_time,close_time_dt,quote_volume,trades_count,taker_buy_base,taker_buy_quote
1755648000000,2025-08-20 00:00:00,0.1810000,0.2511600,0.1360000,0.2111900,1158171795,1755734399999,2025-08-20 23:59:59,219056221.5122700,1841929,581411927,109982719.4576700
1755734400000,2025-08-21 00:00:00,0.2111800,0.2491300,0.1720700,0.1920300,2967576489,1755820799999,2025-08-21 23:59:59,620528919.9939300,7889423,1486880765,310793795.6888700
1755820800000,2025-08-22 00:00:00,0.1920300,0.2787900,0.1693200,0.2665300,1591020810,1755907199999,2025-08-22 23:59:59,340494257.8164100,3748319,804828875,172526332.4160400
1755907200000,2025-08-23 00:00:00,0.2665500,0.2870100,0.2280000,0.2705600,894971716,1755993599999,2025-08-23 23:59:59,227656978.8521900,2866399,446709244,113672404.8700900
1755993600000,2025-08-24 00:00:00,0.2705300,0.2724400,0.2227400,0.2244000,523477470,1756079999999,2025-08-24 23:59:59,131193789.3018000,2155973,260197612,65189117.9144800
1756080000000,2025-08-25 00:00:00,0.2243900,0.2396500,0.1820000,0.2010100,465372274,1756166399999,2025-08-25 23:59:59,96674212.0823900,1784656,234912293,48790352.7034700
1756166400000,2025-08-26 00:00:00,0.2010200,0.2038700,0.1736100,0.1765800,409243290,1756252799999,2025-08-26 23:59:59,75274489.1926600,2052194,203028059,37341294.8094200
1756252800000,2025-08-27 00:00:00,0.1765800,0.1819300,0.1434700,0.1519900,587798220,1756339199999,2025-08-27 23:59:59,93413106.1083900,2290549,284329192,45230797.5894500
1756339200000,2025-08-28 00:00:00,0.1520000,0.1523300,0.1350000,0.1427400,568569226,1756425599999,2025-08-28 23:59:59,81073224.6012600,2166424,276595357,39451275.3730900
1756425600000,2025-08-29 00:00:00,0.1427400,0.1457100,0.1209300,0.1347600,1032832650,1756511999999,2025-08-29 23:59:59,134377230.1694800,3766023,508704116,66161724.0715100
1756512000000,2025-08-30 00:00:00,0.1347700,0.1715200,0.1272300,0.1625800,795529628,1756598399999,2025-08-30 23:59:59,121159788.7077800,1159914,390802857,59521010.5348800
1756598400000,2025-08-31 00:00:00,0.1625800,0.1660000,0.1427100,0.1435400,471432042,1756684799999,2025-08-31 23:59:59,72047903.2463700,702900,227490557,34771729.5566100
1756684800000,2025-09-01 00:00:00,0.1435400,0.1573400,0.1297400,0.1381200,293530553,1756771199999,2025-09-01 23:59:59,41885300.2302500,553109,143091444,20424130.3518500
1756771200000,2025-09-02 00:00:00,0.1380900,0.1749000,0.1363300,0.1483800,449689198,1756857599999,2025-09-02 23:59:59,71743822.3591300,695795,225344516,35941424.2661400
1756857600000,2025-09-03 00:00:00,0.1483800,0.1642200,0.1466700,0.1542900,236046988,1756943999999,2025-09-03 23:59:59,36754583.6709400,438464,114250843,17793957.4175600
1756944000000,2025-09-04 00:00:00,0.1543200,0.1681300,0.1446000,0.1600000,172536174,1757030399999,2025-09-04 23:59:59,27126791.0240400,362967,84707026,13335735.1312900
1757030400000,2025-09-05 00:00:00,0.1600200,0.1736700,0.1542600,0.1643100,164930226,1757116799999,2025-09-05 23:59:59,26760910.0793800,321005,80209981,13013900.3226300
1757116800000,2025-09-06 00:00:00,0.1642700,0.2150000,0.1636900,0.2058400,349964629,1757203199999,2025-09-06 23:59:59,65396357.8660700,579661,173808128,32480337.7175300
1757203200000,2025-09-07 00:00:00,0.2058400,0.3199700,0.1966800,0.2804500,1365118090,1757289599999,2025-09-07 23:59:59,360183466.5556400,2398682,680732344,179699751.4193800
1757289600000,2025-09-08 00:00:00,0.2804500,0.3112800,0.2298000,0.2388000,453240172,1757375999999,2025-09-08 23:59:59,125012721.6807100,1333225,221611289,61205946.7847400
1757376000000,2025-09-09 00:00:00,0.2388100,0.2605300,0.2036700,0.2137000,218249511,1757462399999,2025-09-09 23:59:59,50318289.5246100,681365,105837194,24428798.8827200
1757462400000,2025-09-10 00:00:00,0.2137000,0.2804700,0.2074500,0.2733300,301008968,1757548799999,2025-09-10 23:59:59,72767071.8349900,815966,145781461,35281439.3591100
1757548800000,2025-09-11 00:00:00,0.2733300,0.3180500,0.2517500,0.2687600,521005320,1757635199999,2025-09-11 23:59:59,145570044.1214600,1602328,253024378,70789963.7655500
1757635200000,2025-09-12 00:00:00,0.2686900,0.2935200,0.2576500,0.2746200,148557113,1757721599999,2025-09-12 23:59:59,40920457.9324500,544952,72353987,19938048.1172800
1757721600000,2025-09-13 00:00:00,0.2746300,0.3515500,0.2658400,0.3132600,189695779,1757807999999,2025-09-13 23:59:59,58563756.0608000,611408,92657591,28595392.0662000
1757808000000,2025-09-14 00:00:00,0.3134200,0.3705700,0.2976100,0.3134300,137340417,1757894399999,2025-09-14 23:59:59,44640485.8563300,531759,65074426,21162194.4991500
1757894400000,2025-09-15 00:00:00,0.3134500,0.3179200,0.2633700,0.2666500,85212364,1757980799999,2025-09-15 23:59:59,24543286.5890200,353612,39541871,11393846.2384900
1757980800000,2025-09-16 00:00:00,0.2666900,0.3003300,0.2520000,0.2882200,79547506,1758067199999,2025-09-16 23:59:59,22146831.7539900,345804,39848324,11099968.3704900
1758067200000,2025-09-17 00:00:00,0.2881900,0.2979500,0.2608900,0.2791100,60877547,1758153599999,2025-09-17 23:59:59,16803753.2407000,269027,29483821,8139435.6833200
1758153600000,2025-09-18 00:00:00,0.2791800,0.2797000,0.2510900,0.2608500,57455599,1758239999999,2025-09-18 23:59:59,15088438.4489400,228908,27267470,7163110.1881200
1758240000000,2025-09-19 00:00:00,0.2606800,0.2633000,0.2316300,0.2319700,42468501,1758326399999,2025-09-19 23:59:59,10462638.7903700,163051,20017297,4933292.6236900
1758326400000,2025-09-20 00:00:00,0.2321400,0.2632400,0.2287500,0.2456500,41843817,1758412799999,2025-09-20 23:59:59,10302275.2009300,164593,21632820,5327963.5297300
1758412800000,2025-09-21 00:00:00,0.2457400,0.2555400,0.2217300,0.2304000,40349538,1758499199999,2025-09-21 23:59:59,9534173.8976000,158240,18999356,4492055.0212900
1758499200000,2025-09-22 00:00:00,0.2303700,0.2742500,0.2092000,0.2462500,114382909,1758585599999,2025-09-22 23:59:59,27125025.7983400,376347,57576586,13670037.1665200
1758585600000,2025-09-23 00:00:00,0.2463000,0.2482100,0.2077400,0.2141900,55613727,1758671999999,2025-09-23 23:59:59,12255287.3991300,173344,26936841,5916353.0957100
1758672000000,2025-09-24 00:00:00,0.2141900,0.2257400,0.1987500,0.2009600,44977481,1758758399999,2025-09-24 23:59:59,9429792.6169300,147846,21268497,4462694.4137700
1758758400000,2025-09-25 00:00:00,0.2009800,0.2154300,0.1900000,0.1972400,55922511,1758844799999,2025-09-25 23:59:59,11252988.5961800,183607,27574916,5545811.0441800
1758844800000,2025-09-26 00:00:00,0.1971200,0.2008500,0.1818600,0.1878200,33789550,1758931199999,2025-09-26 23:59:59,6388883.0891800,120904,16629269,3144759.3264900
1758931200000,2025-09-27 00:00:00,0.1877700,0.1933800,0.1796800,0.1870300,24874995,1759017599999,2025-09-27 23:59:59,4608119.7088100,87120,12541552,2323712.7291900
1759017600000,2025-09-28 00:00:00,0.1869800,0.1885000,0.1787800,0.1853100,21393986,1759103999999,2025-09-28 23:59:59,3929173.7430900,79257,10085687,1852736.4726100
1759104000000,2025-09-29 00:00:00,0.1853700,0.1854600,0.1718500,0.1771700,24207461,1759190399999,2025-09-29 23:59:59,4330538.0023100,89582,11437784,2048440.4107700
1759190400000,2025-09-30 00:00:00,0.1772200,0.1829300,0.1545400,0.1586400,33314103,1759276799999,2025-09-30 23:59:59,5627096.8665200,106760,16175612,2728523.0946700
1759276800000,2025-10-01 00:00:00,0.1586800,0.1758200,0.1571400,0.1636000,36156610,1759363199999,2025-10-01 23:59:59,5980519.5846500,115071,17969962,2975153.7883400
1759363200000,2025-10-02 00:00:00,0.1634700,0.1996500,0.1614800,0.1943200,67433846,1759449599999,2025-10-02 23:59:59,12417271.3472600,168939,32967550,6072296.2508800
1759449600000,2025-10-03 00:00:00,0.1943200,0.2001100,0.1699300,0.1722000,43802330,1759535999999,2025-10-03 23:59:59,7766659.7738000,114499,20429854,3616270.4434000
1759536000000,2025-10-04 00:00:00,0.1721900,0.1837800,0.1705000,0.1791600,28218141,1759622399999,2025-10-04 23:59:59,4938477.5907100,80470,13535716,2368458.8778400
1759622400000,2025-10-05 00:00:00,0.1791200,0.1829100,0.1702700,0.1736800,18508216,1759708799999,2025-10-05 23:59:59,3225413.0957400,60903,8421905,1467762.5940300
1759708800000,2025-10-06 00:00:00,0.1736800,0.1800700,0.1585700,0.1789800,45287371,1759795199999,2025-10-06 23:59:59,7555191.5500300,109234,22393625,3743051.6650400
1759795200000,2025-10-07 00:00:00,0.1790300,0.1902800,0.1495500,0.1543700,51485138,1759881599999,2025-10-07 23:59:59,8578316.7331100,124464,24289633,4051005.7403700
1759881600000,2025-10-08 00:00:00,0.1544100,0.1573200,0.1470800,0.1531700,34981407,1759967999999,2025-10-08 23:59:59,5336733.0059700,77902,17754145,2711500.6889800
1759968000000,2025-10-09 00:00:00,0.1531800,0.1642300,0.1361000,0.1395800,41944232,1760054399999,2025-10-09 23:59:59,6215888.4832200,105934,18911082,2804308.7105000
1760054400000,2025-10-10 00:00:00,0.1396600,0.1424900,0.0339300,0.0989400,89405518,1760140799999,2025-10-10 23:59:59,9556769.4677300,141507,40223966,4372683.0805800
1760140800000,2025-10-11 00:00:00,0.0989400,0.1194800,0.0861700,0.1053300,77783036,1760227199999,2025-10-11 23:59:59,8054272.9689600,147599,38457310,3996889.2041100
1760227200000,2025-10-12 00:00:00,0.1053500,0.1155700,0.1017400,0.1125800,42242902,1760313599999,2025-10-12 23:59:59,4594506.7447200,86957,21098257,2293760.3490900
1760313600000,2025-10-13 00:00:00,0.1125800,0.1206500,0.1090200,0.1156600,48611634,1760399999999,2025-10-13 23:59:59,5526292.7721400,76351,23510822,2673366.9671300
1760400000000,2025-10-14 00:00:00,0.1158200,0.1861600,0.1093800,0.1730300,379718188,1760486399999,2025-10-14 23:59:59,59037653.6726300,654015,187376816,29162726.4035600
1760486400000,2025-10-15 00:00:00,0.1729800,0.1850200,0.1364200,0.1370800,343271092,1760572799999,2025-10-15 23:59:59,54849413.3854900,673146,166518076,26630560.3064100
1760572800000,2025-10-16 00:00:00,0.1370300,0.1397000,0.1196800,0.1279400,131184873,1760659199999,2025-10-16 23:59:59,16971465.7611800,323162,64682615,8364913.7659800
1760659200000,2025-10-17 00:00:00,0.1279100,0.1295500,0.1128800,0.1191000,64584171,1760745599999,2025-10-17 23:59:59,7703931.1375300,173385,31404186,3744678.5017900
1760745600000,2025-10-18 00:00:00,0.1191000,0.1370600,0.1178300,0.1298100,49304840,1760831999999,2025-10-18 23:59:59,6170347.5815600,110313,24032864,3009474.4144300
1760832000000,2025-10-19 00:00:00,0.1298200,0.1378600,0.1198000,0.1308400,47602245,1760918399999,2025-10-19 23:59:59,6160502.3879300,101317,23378644,3027190.9229900
1760918400000,2025-10-20 00:00:00,0.1308200,0.1440800,0.1162000,0.1184900,47819163,1761004799999,2025-10-20 23:59:59,6180769.1211400,104945,22485360,2914615.0604700
1761004800000,2025-10-21 00:00:00,0.1184200,0.1341500,0.1162200,0.1209800,58891002,1761091199999,2025-10-21 23:59:59,7317470.5620800,101770,28522809,3538857.5927200
1761091200000,2025-10-22 00:00:00,0.1209000,0.1254100,0.1127400,0.1191800,35198769,1761177599999,2025-10-22 23:59:59,4213714.5969700,80824,17638134,2113192.7696800
1761177600000,2025-10-23 00:00:00,0.1192300,0.1249600,0.1175900,0.1226400,19928259,1761263999999,2025-10-23 23:59:59,2408926.3536800,49499,9479675,1145653.1606500
1761264000000,2025-10-24 00:00:00,0.1226000,0.1264400,0.1161500,0.1222300,16706947,1761350399999,2025-10-24 23:59:59,2014254.2443200,44385,8208288,988297.8164700
1761350400000,2025-10-25 00:00:00,0.1221700,0.1348800,0.1213600,0.1256400,25011140,1761436799999,2025-10-25 23:59:59,3173858.0997800,61878,11725106,1488218.8746800
1761436800000,2025-10-26 00:00:00,0.1256200,0.1354200,0.1215600,0.1319300,22931208,1761523199999,2025-10-26 23:59:59,2935295.2360600,62951,10946289,1399856.1709100
1761523200000,2025-10-27 00:00:00,0.1319400,0.1653200,0.1318900,0.1382400,327091688,1761609599999,2025-10-27 23:59:59,50193605.0187200,700698,157082896,24110206.2576200
1761609600000,2025-10-28 00:00:00,0.1382900,0.1384800,0.1238000,0.1293000,68013561,1761695999999,2025-10-28 23:59:59,8967346.7259300,185491,32389468,4266161.4260700
1761696000000,2025-10-29 00:00:00,0.1293000,0.2060400,0.1272800,0.1896300,1311822474,1761782399999,2025-10-29 23:59:59,231535007.1803800,3195598,671729375,118634090.0172600
1761782400000,2025-10-30 00:00:00,0.1895000,0.2060000,0.1506600,0.1602800,795853022,1761868799999,2025-10-30 23:59:59,142937877.7241800,1623904,403083467,72500084.0227300
1761868800000,2025-10-31 00:00:00,0.1602900,0.1823500,0.1536400,0.1639200,160038534,1761955199999,2025-10-31 23:59:59,26545396.7304100,605119,79108641,13125936.0525800
1761955200000,2025-11-01 00:00:00,0.1639100,0.1948700,0.1581200,0.1681500,154765817,1762041599999,2025-11-01 23:59:59,26912191.4611900,713019,76877462,13374328.8239500
1762041600000,2025-11-02 00:00:00,0.1681700,0.1756200,0.1528400,0.1597700,77868888,1762127999999,2025-11-02 23:59:59,12778803.0712500,342787,37887078,6216784.8626600
1762128000000,2025-11-03 00:00:00,0.1597700,0.1605900,0.1353900,0.1408300,60025802,1762214399999,2025-11-03 23:59:59,8605323.2056200,234516,28106975,4025252.4328800
1762214400000,2025-11-04 00:00:00,0.1408200,0.1473600,0.1200000,0.1289000,49060361,1762300799999,2025-11-04 23:59:59,6602076.0080400,123296,24455338,3295653.6049700
1762300800000,2025-11-05 00:00:00,0.1288800,0.1289900,0.1190800,0.1241600,36675875,1762387199999,2025-11-05 23:59:59,4556797.2662700,92701,17900816,2224493.3275800
1762387200000,2025-11-06 00:00:00,0.1241200,0.5571400,0.1175600,0.3460900,5136323015,1762473599999,2025-11-06 23:59:59,1790704954.8984200,12459058,2582776626,900772608.4650100
1762473600000,2025-11-07 00:00:00,0.3460600,0.4189600,0.2402500,0.2728300,1231681379,1762559999999,2025-11-07 23:59:59,373590398.9288100,6053240,617852037,187410396.2461300
1762560000000,2025-11-08 00:00:00,0.2728300,0.2766100,0.2113100,0.2238400,498523290,1762646399999,2025-11-08 23:59:59,116492491.2487400,2572830,241734616,56494319.9953100
1762646400000,2025-11-09 00:00:00,0.2238400,0.3557700,0.2034500,0.2692400,1455902294,1762732799999,2025-11-09 23:59:59,412997151.3852400,7580411,722421007,204866912.6766600
1762732800000,2025-11-10 00:00:00,0.2692400,0.2759200,0.2406900,0.2453900,446742824,1762819199999,2025-11-10 23:59:59,115100240.6822300,2466496,220195093,56766549.9383000
1762819200000,2025-11-11 00:00:00,0.2453900,0.2539000,0.2080000,0.2092700,245030124,1762905599999,2025-11-11 23:59:59,55846362.5816600,1441678,119539731,27239880.0890700
1762905600000,2025-11-12 00:00:00,0.2092800,0.2305000,0.1974300,0.1989900,209288779,1762991999999,2025-11-12 23:59:59,44395433.5099400,1163603,105378001,22377646.3214700
1762992000000,2025-11-13 00:00:00,0.1990100,0.2055300,0.1711300,0.1778500,235079377,1763078399999,2025-11-13 23:59:59,44586330.4973600,1070360,116748068,22142992.6900100
1763078400000,2025-11-14 00:00:00,0.1778400,0.1940200,0.1635900,0.1724400,173091149,1763164799999,2025-11-14 23:59:59,30426587.3181500,818805,89675476,15776121.1459400
1763164800000,2025-11-15 00:00:00,0.1724400,0.1830600,0.1637600,0.1704200,133651416,1763251199999,2025-11-15 23:59:59,22931083.7606500,608670,66394169,11394220.3403000
1763251200000,2025-11-16 00:00:00,0.1704200,0.1768500,0.1555300,0.1646600,156763719,1763337599999,2025-11-16 23:59:59,25973548.7477900,612391,77137115,12792375.4607200
1763337600000,2025-11-17 00:00:00,0.1646600,0.1659000,0.1494100,0.1504200,128711101,1763423999999,2025-11-17 23:59:59,20006173.8676700,479691,64776671,10060922.9596400
1763424000000,2025-11-18 00:00:00,0.1504200,0.1603700,0.1449900,0.1539300,156619002,1763510399999,2025-11-18 23:59:59,23779914.3218900,544448,76570553,11625815.9963600
1763510400000,2025-11-19 00:00:00,0.1539400,0.1543000,0.1388400,0.1461200,284624705,1763596799999,2025-11-19 23:59:59,41894096.0603400,680093,141745097,20856751.2376600
1763596800000,2025-11-20 00:00:00,0.1461200,0.1475300,0.1265800,0.1324000,111692820,1763683199999,2025-11-20 23:59:59,15342120.5270500,346253,53541926,7343644.8199900
1763683200000,2025-11-21 00:00:00,0.1324000,0.1810200,0.1260400,0.1369200,468449198,1763769599999,2025-11-21 23:59:59,69460947.8995600,1608170,229842499,34091510.5326700
1763769600000,2025-11-22 00:00:00,0.1369200,0.1450200,0.1223200,0.1241600,190844558,1763855999999,2025-11-22 23:59:59,24720427.8735900,573024,93134162,12071330.7908300
1763856000000,2025-11-23 00:00:00,0.1241600,0.1329300,0.1207500,0.1237500,107035261,1763942399999,2025-11-23 23:59:59,13459985.4557800,371059,51982538,6536707.5241300
1763942400000,2025-11-24 00:00:00,0.1237500,0.1497400,0.1228400,0.1347600,302144291,1764028799999,2025-11-24 23:59:59,41232904.2899100,956799,143112996,19526902.6451400
1764028800000,2025-11-25 00:00:00,0.1347600,0.1445800,0.1251400,0.1297500,151740926,1764115199999,2025-11-25 23:59:59,20199131.9843400,456830,72471228,9656074.1345200
1764115200000,2025-11-26 00:00:00,0.1297400,0.1340500,0.1223200,0.1325300,97186161,1764201599999,2025-11-26 23:59:59,12411968.8840400,303794,46569702,5953987.1197900
1764201600000,2025-11-27 00:00:00,0.1325100,0.1429500,0.1268200,0.1308700,150233126,1764287999999,2025-11-27 23:59:59,19863706.2906700,467112,74000860,9777930.5801300
1764288000000,2025-11-28 00:00:00,0.1308300,0.1369300,0.1271200,0.1283500,101294355,1764374399999,2025-11-28 23:59:59,13379416.5751000,357016,48158531,6355747.4497600
1764374400000,2025-11-29 00:00:00,0.1283500,0.1355000,0.1241300,0.1302600,71248720,1764460799999,2025-11-29 23:59:59,9272139.9843000,263477,33815925,4401270.9791800
1764460800000,2025-11-30 00:00:00,0.1302500,0.1328900,0.1228300,0.1252200,64099243,1764547199999,2025-11-30 23:59:59,8178219.5386900,233340,31857085,4062779.4106300
1764547200000,2025-12-01 00:00:00,0.1252200,0.1254500,0.1080100,0.1146600,89693318,1764633599999,2025-12-01 23:59:59,10247637.6646700,276225,43283036,4943520.9038500
1764633600000,2025-12-02 00:00:00,0.1146000,0.1208100,0.1131800,0.1148200,70787719,1764719999999,2025-12-02 23:59:59,8264119.0668700,257869,35271029,4118258.0102500
1764720000000,2025-12-03 00:00:00,0.1148300,0.2050000,0.1138200,0.1963700,1918169679,1764806399999,2025-12-03 23:59:59,319956628.0823700,4389998,981663826,163952485.6334600
1764806400000,2025-12-04 00:00:00,0.1963100,0.1966000,0.1451700,0.1483600,1739181289,1764892799999,2025-12-04 23:59:59,292849420.0156000,3771846,859837986,144760225.7316600
1764892800000,2025-12-05 00:00:00,0.1483500,0.2023000,0.1425800,0.1672000,2070688091,1764979199999,2025-12-05 23:59:59,372384970.5414700,5536546,1032940144,185760919.2216600
1764979200000,2025-12-06 00:00:00,0.1672400,0.1715900,0.1506800,0.1692000,512248142,1765065599999,2025-12-06 23:59:59,82019069.7850100,1492972,250706204,40150841.8133000
1765065600000,2025-12-07 00:00:00,0.1692000,0.1723400,0.1503000,0.1575600,297201938,1765151999999,2025-12-07 23:59:59,47498923.8444000,1037039,148769658,23784764.9707000
1765152000000,2025-12-08 00:00:00,0.1575600,0.1687400,0.1529900,0.1574500,198222370,1765238399999,2025-12-08 23:59:59,31513700.9447200,790139,97167728,15445953.0588800
1765238400000,2025-12-09 00:00:00,0.1574600,0.1677800,0.1502700,0.1520700,176705609,1765324799999,2025-12-09 23:59:59,27669339.9918600,645080,85589271,13401571.2563100
1765324800000,2025-12-10 00:00:00,0.1520700,0.1560500,0.1381500,0.1408700,139775589,1765411199999,2025-12-10 23:59:59,20508095.5049600,501137,65931604,9666648.1964000
1765411200000,2025-12-11 00:00:00,0.1408600,0.1724000,0.1358300,0.1571500,528018137,1765497599999,2025-12-11 23:59:59,84075833.9654300,1837914,258003959,41091294.1068900
1765497600000,2025-12-12 00:00:00,0.1571500,0.1586200,0.1431700,0.1437300,150438068,1765583999999,2025-12-12 23:59:59,22601123.1494600,548578,72703260,10926174.8335500
1765584000000,2025-12-13 00:00:00,0.1437400,0.1467700,0.1394100,0.1459600,78956374,1765670399999,2025-12-13 23:59:59,11314596.0894400,342059,39780627,5703434.0969800
1765670400000,2025-12-14 00:00:00,0.1459500,0.1559000,0.1415400,0.1449200,131615326,1765756799999,2025-12-14 23:59:59,19385509.7776700,528663,65361836,9624942.8623600
1765756800000,2025-12-15 00:00:00,0.1449300,0.1533500,0.1359500,0.1360700,101081705,1765843199999,2025-12-15 23:59:59,14658064.8573700,396595,48644322,7058022.2490500
1765843200000,2025-12-16 00:00:00,0.1360800,0.1415200,0.1308000,0.1382000,75592101,1765929599999,2025-12-16 23:59:59,10337938.3648600,329562,36522473,4994862.1151700
1765929600000,2025-12-17 00:00:00,0.1381900,0.1424800,0.1262900,0.1265700,65133378,1766015999999,2025-12-17 23:59:59,8761118.2446800,291403,31205823,4197461.4562500
1766016000000,2025-12-18 00:00:00,0.1265600,0.1330400,0.1190600,0.1266900,60030681,1766102399999,2025-12-18 23:59:59,7558070.6864700,240382,28162530,3548066.7885000
1766102400000,2025-12-19 00:00:00,0.1266900,0.1337100,0.1240800,0.1275100,67558393,1766188799999,2025-12-19 23:59:59,8661492.8347100,301287,32647543,4187505.8990100
1766188800000,2025-12-20 00:00:00,0.1275100,0.1329600,0.1244600,0.1251400,67330607,1766275199999,2025-12-20 23:59:59,8569004.4476700,338893,32884798,4186679.2746300
1766275200000,2025-12-21 00:00:00,0.1251300,0.1303000,0.1203100,0.1211600,77825867,1766361599999,2025-12-21 23:59:59,9634603.2309700,386281,37849630,4683044.1523600
1766361600000,2025-12-22 00:00:00,0.1211300,0.1252300,0.1150100,0.1192900,112392876,1766447999999,2025-12-22 23:59:59,13516057.2850200,518187,53910886,6483518.2805000
1766448000000,2025-12-23 00:00:00,0.1192700,0.1229300,0.1122100,0.1151100,86759629,1766534399999,2025-12-23 23:59:59,10166245.0376300,367395,41272547,4836588.2430500
1766534400000,2025-12-24 00:00:00,0.1151200,0.1305400,0.1111100,0.1254900,157739321,1766620799999,2025-12-24 23:59:59,19198038.2926700,522243,77768103,9468069.7198600
1766620800000,2025-12-25 00:00:00,0.1255000,0.1319500,0.1162300,0.1176600,129153169,1766707199999,2025-12-25 23:59:59,15995867.7885900,414089,63036154,7818070.2960900
1766707200000,2025-12-26 00:00:00,0.1176500,0.1269500,0.1172100,0.1231000,67326049,1766793599999,2025-12-26 23:59:59,8238338.9355600,280156,31680029,3875462.1543700
1766793600000,2025-12-27 00:00:00,0.1231100,0.1251400,0.1210000,0.1228700,40859179,1766879999999,2025-12-27 23:59:59,5020168.0549300,176504,19551701,2403020.9179800
1766880000000,2025-12-28 00:00:00,0.1228700,0.1297600,0.1212300,0.1229500,67663617,1766966399999,2025-12-28 23:59:59,8487971.2030100,254162,33025840,4144993.4176700
1766966400000,2025-12-29 00:00:00,0.1229300,0.1284500,0.1203100,0.1247100,51353609,1767052799999,2025-12-29 23:59:59,6382273.6369500,180038,25545685,3175731.3251200
1767052800000,2025-12-30 00:00:00,0.1246900,0.1265500,0.1193600,0.1230600,43152673,1767139199999,2025-12-30 23:59:59,5305815.8197800,164749,20262698,2491460.7644000
1767139200000,2025-12-31 00:00:00,0.1230500,0.1585000,0.1227400,0.1315000,424295951,1767225599999,2025-12-31 23:59:59,60410814.5320100,1139514,209681038,29860283.4026500
1767225600000,2026-01-01 00:00:00,0.1314700,0.1467700,0.1292800,0.1363000,144501926,1767311999999,2026-01-01 23:59:59,19634178.9847600,390955,72309380,9826755.4294300
1767312000000,2026-01-02 00:00:00,0.1363000,0.1689300,0.1343200,0.1526000,208959294,1767398399999,2026-01-02 23:59:59,31847459.1380100,798118,103721889,15807266.7800100
1767398400000,2026-01-03 00:00:00,0.1526000,0.1859100,0.1511400,0.1711600,471190482,1767484799999,2026-01-03 23:59:59,80561929.6150300,1622495,236101224,40378577.9280800
1767484800000,2026-01-04 00:00:00,0.1711500,0.1836000,0.1614300,0.1621800,185728333,1767571199999,2026-01-04 23:59:59,32047052.2076100,650819,92466178,15962948.0469000
1767571200000,2026-01-05 00:00:00,0.1621800,0.1647800,0.1515000,0.1567000,115941275,1767657599999,2026-01-05 23:59:59,18251087.3822200,394823,54297829,8546726.2461200
1767657600000,2026-01-06 00:00:00,0.1567200,0.1669700,0.1521600,0.1585800,95129917,1767743999999,2026-01-06 23:59:59,15182890.7009400,363296,46998759,7502350.1389900
1767744000000,2026-01-07 00:00:00,0.1585800,0.1588800,0.1435900,0.1446900,53886394,1767830399999,2026-01-07 23:59:59,8071785.8372200,208957,24752159,3707395.9790800
1767830400000,2026-01-08 00:00:00,0.1447200,0.1468200,0.1353800,0.1388900,56832381,1767916799999,2026-01-08 23:59:59,7961204.7680400,226645,26937017,3774398.2730400
1767916800000,2026-01-09 00:00:00,0.1388900,0.1449600,0.1366400,0.1417600,44000214,1768003199999,2026-01-09 23:59:59,6212641.1675900,187563,21270285,3004605.2649200
1768003200000,2026-01-10 00:00:00,0.1417800,0.1419400,0.1369200,0.1403500,28871560,1768089599999,2026-01-10 23:59:59,4010115.1886300,109516,14151136,1966235.6558700
1768089600000,2026-01-11 00:00:00,0.1403500,0.1472500,0.1373500,0.1396700,64747683,1768175999999,2026-01-11 23:59:59,9224639.2930100,236287,31374201,4472106.9572100
1768176000000,2026-01-12 00:00:00,0.1396700,0.1482500,0.1327700,0.1386400,67120821,1768262399999,2026-01-12 23:59:59,9370186.1752400,234102,32847416,4591245.7205700
1768262400000,2026-01-13 00:00:00,0.1386100,0.1482800,0.1375700,0.1472000,62617674,1768348799999,2026-01-13 23:59:59,8988552.5288400,227721,30237264,4341352.0558900
1768348800000,2026-01-14 00:00:00,0.1472100,0.1506000,0.1411600,0.1416300,53222207,1768435199999,2026-01-14 23:59:59,7760535.4513700,221748,25816109,3766092.2928500
1768435200000,2026-01-15 00:00:00,0.1416300,0.1444300,0.1315700,0.1355900,47271992,1768521599999,2026-01-15 23:59:59,6514203.9177400,195840,22165798,3056774.2534700
1768521600000,2026-01-16 00:00:00,0.1355800,0.1399300,0.1332100,0.1390000,30401645,1768607999999,2026-01-16 23:59:59,4174078.8576300,125554,15251739,2094471.8886300
1768608000000,2026-01-17 00:00:00,0.1390100,0.1396100,0.1347300,0.1351600,19341565,1768694399999,2026-01-17 23:59:59,2651671.0818500,83523,9024137,1237785.2050800
1768694400000,2026-01-18 00:00:00,0.1351500,0.1397200,0.1320000,0.1327300,25174623,1768780799999,2026-01-18 23:59:59,3442011.7883800,109167,12678225,1734269.6446900
1768780800000,2026-01-19 00:00:00,0.1327300,0.1327900,0.1100000,0.1279500,44248457,1768867199999,2026-01-19 23:59:59,5557415.6570100,196405,21023141,2643966.7919200
1768867200000,2026-01-20 00:00:00,0.1279500,0.1300000,0.1217800,0.1237900,38396756,1768953599999,2026-01-20 23:59:59,4810969.1498700,162672,18940319,2375907.7380100
1768953600000,2026-01-21 00:00:00,0.1238000,0.1290200,0.1211500,0.1239200,26121339,1769039999999,2026-01-21 23:59:59,3260961.0264400,121990,13146558,1641190.3136200
1769040000000,2026-01-22 00:00:00,0.1239000,0.1259600,0.1196100,0.1214000,20417029,1769126399999,2026-01-22 23:59:59,2503632.4462100,85738,10036791,1230984.1745400
1769126400000,2026-01-23 00:00:00,0.1213900,0.1328200,0.1211600,0.1258700,32878626,1769212799999,2026-01-23 23:59:59,4179041.1134300,141603,17283213,2196591.7573800
1769212800000,2026-01-24 00:00:00,0.1258600,0.1282500,0.1188900,0.1236100,28394415,1769299199999,2026-01-24 23:59:59,3535555.2681600,102717,13648914,1702283.6477100
1769299200000,2026-01-25 00:00:00,0.1236500,0.1265400,0.1121400,0.1162800,26115092,1769385599999,2026-01-25 23:59:59,3145409.5963500,105001,12661124,1527124.5434500
1769385600000,2026-01-26 00:00:00,0.1162800,0.1221600,0.1158800,0.1205200,18677093,1769471999999,2026-01-26 23:59:59,2237342.0371800,86986,9392296,1125282.0181700
1769472000000,2026-01-27 00:00:00,0.1205200,0.1223100,0.1182000,0.1219500,15322135,1769558399999,2026-01-27 23:59:59,1842122.2464900,68702,7829850,941409.3845500
1769558400000,2026-01-28 00:00:00,0.1219500,0.1247100,0.1190000,0.1199000,18166484,1769644799999,2026-01-28 23:59:59,2205515.8305400,81424,9054846,1100352.8931200
1769644800000,2026-01-29 00:00:00,0.1199100,0.1229400,0.1098900,0.1102600,29155261,1769731199999,2026-01-29 23:59:59,3360315.9536500,120645,13651075,1575562.3455100
1769731200000,2026-01-30 00:00:00,0.1102600,0.1158600,0.1063900,0.1134200,30713938,1769817599999,2026-01-30 23:59:59,3419458.2911300,124845,15784977,1757385.0026900
1769817600000,2026-01-31 00:00:00,0.1134400,0.1137000,0.0889200,0.1006500,36279153,1769903999999,2026-01-31 23:59:59,3685710.4427100,132105,17585173,1784871.3305200
1769904000000,2026-02-01 00:00:00,0.1006700,0.1046300,0.0951800,0.0963500,30956059,1769990399999,2026-02-01 23:59:59,3115845.4203400,216096,15026177,1512785.7911100
1769990400000,2026-02-02 00:00:00,0.0963600,0.1043000,0.0957000,0.1030300,34141819,1770076799999,2026-02-02 23:59:59,3420895.4718600,333972,17382402,1740712.9166200
1770076800000,2026-02-03 00:00:00,0.1030300,0.1040700,0.0962500,0.0994100,25934054,1770163199999,2026-02-03 23:59:59,2610203.2659100,243119,12467435,1254894.1696900
1770163200000,2026-02-04 00:00:00,0.0994000,0.1015600,0.0948300,0.0970700,26914220,1770249599999,2026-02-04 23:59:59,2637710.8491400,110818,13650316,1337592.8057200
1770249600000,2026-02-05 00:00:00,0.0970600,0.0988000,0.0758500,0.0763100,54912607,1770335999999,2026-02-05 23:59:59,4782678.5655200,215575,26502967,2312218.1442100
1770336000000,2026-02-06 00:00:00,0.0762700,0.0893500,0.0682900,0.0874800,54851101,1770422399999,2026-02-06 23:59:59,4350836.0023800,183993,27276177,2166933.7339100
1770422400000,2026-02-07 00:00:00,0.0875000,0.0879300,0.0807900,0.0831700,30377281,1770508799999,2026-02-07 23:59:59,2540557.3218700,101023,15303435,1280100.5693100
1770508800000,2026-02-08 00:00:00,0.0831800,0.0846300,0.0802300,0.0816600,22354043,1770595199999,2026-02-08 23:59:59,1844040.2985400,72671,11328599,934851.0207200
1770595200000,2026-02-09 00:00:00,0.0816400,0.0829000,0.0772100,0.0821800,22227533,1770681599999,2026-02-09 23:59:59,1790837.1275900,76517,10912888,878973.6642100
1770681600000,2026-02-10 00:00:00,0.0821800,0.0859900,0.0806400,0.0813300,49962028,1770767999999,2026-02-10 23:59:59,4143000.1049500,152894,25049710,2077996.8896200
1770768000000,2026-02-11 00:00:00,0.0813400,0.0845200,0.0770200,0.0820200,52206286,1770854399999,2026-02-11 23:59:59,4165105.7495900,144449,25586716,2042168.9670600
1770854400000,2026-02-12 00:00:00,0.0820300,0.0885600,0.0806100,0.0847800,44724526,1770940799999,2026-02-12 23:59:59,3773414.6084300,122713,23866077,2015388.3363600
1770940800000,2026-02-13 00:00:00,0.0847900,0.0946700,0.0846900,0.0909600,124488154,1771027199999,2026-02-13 23:59:59,11181289.2612900,307131,59712922,5368450.2244200
1771027200000,2026-02-14 00:00:00,0.0909600,0.0946900,0.0897800,0.0911400,34532405,1771113599999,2026-02-14 23:59:59,3175704.9101600,91616,17182259,1580493.5129400
1771113600000,2026-02-15 00:00:00,0.0911500,0.0952100,0.0834100,0.0847400,33401627,1771199999999,2026-02-15 23:59:59,2967982.1620000,94250,15606872,1392010.7782900
1771200000000,2026-02-16 00:00:00,0.0847300,0.0954100,0.0834700,0.0883300,43386733,1771286399999,2026-02-16 23:59:59,3845424.2631500,113580,21924893,1945559.9158000
1771286400000,2026-02-17 00:00:00,0.0883400,0.0906600,0.0856400,0.0895700,25108262,1771372799999,2026-02-17 23:59:59,2208837.9266400,80002,12175762,1072179.7641500
1771372800000,2026-02-18 00:00:00,0.0895800,0.0900100,0.0831100,0.0837000,21478503,1771459199999,2026-02-18 23:59:59,1866077.5541800,67730,10157863,883280.9304800
1771459200000,2026-02-19 00:00:00,0.0837200,0.0845500,0.0798100,0.0822600,13705852,1771545599999,2026-02-19 23:59:59,1129077.0772600,54408,6768323,557560.0117900
1771545600000,2026-02-20 00:00:00,0.0822300,0.0989000,0.0805700,0.0889800,104861791,1771631999999,2026-02-20 23:59:59,9495100.4430600,261318,50975217,4611584.8200300
1771632000000,2026-02-21 00:00:00,0.0889800,0.0971300,0.0855300,0.0934500,95180356,1771718399999,2026-02-21 23:59:59,8718899.7880300,201143,45356645,4157745.5172400
1771718400000,2026-02-22 00:00:00,0.0934500,0.1047100,0.0889300,0.0947200,468405965,1771804799999,2026-02-22 23:59:59,46485774.4941400,882314,229078171,22749996.9473800
1771804800000,2026-02-23 00:00:00,0.0947600,0.0988500,0.0893900,0.0940200,111365015,1771891199999,2026-02-23 23:59:59,10456574.0678000,283021,53042967,4979182.9765000
1771891200000,2026-02-24 00:00:00,0.0940300,0.0960700,0.0852100,0.0869100,60649394,1771977599999,2026-02-24 23:59:59,5367012.2310900,188458,29056635,2571645.9040000
1771977600000,2026-02-25 00:00:00,0.0869100,0.0986500,0.0863600,0.0920900,53732074,1772063999999,2026-02-25 23:59:59,4904805.4649300,165085,27236323,2486850.3165200
1772064000000,2026-02-26 00:00:00,0.0921000,0.0982900,0.0870900,0.0891300,65547113,1772150399999,2026-02-26 23:59:59,6058343.9057300,185760,30551975,2826799.9411400
1772150400000,2026-02-27 00:00:00,0.0891400,0.0961100,0.0874400,0.0923200,76814667,1772236799999,2026-02-27 23:59:59,7017952.8471600,207443,38320596,3505714.2442100
1772236800000,2026-02-28 00:00:00,0.0922700,0.0935200,0.0825300,0.0867900,40414754,1772323199999,2026-02-28 23:59:59,3518743.0340900,135547,18643844,1622241.8898700
1772323200000,2026-03-01 00:00:00,0.0867900,0.0881400,0.0791700,0.0797700,29902367,1772409599999,2026-03-01 23:59:59,2509782.2465200,102484,14183985,1191136.5041400
1772409600000,2026-03-02 00:00:00,0.0797500,0.0865700,0.0789000,0.0845500,38064668,1772495999999,2026-03-02 23:59:59,3146812.9320600,126604,19011074,1572561.5301600
1772496000000,2026-03-03 00:00:00,0.0845400,0.0846200,0.0797200,0.0811300,24693688,1772582399999,2026-03-03 23:59:59,2025058.6386900,93466,11081468,909275.9008300
1772582400000,2026-03-04 00:00:00,0.0811500,0.0898700,0.0786200,0.0834200,58828141,1772668799999,2026-03-04 23:59:59,4955570.0445100,156281,28833382,2432103.5796700
1772668800000,2026-03-05 00:00:00,0.0834400,0.0844100,0.0771200,0.0788400,35789653,1772755199999,2026-03-05 23:59:59,2913980.7760800,98517,16237837,1325479.7998900
1772755200000,2026-03-06 00:00:00,0.0788400,0.0796500,0.0737600,0.0762000,38725319,1772841599999,2026-03-06 23:59:59,2958193.9127600,119596,19085651,1458509.2506600
1772841600000,2026-03-07 00:00:00,0.0761700,0.0763500,0.0717500,0.0736500,23425122,1772927999999,2026-03-07 23:59:59,1741283.3917900,62763,10766719,800369.9814900
1772928000000,2026-03-08 00:00:00,0.0736400,0.0775200,0.0715300,0.0747300,31613397,1773014399999,2026-03-08 23:59:59,2347794.5941500,94097,16008497,1189523.3298000
1773014400000,2026-03-09 00:00:00,0.0747300,0.0775600,0.0731300,0.0737100,29383092,1773100799999,2026-03-09 23:59:59,2217479.8771800,84557,13676330,1033513.8959400
1773100800000,2026-03-10 00:00:00,0.0736900,0.0757500,0.0723900,0.0728200,26598065,1773187199999,2026-03-10 23:59:59,1969369.5798200,69312,12372142,916481.8297100
1773187200000,2026-03-11 00:00:00,0.0728100,0.0779900,0.0725000,0.0770500,60124561,1773273599999,2026-03-11 23:59:59,4501517.9669600,141067,29127366,2181930.4565200
1773273600000,2026-03-12 00:00:00,0.0770500,0.0792300,0.0754000,0.0781300,29034657,1773359999999,2026-03-12 23:59:59,2242607.8922100,76363,14795106,1143226.7327100
1773360000000,2026-03-13 00:00:00,0.0781300,0.0789200,0.0757700,0.0764400,26375831,1773446399999,2026-03-13 23:59:59,2036961.5412000,69134,12122586,936753.6899100
1773446400000,2026-03-14 00:00:00,0.0764200,0.0774800,0.0748300,0.0757600,12595751,1773532799999,2026-03-14 23:59:59,957089.5865000,41679,5999405,456039.6614200
1773532800000,2026-03-15 00:00:00,0.0757600,0.0799600,0.0756100,0.0768600,21971869,1773619199999,2026-03-15 23:59:59,1702175.1740500,77449,11359809,880275.7812200
1773619200000,2026-03-16 00:00:00,0.0768700,0.0814700,0.0766600,0.0804100,25829207,1773705599999,2026-03-16 23:59:59,2035905.6691300,75512,13223134,1042470.1297300
1773705600000,2026-03-17 00:00:00,0.0804000,0.0833900,0.0783500,0.0785000,34441763,1773791999999,2026-03-17 23:59:59,2785180.8269500,99494,16490251,1333840.9554800
1773792000000,2026-03-18 00:00:00,0.0785000,0.0798000,0.0736800,0.0745100,22111502,1773878399999,2026-03-18 23:59:59,1696061.3273100,73878,10429079,800841.8204900
1773878400000,2026-03-19 00:00:00,0.0745100,0.0754200,0.0698800,0.0708300,22647610,1773964799999,2026-03-19 23:59:59,1629878.8368200,66896,10895417,784575.9834700
1773964800000,2026-03-20 00:00:00,0.0708300,0.0747400,0.0708000,0.0724100,17327079,1774051199999,2026-03-20 23:59:59,1261380.6716200,42290,8528045,620560.7060300
1774051200000,2026-03-21 00:00:00,0.0724100,0.0779600,0.0721800,0.0739800,20242986,1774137599999,2026-03-21 23:59:59,1508731.0052400,53480,9678923,721215.1823800
1774137600000,2026-03-22 00:00:00,0.0739800,0.0744300,0.0709900,0.0715800,16833133,1774223999999,2026-03-22 23:59:59,1225895.7084900,41508,7983508,581395.4271700
1774224000000,2026-03-23 00:00:00,0.0715900,0.0754100,0.0710500,0.0743700,18238760,1774310399999,2026-03-23 23:59:59,1340849.9842600,61915,9344069,686833.0309900
1774310400000,2026-03-24 00:00:00,0.0744300,0.0806700,0.0730800,0.0779600,40836111,1774396799999,2026-03-24 23:59:59,3150820.0118100,88671,19172193,1478059.5767300
1774396800000,2026-03-25 00:00:00,0.0779600,0.0789600,0.0736200,0.0742700,20780140,1774483199999,2026-03-25 23:59:59,1583429.5421600,45617,10328326,788320.2473300
1774483200000,2026-03-26 00:00:00,0.0742400,0.0751000,0.0676700,0.0694300,18683213,1774569599999,2026-03-26 23:59:59,1323488.8655700,54629,9367734,664003.8119300
1774569600000,2026-03-27 00:00:00,0.0694300,0.0724700,0.0667100,0.0668600,16048901,1774655999999,2026-03-27 23:59:59,1115283.2614300,55195,7718341,536627.7715200
1774656000000,2026-03-28 00:00:00,0.0668500,0.0690700,0.0653400,0.0665200,12471827,1774742399999,2026-03-28 23:59:59,836088.6445100,31505,5872325,393663.5401100
1774742400000,2026-03-29 00:00:00,0.0665200,0.0669500,0.0616400,0.0634200,17596264,1774828799999,2026-03-29 23:59:59,1143566.8882900,39726,8647998,562851.8238800
1774828800000,2026-03-30 00:00:00,0.0634600,0.0676400,0.0629500,0.0641800,19367616,1774915199999,2026-03-30 23:59:59,1266283.4208200,45791,9293090,607575.5931100
1774915200000,2026-03-31 00:00:00,0.0641900,0.0694000,0.0640300,0.0657300,44515442,1775001599999,2026-03-31 23:59:59,2967364.4869700,81276,21582811,1438823.1736500
1775001600000,2026-04-01 00:00:00,0.0656900,0.0661300,0.0635900,0.0657900,19121781,1775087999999,2026-04-01 23:59:59,1243010.8140500,40331,8575073,558172.9169400
1775088000000,2026-04-02 00:00:00,0.0657600,0.0719100,0.0633400,0.0704900,40700709,1775174399999,2026-04-02 23:59:59,2750662.7906500,84073,20071013,1356288.1768000
1775174400000,2026-04-03 00:00:00,0.0704300,0.0782300,0.0681700,0.0685100,109551118,1775260799999,2026-04-03 23:59:59,8064142.2791200,185008,51997381,3825603.6263200
1775260800000,2026-04-04 00:00:00,0.0685100,0.0714800,0.0668600,0.0677900,27454869,1775347199999,2026-04-04 23:59:59,1888752.7473500,64676,14080826,969300.3243000
1775347200000,2026-04-05 00:00:00,0.0678200,0.0685500,0.0652300,0.0664500,18621002,1775433599999,2026-04-05 23:59:59,1248095.3120000,45656,9767310,655128.5293700
1775433600000,2026-04-06 00:00:00,0.0664400,0.0697500,0.0656600,0.0664100,19383056,1775519999999,2026-04-06 23:59:59,1314275.8899500,47704,9425890,639581.5753200
1775520000000,2026-04-07 00:00:00,0.0664000,0.0697000,0.0651300,0.0696600,15185258,1775606399999,2026-04-07 23:59:59,1011586.4757900,40092,6931570,462041.1776800
1775606400000,2026-04-08 00:00:00,0.0696600,0.0706700,0.0676500,0.0697100,25206377,1775692799999,2026-04-08 23:59:59,1744625.7361700,42573,12049946,833955.3082100
1775692800000,2026-04-09 00:00:00,0.0696800,0.0838900,0.0684600,0.0735000,190445866,1775779199999,2026-04-09 23:59:59,14727012.7634500,269455,92850987,7186729.6532100
1775779200000,2026-04-10 00:00:00,0.0735200,0.0765200,0.0718200,0.0758600,46581954,1775865599999,2026-04-10 23:59:59,3443830.9293200,92557,21406194,1584012.5483300
1775865600000,2026-04-11 00:00:00,0.0758200,0.0774500,0.0729300,0.0741300,25972328,1775951999999,2026-04-11 23:59:59,1948880.7492300,72745,12342196,926857.2708700
1775952000000,2026-04-12 00:00:00,0.0741300,0.0744000,0.0690800,0.0698500,17889836,1776038399999,2026-04-12 23:59:59,1278388.9773900,54502,8307631,593763.6286100
1776038400000,2026-04-13 00:00:00,0.0698700,0.0758600,0.0693200,0.0741100,33800890,1776124799999,2026-04-13 23:59:59,2461316.5307100,85043,17291182,1258002.7966800
1776124800000,2026-04-14 00:00:00,0.0741100,0.0799100,0.0727400,0.0761300,28138482,1776211199999,2026-04-14 23:59:59,2133392.9279500,82131,14180071,1075351.8106700
1776211200000,2026-04-15 00:00:00,0.0761300,0.0765900,0.0723400,0.0737300,19660149,1776297599999,2026-04-15 23:59:59,1466099.7339500,58840,8755920,652831.4296300
1776297600000,2026-04-16 00:00:00,0.0737400,0.0797400,0.0730800,0.0793700,27966187,1776383999999,2026-04-16 23:59:59,2130141.7018100,76751,14065913,1072616.1364600
1776384000000,2026-04-17 00:00:00,0.0793200,0.1332000,0.0788600,0.0994200,1189704375,1776470399999,2026-04-17 23:59:59,128930675.0284700,1613032,570013900,61817893.8755800
1776470400000,2026-04-18 00:00:00,0.0994100,0.1002600,0.0819400,0.0819600,149016990,1776556799999,2026-04-18 23:59:59,13414624.3805900,363738,67985604,6114690.8017900
1776556800000,2026-04-19 00:00:00,0.0819600,0.0990000,0.0814100,0.0908800,145907716,1776643199999,2026-04-19 23:59:59,13077430.3770300,475415,73468519,6581200.9786500
1776643200000,2026-04-20 00:00:00,0.0908300,0.0954000,0.0855100,0.0933000,105680603,1776729599999,2026-04-20 23:59:59,9493705.0044100,337006,50859581,4569592.6915300
1776729600000,2026-04-21 00:00:00,0.0933100,0.0936200,0.0853800,0.0883700,42860155,1776815999999,2026-04-21 23:59:59,3787912.0359300,145057,20545069,1815421.8085500
1776816000000,2026-04-22 00:00:00,0.0883700,0.0967600,0.0866700,0.0889700,72933705,1776902399999,2026-04-22 23:59:59,6654056.6721800,219463,35981918,3284574.7040700
1776902400000,2026-04-23 00:00:00,0.0889600,0.0935000,0.0865300,0.0892500,59206098,1776988799999,2026-04-23 23:59:59,5324964.9971100,160574,28220707,2540371.4529800
1776988800000,2026-04-24 00:00:00,0.0892700,0.0966000,0.0879000,0.0917000,55422365,1777075199999,2026-04-24 23:59:59,5050749.6232700,153078,26091952,2381243.1698000
1777075200000,2026-04-25 00:00:00,0.0917200,0.1178000,0.0908300,0.0943100,265345945,1777161599999,2026-04-25 23:59:59,26757672.9776900,706174,124654547,12585940.2298700
1777161600000,2026-04-26 00:00:00,0.0943200,0.0983100,0.0934100,0.0952500,39035521,1777247999999,2026-04-26 23:59:59,3726958.3281100,131867,19176620,1831446.8628600
1777248000000,2026-04-27 00:00:00,0.0952800,0.0977600,0.0888700,0.0909700,33951662,1777334399999,2026-04-27 23:59:59,3164187.7256700,112872,15656583,1461612.7002800
1777334400000,2026-04-28 00:00:00,0.0909700,0.0936800,0.0883800,0.0890500,19376752,1777420799999,2026-04-28 23:59:59,1760322.0811900,71378,9739231,884628.4608600
1777420800000,2026-04-29 00:00:00,0.0890200,0.0945400,0.0867100,0.0888600,58366943,1777507199999,2026-04-29 23:59:59,5341953.3708500,157746,28454758,2606118.2151200
1777507200000,2026-04-30 00:00:00,0.0888800,0.0924000,0.0875100,0.0900400,32563888,1777593599999,2026-04-30 23:59:59,2926251.4685400,99575,15926115,1431362.2969500
1777593600000,2026-05-01 00:00:00,0.0900400,0.0973500,0.0885300,0.0963300,53433200,1777679999999,2026-05-01 23:59:59,4951687.7332100,140447,25232792,2339204.9510000
1777680000000,2026-05-02 00:00:00,0.0963000,0.1050000,0.0928800,0.0936400,99861276,1777766399999,2026-05-02 23:59:59,9848382.2606900,254512,47128755,4652648.2777600
1777766400000,2026-05-03 00:00:00,0.0936600,0.0938500,0.0897000,0.0915700,28420820,1777852799999,2026-05-03 23:59:59,2611441.9838700,82586,13996391,1286696.4097800
1777852800000,2026-05-04 00:00:00,0.0915700,0.1003100,0.0911100,0.0966000,54680896,1777939199999,2026-05-04 23:59:59,5294089.6876000,155837,27070326,2620294.2362400
1777939200000,2026-05-05 00:00:00,0.0965800,0.1015200,0.0965000,0.0991100,30479525,1778025599999,2026-05-05 23:59:59,3019394.9029700,97366,15356989,1522168.4712400
1778025600000,2026-05-06 00:00:00,0.0991000,0.1040500,0.0970500,0.1008200,34510483,1778111999999,2026-05-06 23:59:59,3465432.3718000,108037,16161370,1624613.1606100
1778112000000,2026-05-07 00:00:00,0.1008500,0.1129100,0.0988400,0.1062200,94327044,1778198399999,2026-05-07 23:59:59,9973820.6348300,245660,45283175,4787513.4588100
1778198400000,2026-05-08 00:00:00,0.1062800,0.1063600,0.1013700,0.1044500,22089085,1778284799999,2026-05-08 23:59:59,2294088.5013800,78737,10993824,1142026.2327100
1778284800000,2026-05-09 00:00:00,0.1044400,0.1097400,0.1041900,0.1062900,20651701,1778371199999,2026-05-09 23:59:59,2206678.0462900,83149,9775127,1044633.8540100
1778371200000,2026-05-10 00:00:00,0.1062800,0.1099200,0.1044600,0.1072600,16439732,1778457599999,2026-05-10 23:59:59,1752129.2138800,69558,7898114,842347.4594800
1778457600000,2026-05-11 00:00:00,0.1072500,0.1232100,0.1059200,0.1162000,75204754,1778543999999,2026-05-11 23:59:59,8458390.0766400,167777,36827998,4153227.8917700
1778544000000,2026-05-12 00:00:00,0.1161900,0.1400000,0.1155000,0.1212600,393464320,1778630399999,2026-05-12 23:59:59,50581718.2225600,749024,191503872,24640302.5145900
1778630400000,2026-05-13 00:00:00,0.1212600,0.1279600,0.1130100,0.1205900,81473282,1778716799999,2026-05-13 23:59:59,9865704.7115100,339301,38820659,4701713.4451000
1778716800000,2026-05-14 00:00:00,0.1205000,0.1424500,0.1193000,0.1365500,235954642,1778803199999,2026-05-14 23:59:59,31713740.5900400,728128,118598013,15952117.5946600
1778803200000,2026-05-15 00:00:00,0.1365600,0.1373800,0.1193100,0.1232500,89851370,1778889599999,2026-05-15 23:59:59,11546785.7027200,368491,42977219,5524229.0687400
1778889600000,2026-05-16 00:00:00,0.1232700,0.1333100,0.1173200,0.1261700,86227039,1778975999999,2026-05-16 23:59:59,10873994.7486300,421818,42500144,5364699.8411300
1778976000000,2026-05-17 00:00:00,0.1261700,0.1275600,0.1145500,0.1183400,31574210,1779062399999,2026-05-17 23:59:59,3885855.6840900,167478,15131815,1864152.7851100
1779062400000,2026-05-18 00:00:00,0.1183400,0.1196800,0.1058600,0.1063500,40027844,1779148799999,2026-05-18 23:59:59,4458995.2326200,217395,19316135,2150980.4271000
1779148800000,2026-05-19 00:00:00,0.1063400,0.1111000,0.0999200,0.1005100,31802092,1779235199999,2026-05-19 23:59:59,3360280.3339000,134791,16157147,1710496.6920500
1779235200000,2026-05-20 00:00:00,0.1004800,0.1178200,0.1004800,0.1119000,50929876,1779321599999,2026-05-20 23:59:59,5568824.8562500,185894,25826767,2820724.6077200
1779321600000,2026-05-21 00:00:00,0.1118600,0.1253000,0.1112100,0.1241400,101432340,1779407999999,2026-05-21 23:59:59,12161783.7209400,365746,50939222,6110481.9279500
1779408000000,2026-05-22 00:00:00,0.1240900,0.1356300,0.1151900,0.1167200,67355646,1779494399999,2026-05-22 23:59:59,8444500.7467300,266185,32725257,4103181.3318400
1779494400000,2026-05-23 00:00:00,0.1167500,0.1223900,0.1127900,0.1194000,25694200,1779580799999,2026-05-23 23:59:59,3023112.4194300,118311,12665530,1491939.3911300
1779580800000,2026-05-24 00:00:00,0.1194100,0.1237900,0.1091200,0.1112600,30742569,1779667199999,2026-05-24 23:59:59,3575333.9769000,120650,13603452,1580722.9197800
1779667200000,2026-05-25 00:00:00,0.1113000,0.1191500,0.1097100,0.1106900,27783696,1779753599999,2026-05-25 23:59:59,3173118.3819600,114304,13955621,1594208.8666300
1779753600000,2026-05-26 00:00:00,0.1107000,0.1124100,0.1069900,0.1077400,19159550,1779839999999,2026-05-26 23:59:59,2097603.5477700,98754,9053455,991357.5930700
1779840000000,2026-05-27 00:00:00,0.1077400,0.1092500,0.1009500,0.1019600,20929905,1779926399999,2026-05-27 23:59:59,2202197.6191200,107786,10192048,1072599.7630600
1779926400000,2026-05-28 00:00:00,0.1019600,0.1024300,0.0953500,0.0965300,24067071,1780012799999,2026-05-28 23:59:59,2348940.1363500,102710,11464311,1118291.9532100
1780012800000,2026-05-29 00:00:00,0.0965200,0.1086800,0.0939000,0.0989700,59742785,1780099199999,2026-05-29 23:59:59,6121281.4123600,215303,29448532,3013842.5051900
1780099200000,2026-05-30 00:00:00,0.0989200,0.1011700,0.0977400,0.0999100,24299014,1780185599999,2026-05-30 23:59:59,2410576.9532300,89935,12232019,1213505.0824400
1780185600000,2026-05-31 00:00:00,0.0999200,0.1020600,0.0917500,0.0948000,23798475,1780271999999,2026-05-31 23:59:59,2314214.0427500,93016,11506864,1119676.8767700
1780272000000,2026-06-01 00:00:00,0.0947900,0.0969200,0.0900700,0.0942700,21062334,1780358399999,2026-06-01 23:59:59,1972858.6328200,104249,10413588,975708.1906100
1780358400000,2026-06-02 00:00:00,0.0943000,0.0953700,0.0878600,0.0894400,26187996,1780444799999,2026-06-02 23:59:59,2396263.2996300,122396,12775143,1169925.4267700
1780444800000,2026-06-03 00:00:00,0.0894500,0.0954000,0.0882400,0.0907000,23289500,1780531199999,2026-06-03 23:59:59,2138530.2786100,102495,11459869,1053094.3367500
1780531200000,2026-06-04 00:00:00,0.0907000,0.0917500,0.0804600,0.0826900,29856319,1780617599999,2026-06-04 23:59:59,2516338.0069200,87356,14710719,1239449.8809900
1780617600000,2026-06-05 00:00:00,0.0826600,0.0830700,0.0716300,0.0738000,38835662,1780703999999,2026-06-05 23:59:59,2987770.8920100,168653,18129877,1396221.9700500
1780704000000,2026-06-06 00:00:00,0.0738100,0.0757900,0.0684700,0.0747300,26245211,1780790399999,2026-06-06 23:59:59,1914574.7945600,74198,13140018,959490.8761900
1780790400000,2026-06-07 00:00:00,0.0747500,0.0775100,0.0721400,0.0756300,19461365,1780876799999,2026-06-07 23:59:59,1461738.9436500,52555,10164997,763990.9059800
1780876800000,2026-06-08 00:00:00,0.0756300,0.0829200,0.0751000,0.0788200,55566592,1780963199999,2026-06-08 23:59:59,4457642.2074000,119908,27589164,2216052.8935200
1780963200000,2026-06-09 00:00:00,0.0788400,0.0820600,0.0749600,0.0800700,42560772,1781049599999,2026-06-09 23:59:59,3335193.8745200,153062,21042427,1651908.2771700
1781049600000,2026-06-10 00:00:00,0.0800600,0.0812200,0.0730500,0.0754200,27652783,1781135999999,2026-06-10 23:59:59,2147620.6301900,105516,13274175,1030159.2280500
1781136000000,2026-06-11 00:00:00,0.0754500,0.0852500,0.0754500,0.0824900,28942023,1781222399999,2026-06-11 23:59:59,2355972.1186200,103750,15316896,1247951.4708100
1781222400000,2026-06-12 00:00:00,0.0825000,0.0854000,0.0806400,0.0816900,22214685,1781308799999,2026-06-12 23:59:59,1833596.1353200,82279,10873895,897824.9400900
1781308800000,2026-06-13 00:00:00,0.0817000,0.0847800,0.0799500,0.0822700,17232088,1781395199999,2026-06-13 23:59:59,1419830.1795000,59375,8782765,722873.6385600
1781395200000,2026-06-14 00:00:00,0.0822700,0.0892500,0.0807200,0.0840900,34875274,1781481599999,2026-06-14 23:59:59,2934908.4366000,117309,17641635,1485105.8930800
1781481600000,2026-06-15 00:00:00,0.0840800,0.0882800,0.0824100,0.0836700,22984568,1781567999999,2026-06-15 23:59:59,1954788.8042900,81907,10342547,879730.2618500
1781568000000,2026-06-16 00:00:00,0.0836500,0.0843200,0.0805100,0.0828300,13196797,1781654399999,2026-06-16 23:59:59,1091459.5127500,60116,6259819,517821.6633500
1781654400000,2026-06-17 00:00:00,0.0828700,0.0870200,0.0789100,0.0799800,30466916,1781740799999,2026-06-17 23:59:59,2522439.3432800,111443,15576456,1289955.2190500
1781740800000,2026-06-18 00:00:00,0.0799600,0.0822700,0.0761000,0.0781900,21045860,1781827199999,2026-06-18 23:59:59,1679033.6305500,83750,10611564,847092.5392800
1781827200000,2026-06-19 00:00:00,0.0781600,0.0807800,0.0760600,0.0801900,15395213,1781913599999,2026-06-19 23:59:59,1204776.6325100,63133,7854100,614803.7538000
1781913600000,2026-06-20 00:00:00,0.0801500,0.0903700,0.0780500,0.0829800,62586269,1781999999999,2026-06-20 23:59:59,5275012.2510700,166638,30861494,2598167.3329600
1782000000000,2026-06-21 00:00:00,0.0829700,0.0857400,0.0817000,0.0827000,18702119,1782086399999,2026-06-21 23:59:59,1561294.7031200,63397,8881513,742007.9740900
1782086400000,2026-06-22 00:00:00,0.0826900,0.0853900,0.0803600,0.0808300,18314609,1782172799999,2026-06-22 23:59:59,1526557.8890300,62639,9185578,766026.6708500
1782172800000,2026-06-23 00:00:00,0.0808300,0.0898000,0.0804000,0.0849800,44644107,1782259199999,2026-06-23 23:59:59,3800502.4047800,145994,21446098,1823767.4580800
1782259200000,2026-06-24 00:00:00,0.0849800,0.0856200,0.0762900,0.0797400,41036641,1782345599999,2026-06-24 23:59:59,3326479.2630600,114385,20081406,1626792.3694300
1782345600000,2026-06-25 00:00:00,0.0797600,0.0838600,0.0770100,0.0810800,29662883,1782431999999,2026-06-25 23:59:59,2390838.4244100,81641,14759990,1191035.5768300
1782432000000,2026-06-26 00:00:00,0.0810600,0.0822700,0.0761700,0.0763600,19573723,1782518399999,2026-06-26 23:59:59,1538513.5582600,61062,9698116,762032.6609600
1782518400000,2026-06-27 00:00:00,0.0763800,0.0771400,0.0708800,0.0723200,15773430,1782604799999,2026-06-27 23:59:59,1164603.7679900,46650,7824215,577743.8544000
1782604800000,2026-06-28 00:00:00,0.0723500,0.0762700,0.0717100,0.0730400,18020885,1782691199999,2026-06-28 23:59:59,1335007.2282100,58491,9027478,668309.9451700
1782691200000,2026-06-29 00:00:00,0.0730400,0.0748900,0.0722900,0.0742700,12256246,1782777599999,2026-06-29 23:59:59,900361.2717800,40283,6388267,469076.3917700
1782777600000,2026-06-30 00:00:00,0.0742900,0.0745500,0.0706500,0.0713000,16422050,1782863999999,2026-06-30 23:59:59,1194717.9941700,38389,8174108,594293.4926700
1782864000000,2026-07-01 00:00:00,0.0712500,0.0739200,0.0701000,0.0722600,14681040,1782950399999,2026-07-01 23:59:59,1059743.1281400,29496,7107757,512979.7682000
1782950400000,2026-07-02 00:00:00,0.0722600,0.0778100,0.0715100,0.0760100,17374867,1783036799999,2026-07-02 23:59:59,1287265.7583900,32895,8856725,656258.0861500
1783036800000,2026-07-03 00:00:00,0.0760600,0.0774900,0.0752200,0.0762900,12003742,1783123199999,2026-07-03 23:59:59,913485.3669300,23268,5386009,410074.6488400
1783123200000,2026-07-04 00:00:00,0.0762300,0.0800300,0.0751200,0.0776600,10318423,1783209599999,2026-07-04 23:59:59,797170.0044800,22488,4897811,378349.8756700
1783209600000,2026-07-05 00:00:00,0.0776600,0.0800300,0.0760700,0.0766000,16734627,1783295999999,2026-07-05 23:59:59,1305306.3077500,33058,8378304,653609.1256900
1783296000000,2026-07-06 00:00:00,0.0765700,0.0773000,0.0725900,0.0763200,17737791,1783382399999,2026-07-06 23:59:59,1329397.9520300,35510,8464036,634770.7267300
1783382400000,2026-07-07 00:00:00,0.0763200,0.0766500,0.0730500,0.0735100,10589466,1783468799999,2026-07-07 23:59:59,796080.9687000,30826,5122129,384963.6626500
1783468800000,2026-07-08 00:00:00,0.0735500,0.0742500,0.0713000,0.0722400,6878736,1783555199999,2026-07-08 23:59:59,497408.9833900,16802,3360243,242867.0083400
1783555200000,2026-07-09 00:00:00,0.0722400,0.0745400,0.0714000,0.0729400,7311302,1783641599999,2026-07-09 23:59:59,533093.0111100,17164,3944051,287403.5008800
1783641600000,2026-07-10 00:00:00,0.0729200,0.0778200,0.0723200,0.0763800,12030177,1783727999999,2026-07-10 23:59:59,899958.7124400,28576,6084258,454938.1928300
1783728000000,2026-07-11 00:00:00,0.0763800,0.0807700,0.0754900,0.0755800,24204402,1783814399999,2026-07-11 23:59:59,1888151.8078300,48577,11942106,931122.0282200
1783814400000,2026-07-12 00:00:00,0.0755600,0.0814700,0.0751500,0.0800700,39666695,1783900799999,2026-07-12 23:59:59,3122485.9376100,88839,18744474,1476054.4932600
1783900800000,2026-07-13 00:00:00,0.0800700,0.0811800,0.0772700,0.0803000,28012947,1783987199999,2026-07-13 23:59:59,2215021.2143200,90069,12139222,960642.0598300
1783987200000,2026-07-14 00:00:00,0.0802200,0.0803300,0.0754200,0.0766000,17801321,1784073599999,2026-07-14 23:59:59,1380124.1709700,56607,8589206,666363.3541000
1784073600000,2026-07-15 00:00:00,0.0766100,0.0790000,0.0752300,0.0778200,13159423,1784159999999,2026-07-15 23:59:59,1015511.7034400,43591,6552323,505379.5082500
1784160000000,2026-07-16 00:00:00,0.0778200,0.0778600,0.0753200,0.0756500,8326373,1784246399999,2026-07-16 23:59:59,638725.4050000,29284,4398967,337570.4336200
1784246400000,2026-07-17 00:00:00,0.0756200,0.0779300,0.0733200,0.0737300,19135947,1784332799999,2026-07-17 23:59:59,1443274.2459400,46949,9162964,691997.8661900
1784332800000,2026-07-18 00:00:00,0.0737200,0.0739800,0.0718000,0.0739800,8021400,1784419199999,2026-07-18 23:59:59,586023.2868900,20112,3722066,271912.4270000
1784419200000,2026-07-19 00:00:00,0.0739600,0.0766400,0.0734300,0.0740800,10055043,1784505599999,2026-07-19 23:59:59,749864.9221800,33923,5055562,377044.2985500
1784505600000,2026-07-20 00:00:00,0.0740400,0.0833300,0.0725300,0.0804000,54047886,1784591999999,2026-07-20 23:59:59,4232139.5327700,98586,25616709,2009170.4943500
1784592000000,2026-07-21 00:00:00,0.0804100,0.0804400,0.0755100,0.0772900,17189956,1784678399999,2026-07-21 23:59:59,1338117.3976600,41055,7945915,619067.1349000
1784678400000,2026-07-22 00:00:00,0.0772700,0.0870000,0.0767600,0.0825200,45537638,1784764799999,2026-07-22 23:59:59,3749157.0163600,105735,23264578,1917210.0414500
1784764800000,2026-07-23 00:00:00,0.0824800,0.0843600,0.0772700,0.0784700,26875973,1784851199999,2026-07-23 23:59:59,2162095.2527000,78607,12404862,998502.1561200
1784851200000,2026-07-24 00:00:00,0.0784700,0.0824000,0.0770000,0.0776300,19321358,1784937599999,2026-07-24 23:59:59,1538406.3458900,57518,8910033,710032.4061900
1784937600000,2026-07-25 00:00:00,0.0776300,0.0799500,0.0762500,0.0774400,12996292,1785023999999,2026-07-25 23:59:59,1015396.9973100,39828,6241995,486719.1855800
1785024000000,2026-07-26 00:00:00,0.0774500,0.0806500,0.0771500,0.0800200,9219359,1785110399999,2026-07-26 23:59:59,725345.0680900,29960,4320946,339693.9432900
1785110400000,2026-07-27 00:00:00,0.0800800,0.0891700,0.0792200,0.0848800,55122411,1785196799999,2026-07-27 23:59:59,4593770.4119200,143808,26507608,2210185.2814200
1785196800000,2026-07-28 00:00:00,0.0849300,0.0853300,0.0772300,0.0798000,31874333,1785283199999,2026-07-28 23:59:59,2555249.8557900,74405,14185351,1134850.4413900
1785283200000,2026-07-29 00:00:00,0.0798400,0.0819600,0.0766300,0.0793300,20435144,1785369599999,2026-07-29 23:59:59,1628408.9428700,68754,9581808,764023.7331500
1785369600000,2026-07-30 00:00:00,0.0793300,0.0803000,0.0771400,0.0781600,12604462,1785455999999,2026-07-30 23:59:59,988704.6750200,41187,6185013,485053.3497100
1785456000000,2026-07-31 00:00:00,0.0782000,0.0828000,0.0780800,0.0808300,21988945,1785542399999,2026-07-31 23:59:59,1767844.0713500,72517,10872985,874804.3124400
1785542400000,2026-08-01 00:00:00,0.0808700,0.0828900,0.0786000,0.0808500,15712915,1785628799999,2026-08-01 23:59:59,1276264.7101600,34416,7448744,605672.3286200
1785628800000,2026-08-02 00:00:00,0.0808500,0.0833600,0.0795100,0.0811300,10384484,1785715199999,2026-08-02 23:59:59,845351.5523500,36000,4708498,383560.1728200
1785715200000,2026-08-03 00:00:00,0.0810900,0.0811100,0.0777500,0.0793800,9566850,1785801599999,2026-08-03 23:59:59,757774.3491400,31798,4824167,381907.6324600
1785801600000,2026-08-04 00:00:00,0.0793800,0.0805500,0.0781900,0.0782300,8637585,1785887999999,2026-08-04 23:59:59,684138.1125000,20832,3771793,298697.5522400
1785888000000,2026-08-05 00:00:00,0.0782300,0.0826100,0.0770400,0.0797700,11963291,1785974399999,2026-08-05 23:59:59,956225.8816600,32304,5678437,453828.8633000
1785974400000,2026-08-06 00:00:00,0.0796800,0.0839900,0.0794400,0.0825400,13556865,1786060799999,2026-08-06 23:59:59,1113497.9674600,32810,6583485,540372.2736600
1786060800000,2026-08-07 00:00:00,0.0824900,0.0839800,0.0788400,0.0804400,10287014,1786147199999,2026-08-07 23:59:59,837126.9721500,25076,4932488,401813.9749800
1786147200000,2026-08-08 00:00:00,0.0804500,0.0829600,0.0800600,0.0825700,6211877,1786233599999,2026-08-08 23:59:59,505633.4411800,22906,2985737,243256.6462000
1786233600000,2026-08-09 00:00:00,0.0825400,0.0846900,0.0810000,0.0812200,10392407,1786319999999,2026-08-09 23:59:59,863760.0018100,26788,5036800,418974.8209400
1786320000000,2026-08-10 00:00:00,0.0812000,0.0865700,0.0811100,0.0837400,11697799,1786406399999,2026-08-10 23:59:59,980993.3403700,33677,5628071,471764.8344900
1786406400000,2026-08-11 00:00:00,0.0837600,0.0845600,0.0791000,0.0798900,13344721,1786492799999,2026-08-11 23:59:59,1093133.7663900,33013,6216243,509795.5135600
1786492800000,2026-08-12 00:00:00,0.0798800,0.0832000,0.0762200,0.0772300,10087414,1786579199999,2026-08-12 23:59:59,806456.1419100,29341,4729679,378247.0418200
1786579200000,2026-08-13 00:00:00,0.0772100,0.0786600,0.0755300,0.0760200,10336331,1786665599999,2026-08-13 23:59:59,798604.7032400,29350,4906022,379174.6616700
1786665600000,2026-08-14 00:00:00,0.0760300,0.0781900,0.0748200,0.0770400,9543530,1786751999999,2026-08-14 23:59:59,727770.4926900,26910,4530960,345751.7730100
1786752000000,2026-08-15 00:00:00,0.0770300,0.0799400,0.0761100,0.0775900,15206478,1786838399999,2026-08-15 23:59:59,1183216.7877400,32299,7820394,608685.5198500
1786838400000,2026-08-16 00:00:00,0.0775900,0.0786900,0.0765500,0.0768200,8942721,1786924799999,2026-08-16 23:59:59,694520.9408600,22536,4199575,326315.0428800
1786924800000,2026-08-17 00:00:00,0.0768400,0.0780400,0.0746900,0.0769400,9905751,1787011199999,2026-08-17 23:59:59,759887.9948800,29572,4568160,350710.1562000
1787011200000,2026-08-18 00:00:00,0.0769000,0.0769600,0.0740400,0.0747800,9469982,1787097599999,2026-08-18 23:59:59,711703.4664500,34196,4443610,334037.6817000
1787097600000,2026-08-19 00:00:00,0.0748000,0.0783300,0.0740300,0.0767800,14303781,1787183999999,2026-08-19 23:59:59,1085262.6549700,36974,6581153,499047.1533400
1787184000000,2026-08-20 00:00:00,0.0767700,0.0803600,0.0762500,0.0797500,16885080,1787270399999,2026-08-20 23:59:59,1321628.0532100,43081,8320477,651480.0298800
1787270400000,2026-08-21 00:00:00,0.0797400,0.0858000,0.0766100,0.0850400,43036232,1787356799999,2026-08-21 23:59:59,3543136.9931000,77983,21422525,1763296.3309800
1787356800000,2026-08-22 00:00:00,0.0850400,0.0870000,0.0740800,0.0797100,30344898,1787443199999,2026-08-22 23:59:59,2481505.5936400,102460,14244804,1166938.7666500
