open_time,open_time_dt,open,high,low,close,volume,close_time,close_time_dt,quote_volume,trades_count,taker_buy_base,taker_buy_quote
1744459200000,2025-04-12 12:00:00,0.0588100,0.0983400,0.0588100,0.0935700,247029055,1744473599999,2025-04-12 15:59:59,20481477.7189100,145679,114139938,9476191.8530700
1744473600000,2025-04-12 16:00:00,0.0936600,0.1066300,0.0816000,0.0841100,464511105,1744487999999,2025-04-12 19:59:59,42977866.4682100,431726,224257229,20760113.7561000
1744488000000,2025-04-12 20:00:00,0.0841100,0.0893500,0.0763300,0.0864700,203553291,1744502399999,2025-04-12 23:59:59,17120271.9863300,182580,98881847,8323080.9651200
1744502400000,2025-04-13 00:00:00,0.0864400,0.0975800,0.0820000,0.0936300,269709538,1744516799999,2025-04-13 03:59:59,24558206.8802600,275106,131957768,12022975.7143900
1744516800000,2025-04-13 04:00:00,0.0936100,0.0980000,0.0788800,0.0799800,382530078,1744531199999,2025-04-13 07:59:59,34330460.7914900,375666,184157416,16562995.4476300
1744531200000,2025-04-13 08:00:00,0.0799400,0.0845000,0.0730400,0.0764400,329807139,1744545599999,2025-04-13 11:59:59,25930967.1871900,267620,158100648,12440412.5353600
1744545600000,2025-04-13 12:00:00,0.0764700,0.0792200,0.0685000,0.0693300,331579452,1744559999999,2025-04-13 15:59:59,24948661.6417500,277280,157029289,11824847.9042400
1744560000000,2025-04-13 16:00:00,0.0693200,0.0724000,0.0610000,0.0634400,257846725,1744574399999,2025-04-13 19:59:59,17558896.1559700,189047,125262421,8549413.9369200
1744574400000,2025-04-13 20:00:00,0.0634100,0.0665800,0.0582600,0.0597900,156492408,1744588799999,2025-04-13 23:59:59,9828486.3482200,121920,78886568,4953739.8455800
1744588800000,2025-04-14 00:00:00,0.0597900,0.0667600,0.0583600,0.0631600,119149451,1744603199999,2025-04-14 03:59:59,7476018.3699600,103886,57588518,3616420.7215900
1744603200000,2025-04-14 04:00:00,0.0631100,0.0664800,0.0589100,0.0614200,117355894,1744617599999,2025-04-14 07:59:59,7270464.2765200,97468,59650240,3701661.2606700
1744617600000,2025-04-14 08:00:00,0.0614700,0.0625000,0.0509800,0.0614000,278188624,1744631999999,2025-04-14 11:59:59,15932587.4998000,195523,135240625,7757491.1643600
1744632000000,2025-04-14 12:00:00,0.0614100,0.0621000,0.0500600,0.0516300,218995595,1744646399999,2025-04-14 15:59:59,12515258.1088000,156030,101378230,5798662.7472000
1744646400000,2025-04-14 16:00:00,0.0515900,0.0595000,0.0491000,0.0587100,132034250,1744660799999,2025-04-14 19:59:59,7168338.6313600,90415,64706490,3519449.4565200
1744660800000,2025-04-14 20:00:00,0.0586900,0.0628000,0.0561700,0.0612400,91590177,1744675199999,2025-04-14 23:59:59,5548776.9631000,91585,47370969,2871421.6006200
1744675200000,2025-04-15 00:00:00,0.0612800,0.0636300,0.0548200,0.0568200,101292279,1744689599999,2025-04-15 03:59:59,5944730.8838300,87585,50517029,2959361.5809800
1744689600000,2025-04-15 04:00:00,0.0568200,0.0769700,0.0551800,0.0743900,276255946,1744703999999,2025-04-15 07:59:59,19110804.2256900,268074,144975014,10005155.7430500
1744704000000,2025-04-15 08:00:00,0.0743900,0.0772300,0.0700700,0.0735700,379585438,1744718399999,2025-04-15 11:59:59,28007081.9764100,381731,184856983,13659152.7156500
1744718400000,2025-04-15 12:00:00,0.0736000,0.0780000,0.0717000,0.0743000,318832083,1744732799999,2025-04-15 15:59:59,24011280.1155000,303212,164804857,12422690.6628900
1744732800000,2025-04-15 16:00:00,0.0743000,0.0768000,0.0695700,0.0727200,260367045,1744747199999,2025-04-15 19:59:59,19175832.2770800,270954,128220455,9446317.5951900
1744747200000,2025-04-15 20:00:00,0.0727100,0.0770000,0.0718500,0.0755800,104621768,1744761599999,2025-04-15 23:59:59,7792577.8121000,104469,54183002,4036337.3935800
1744761600000,2025-04-16 00:00:00,0.0755600,0.0773800,0.0715000,0.0765000,170257480,1744775999999,2025-04-16 03:59:59,12678630.1331800,161362,83862758,6243019.6608600
1744776000000,2025-04-16 04:00:00,0.0764400,0.0766000,0.0707000,0.0715000,132652276,1744790399999,2025-04-16 07:59:59,9768502.4196500,131460,65351695,4812561.7644200
1744790400000,2025-04-16 08:00:00,0.0714900,0.0725000,0.0637200,0.0652200,147631903,1744804799999,2025-04-16 11:59:59,9936553.6988600,124870,69771967,4700500.5992500
1744804800000,2025-04-16 12:00:00,0.0652200,0.0662600,0.0627700,0.0639900,76813081,1744819199999,2025-04-16 15:59:59,4935211.4337800,58261,40782586,2621515.4878300
1744819200000,2025-04-16 16:00:00,0.0640000,0.0641700,0.0592600,0.0602000,89942300,1744833599999,2025-04-16 19:59:59,5536263.7206200,64775,42728496,2632926.9858100
1744833600000,2025-04-16 20:00:00,0.0602200,0.0603100,0.0582000,0.0584600,58449512,1744847999999,2025-04-16 23:59:59,3456468.0748200,42370,31379749,1856536.8161300
1744848000000,2025-04-17 00:00:00,0.0584600,0.0601700,0.0571000,0.0579700,51926669,1744862399999,2025-04-17 03:59:59,3035112.8282500,40593,27132062,1587451.2116400
1744862400000,2025-04-17 04:00:00,0.0579700,0.0589400,0.0552200,0.0564200,73286846,1744876799999,2025-04-17 07:59:59,4192401.4033200,52455,34507270,1976421.4499200
1744876800000,2025-04-17 08:00:00,0.0564600,0.0596000,0.0510400,0.0593400,113809023,1744891199999,2025-04-17 11:59:59,6294274.9922600,80910,55552581,3076180.8075600
1744891200000,2025-04-17 12:00:00,0.0593400,0.0742200,0.0576100,0.0712900,326651361,1744905599999,2025-04-17 15:59:59,21902931.4363500,249464,159543218,10707256.9678400
1744905600000,2025-04-17 16:00:00,0.0712900,0.0751700,0.0670000,0.0696400,184234076,1744919999999,2025-04-17 19:59:59,13115721.2605400,161560,90533353,6448270.9139900
1744920000000,2025-04-17 20:00:00,0.0696300,0.0714900,0.0673900,0.0688600,74659579,1744934399999,2025-04-17 23:59:59,5168687.0590700,73769,35584745,2464512.3989300
1744934400000,2025-04-18 00:00:00,0.0688400,0.0708600,0.0656400,0.0673500,61678670,1744948799999,2025-04-18 03:59:59,4175786.3713100,54182,30959131,2096493.3766500
1744948800000,2025-04-18 04:00:00,0.0673600,0.0776000,0.0585800,0.0743600,304595485,1744963199999,2025-04-18 07:59:59,21357966.9693600,213467,154344953,10831055.9026800
1744963200000,2025-04-18 08:00:00,0.0743400,0.0833300,0.0722400,0.0792600,380548596,1744977599999,2025-04-18 11:59:59,30074707.9222300,297426,200382285,15840002.8421600
1744977600000,2025-04-18 12:00:00,0.0792700,0.0805700,0.0773000,0.0792200,169410549,1744991999999,2025-04-18 15:59:59,13396481.4303900,135110,88165415,6976465.8541200
1744992000000,2025-04-18 16:00:00,0.0792100,0.0951200,0.0785000,0.0869300,377482863,1745006399999,2025-04-18 19:59:59,32629122.0792400,302786,205945232,17801869.0178800
1745006400000,2025-04-18 20:00:00,0.0869200,0.0903100,0.0857500,0.0865900,86369817,1745020799999,2025-04-18 23:59:59,7557086.3950800,88028,44436143,3889297.4122300
1745020800000,2025-04-19 00:00:00,0.0865800,0.0919700,0.0845000,0.0846300,125651357,1745035199999,2025-04-19 03:59:59,10953016.3705300,122541,62116873,5418360.1375600
1745035200000,2025-04-19 04:00:00,0.0846900,0.0890000,0.0797800,0.0824200,152557456,1745049599999,2025-04-19 07:59:59,12743711.1971800,144615,76386248,6386824.9313900
1745049600000,2025-04-19 08:00:00,0.0823400,0.0888800,0.0805600,0.0868600,92255716,1745063999999,2025-04-19 11:59:59,7844201.9780600,101433,50026760,4259941.6220100
1745064000000,2025-04-19 12:00:00,0.0868700,0.0875300,0.0830900,0.0843300,81033973,1745078399999,2025-04-19 15:59:59,6946501.8459400,98910,40168171,3446191.9316600
1745078400000,2025-04-19 16:00:00,0.0843100,0.0843300,0.0790900,0.0801300,77938950,1745092799999,2025-04-19 19:59:59,6365903.4703800,99021,39093926,3196192.8732400
1745092800000,2025-04-19 20:00:00,0.0801700,0.0877600,0.0790700,0.0849500,57736351,1745107199999,2025-04-19 23:59:59,4773936.8951000,72695,31797920,2631527.9262800
1745107200000,2025-04-20 00:00:00,0.0849600,0.0890000,0.0839600,0.0890000,67138719,1745121599999,2025-04-20 03:59:59,5844920.3408100,77134,36447024,3175628.9807200
1745121600000,2025-04-20 04:00:00,0.0889600,0.1114000,0.0884800,0.0932200,148278191,1745135999999,2025-04-20 07:59:59,14470770.4358900,183870,78711462,7688012.7983500
1745136000000,2025-04-20 08:00:00,0.0932300,0.0968800,0.0895100,0.0930900,72156435,1745150399999,2025-04-20 11:59:59,6725950.6120900,98023,36286291,3387132.0457700
1745150400000,2025-04-20 12:00:00,0.0931100,0.1029000,0.0913000,0.0992300,100588293,1745164799999,2025-04-20 15:59:59,9869131.7658600,124504,49408090,4849165.6187900
1745164800000,2025-04-20 16:00:00,0.0992000,0.1068800,0.0939500,0.0975200,89887835,1745179199999,2025-04-20 19:59:59,9059092.4583600,110707,44143775,4454778.8904200
1745179200000,2025-04-20 20:00:00,0.0975200,0.1099800,0.0961100,0.1066400,85569416,1745193599999,2025-04-20 23:59:59,8993208.3063900,115310,42585838,4476653.6645500
1745193600000,2025-04-21 00:00:00,0.1066200,0.1099800,0.0954400,0.1010700,104613261,1745207999999,2025-04-21 03:59:59,10674616.0972900,122242,53183500,5418073.5414400
1745208000000,2025-04-21 04:00:00,0.1011100,0.1119300,0.0988500,0.1011600,105498488,1745222399999,2025-04-21 07:59:59,11005082.9306900,160815,53129520,5545917.9193900
1745222400000,2025-04-21 08:00:00,0.1011400,0.1048300,0.0959400,0.1016700,62156272,1745236799999,2025-04-21 11:59:59,6218041.5294300,92544,32008751,3201260.2884100
1745236800000,2025-04-21 12:00:00,0.1016700,0.1070000,0.0996000,0.1060000,41934607,1745251199999,2025-04-21 15:59:59,4307399.2132600,60479,20880839,2145934.7944000
1745251200000,2025-04-21 16:00:00,0.1060200,0.1079900,0.1021000,0.1029200,35448545,1745265599999,2025-04-21 19:59:59,3732665.0983200,48686,16346986,1722104.1692700
1745265600000,2025-04-21 20:00:00,0.1029700,0.1029800,0.0998000,0.1003000,18728985,1745279999999,2025-04-21 23:59:59,1895135.6475900,36546,9109182,922195.2984000
1745280000000,2025-04-22 00:00:00,0.1002900,0.1017600,0.0930000,0.0935600,27373245,1745294399999,2025-04-22 03:59:59,2677161.3522800,38506,11629737,1139858.9271700
1745294400000,2025-04-22 04:00:00,0.0935400,0.0952600,0.0886800,0.0924000,44710539,1745308799999,2025-04-22 07:59:59,4120370.0330900,57063,23419102,2159507.3472600
1745308800000,2025-04-22 08:00:00,0.0923300,0.0976400,0.0909000,0.0937600,24071120,1745323199999,2025-04-22 11:59:59,2277653.1485500,34768,12143473,1149165.6472600
1745323200000,2025-04-22 12:00:00,0.0937700,0.0995200,0.0926600,0.0953500,24705394,1745337599999,2025-04-22 15:59:59,2364196.9407000,34949,11552312,1104925.3852500
1745337600000,2025-04-22 16:00:00,0.0953400,0.0997000,0.0946000,0.0971800,16748478,1745351999999,2025-04-22 19:59:59,1626594.2568100,23056,8468868,821799.0076000
1745352000000,2025-04-22 20:00:00,0.0972000,0.1061000,0.0967100,0.1029300,16463664,1745366399999,2025-04-22 23:59:59,1667514.3784100,25182,8274103,837120.8418000
1745366400000,2025-04-23 00:00:00,0.1029400,0.1054200,0.0982200,0.1030600,20611805,1745380799999,2025-04-23 03:59:59,2081591.1015800,34804,9963171,1006710.2354000
1745380800000,2025-04-23 04:00:00,0.1030500,0.1046000,0.0990200,0.0998000,17056206,1745395199999,2025-04-23 07:59:59,1740550.8280000,32460,8592052,876596.2435700
1745395200000,2025-04-23 08:00:00,0.0997500,0.1010300,0.0945200,0.0948900,23125901,1745409599999,2025-04-23 11:59:59,2253377.5638200,38733,12032724,1172980.0423700
1745409600000,2025-04-23 12:00:00,0.0949100,0.0984000,0.0920000,0.0971400,27402777,1745423999999,2025-04-23 15:59:59,2604830.5214900,32347,14702387,1397792.6911900
1745424000000,2025-04-23 16:00:00,0.0972000,0.0978700,0.0940600,0.0961900,23079991,1745438399999,2025-04-23 19:59:59,2220569.7906000,28368,10764721,1035505.7979400
1745438400000,2025-04-23 20:00:00,0.0961900,0.1046000,0.0961200,0.1020700,21163012,1745452799999,2025-04-23 23:59:59,2129120.8802000,28358,10453226,1051385.9616000
1745452800000,2025-04-24 00:00:00,0.1020600,0.1024600,0.0973100,0.0979200,18725147,1745467199999,2025-04-24 03:59:59,1868847.1014500,32981,9045699,903274.9544000
1745467200000,2025-04-24 04:00:00,0.0979100,0.1010000,0.0947200,0.0972600,31736392,1745481599999,2025-04-24 07:59:59,3098576.1327700,42125,15647129,1527816.2652200
1745481600000,2025-04-24 08:00:00,0.0971800,0.0994300,0.0939600,0.0975800,18723732,1745495999999,2025-04-24 11:59:59,1818832.2468100,26788,9984181,969904.5881800
1745496000000,2025-04-24 12:00:00,0.0976100,0.1028100,0.0955700,0.1017100,27301250,1745510399999,2025-04-24 15:59:59,2696084.7246000,31336,14260661,1409414.1139200
1745510400000,2025-04-24 16:00:00,0.1017100,0.1022200,0.0956300,0.0967300,15930204,1745524799999,2025-04-24 19:59:59,1564957.5924500,25644,7652714,750897.2383100
1745524800000,2025-04-24 20:00:00,0.0967300,0.1005200,0.0958500,0.0998100,10026579,1745539199999,2025-04-24 23:59:59,984452.8045400,15080,5315545,521247.6770400
1745539200000,2025-04-25 00:00:00,0.0998100,0.1083000,0.0971800,0.0977100,40848957,1745553599999,2025-04-25 03:59:59,4198305.8176500,42023,19881789,2047404.5586700
1745553600000,2025-04-25 04:00:00,0.0977700,0.1035000,0.0960000,0.1021200,17139674,1745567999999,2025-04-25 07:59:59,1723516.4631600,21782,9095652,914823.1683200
1745568000000,2025-04-25 08:00:00,0.1021200,0.1046600,0.0980600,0.0999000,16358059,1745582399999,2025-04-25 11:59:59,1647499.7059300,22626,7962433,802706.1309300
1745582400000,2025-04-25 12:00:00,0.0999500,0.1052000,0.0997000,0.1021500,25132342,1745596799999,2025-04-25 15:59:59,2580637.2040300,31630,12294305,1263790.8876400
1745596800000,2025-04-25 16:00:00,0.1021300,0.1036400,0.0994200,0.1032200,11658743,1745611199999,2025-04-25 19:59:59,1182388.4852000,22108,5088968,516380.5340300
1745611200000,2025-04-25 20:00:00,0.1031700,0.1193700,0.1019700,0.1163000,32405564,1745625599999,2025-04-25 23:59:59,3526023.6126800,40524,15863739,1733934.7733100
1745625600000,2025-04-26 00:00:00,0.1162300,0.1369500,0.1138000,0.1145600,105708618,1745639999999,2025-04-26 03:59:59,12852235.2438400,113792,50695886,6164369.5485700
1745640000000,2025-04-26 04:00:00,0.1145700,0.1156600,0.1088400,0.1091600,32660912,1745654399999,2025-04-26 07:59:59,3648993.1875400,45717,16123413,1803049.7493300
1745654400000,2025-04-26 08:00:00,0.1092100,0.1103400,0.1002500,0.1030500,43674550,1745668799999,2025-04-26 11:59:59,4572719.2870700,52240,21888233,2289655.5579200
1745668800000,2025-04-26 12:00:00,0.1030400,0.1041800,0.0909000,0.0963300,51313842,1745683199999,2025-04-26 15:59:59,5012160.4956700,61941,23881333,2331856.3767100
1745683200000,2025-04-26 16:00:00,0.0963300,0.0970400,0.0904900,0.0920500,18589098,1745697599999,2025-04-26 19:59:59,1734345.0474000,28528,9157594,855167.7928500
1745697600000,2025-04-26 20:00:00,0.0920800,0.0946900,0.0903700,0.0933300,18804192,1745711999999,2025-04-26 23:59:59,1733377.1326300,31682,9735112,897127.2132200
1745712000000,2025-04-27 00:00:00,0.0933000,0.0933900,0.0854900,0.0882100,44635508,1745726399999,2025-04-27 03:59:59,3951333.1058600,51931,20623289,1825479.5035400
1745726400000,2025-04-27 04:00:00,0.0882900,0.0897500,0.0837300,0.0856700,41868489,1745740799999,2025-04-27 07:59:59,3627906.9161900,48174,20114201,1744811.1726400
1745740800000,2025-04-27 08:00:00,0.0856900,0.0910200,0.0850500,0.0872200,27746588,1745755199999,2025-04-27 11:59:59,2435082.6338100,32569,14028783,1232218.2811900
1745755200000,2025-04-27 12:00:00,0.0872100,0.0909200,0.0854000,0.0877000,28887589,1745769599999,2025-04-27 15:59:59,2540393.7413200,33932,14325789,1260498.1645500
1745769600000,2025-04-27 16:00:00,0.0877000,0.0981700,0.0870400,0.0945300,40016570,1745783999999,2025-04-27 19:59:59,3757618.9790700,52015,19563764,1837104.0148400
1745784000000,2025-04-27 20:00:00,0.0944900,0.0983200,0.0937400,0.0971400,14348949,1745798399999,2025-04-27 23:59:59,1376719.6288700,23100,7078264,679424.2930700
1745798400000,2025-04-28 00:00:00,0.0971300,0.1012700,0.0945700,0.1000000,25572168,1745812799999,2025-04-28 03:59:59,2511550.1356600,31165,12024553,1181302.2264200
1745812800000,2025-04-28 04:00:00,0.1000100,0.1053700,0.0963600,0.0972000,27253288,1745827199999,2025-04-28 07:59:59,2739615.1872300,33025,13361366,1345067.8419900
1745827200000,2025-04-28 08:00:00,0.0972100,0.1015900,0.0956500,0.1001700,15001100,1745841599999,2025-04-28 11:59:59,1480903.7687900,22106,7185363,709892.1925200
1745841600000,2025-04-28 12:00:00,0.1002100,0.1055500,0.0977100,0.0992700,29249411,1745855999999,2025-04-28 15:59:59,2978263.8820200,38490,13384271,1363538.7092500
1745856000000,2025-04-28 16:00:00,0.0992500,0.1129300,0.0989200,0.1085000,45239320,1745870399999,2025-04-28 19:59:59,4851904.1709600,70711,23220777,2487514.7157400
1745870400000,2025-04-28 20:00:00,0.1085500,0.1135200,0.1068700,0.1123700,20167168,1745884799999,2025-04-28 23:59:59,2217245.0999300,38318,10498561,1154537.9439400
1745884800000,2025-04-29 00:00:00,0.1123500,0.1144800,0.1085500,0.1102100,18624699,1745899199999,2025-04-29 03:59:59,2077519.8006500,31733,8821844,984555.3218700
1745899200000,2025-04-29 04:00:00,0.1102100,0.1111100,0.1023100,0.1054600,20891036,1745913599999,2025-04-29 07:59:59,2231168.5512600,39700,10082606,1075347.1909300
1745913600000,2025-04-29 08:00:00,0.1055000,0.1104400,0.1012200,0.1066800,25694767,1745927999999,2025-04-29 11:59:59,2711927.8972900,40752,12998738,1371838.4310900
1745928000000,2025-04-29 12:00:00,0.1066000,0.1070000,0.0973400,0.0999000,30891361,1745942399999,2025-04-29 15:59:59,3107695.7022000,53343,14254115,1434507.0487700
1745942400000,2025-04-29 16:00:00,0.0999000,0.1034800,0.0985800,0.0989000,18034383,1745956799999,2025-04-29 19:59:59,1823844.2279600,25131,8504958,859606.9188500
1745956800000,2025-04-29 20:00:00,0.0988700,0.0998400,0.0909900,0.0933700,23597486,1745971199999,2025-04-29 23:59:59,2252870.3629500,26380,12214023,1167385.0115100
1745971200000,2025-04-30 00:00:00,0.0934000,0.0960000,0.0918600,0.0938900,16855413,1745985599999,2025-04-30 03:59:59,1583455.8640400,23423,8398708,789011.2077900
1745985600000,2025-04-30 04:00:00,0.0938400,0.0984900,0.0930500,0.0967900,9770518,1745999999999,2025-04-30 07:59:59,933252.5954800,17762,4533269,432793.6367300
1746000000000,2025-04-30 08:00:00,0.0966900,0.0995900,0.0961000,0.0977800,7475101,1746014399999,2025-04-30 11:59:59,731147.1954000,12697,3746374,366719.1371000
1746014400000,2025-04-30 12:00:00,0.0977400,0.0979200,0.0918500,0.0955500,15940468,1746028799999,2025-04-30 15:59:59,1507723.2361600,19097,7983422,755066.2422200
1746028800000,2025-04-30 16:00:00,0.0954900,0.0968400,0.0940100,0.0949600,3949286,1746043199999,2025-04-30 19:59:59,376755.3595800,8190,1923817,183665.1039100
1746043200000,2025-04-30 20:00:00,0.0950200,0.0962000,0.0945000,0.0952500,2742372,1746057599999,2025-04-30 23:59:59,261237.7009000,11046,1331228,126854.3970000
1746057600000,2025-05-01 00:00:00,0.0952800,0.0961100,0.0932000,0.0938600,7334189,1746071999999,2025-05-01 03:59:59,694183.7155200,10380,3501909,331383.3839100
1746072000000,2025-05-01 04:00:00,0.0938600,0.0942600,0.0916300,0.0924700,5508039,1746086399999,2025-05-01 07:59:59,511359.3450800,8191,2508302,232728.1804200
1746086400000,2025-05-01 08:00:00,0.0924000,0.0972400,0.0916300,0.0957700,7888574,1746100799999,2025-05-01 11:59:59,749102.7669500,9536,4202651,399191.9916700
1746100800000,2025-05-01 12:00:00,0.0958100,0.0970500,0.0933300,0.0941600,8087078,1746115199999,2025-05-01 15:59:59,769993.4664700,14418,3846229,366160.8272500
1746115200000,2025-05-01 16:00:00,0.0941900,0.0950700,0.0877800,0.0905600,17844079,1746129599999,2025-05-01 19:59:59,1619582.3026300,17754,8322038,755399.0995000
1746129600000,2025-05-01 20:00:00,0.0905800,0.0918000,0.0871200,0.0885800,9428611,1746143999999,2025-05-01 23:59:59,842453.5822200,12888,4321754,387003.1421700
1746144000000,2025-05-02 00:00:00,0.0885900,0.0902500,0.0863000,0.0875000,8470597,1746158399999,2025-05-02 03:59:59,747547.7974000,11371,3960337,349364.5631500
1746158400000,2025-05-02 04:00:00,0.0875500,0.0883900,0.0863500,0.0869400,6547866,1746172799999,2025-05-02 07:59:59,571972.2584000,9296,3160940,276232.0095000
1746172800000,2025-05-02 08:00:00,0.0868800,0.0937500,0.0865500,0.0875800,29144733,1746187199999,2025-05-02 11:59:59,2614541.5017000,28374,13859739,1244993.0877300
1746187200000,2025-05-02 12:00:00,0.0875600,0.0910700,0.0859600,0.0900300,12994465,1746201599999,2025-05-02 15:59:59,1150573.7406900,15031,6221201,550561.3762300
1746201600000,2025-05-02 16:00:00,0.0900700,0.0998700,0.0880500,0.0978700,55212996,1746215999999,2025-05-02 19:59:59,5233460.0938800,58284,26930117,2555845.1450800
1746216000000,2025-05-02 20:00:00,0.0979000,0.1081800,0.0950000,0.1074700,40375785,1746230399999,2025-05-02 23:59:59,4063355.2101500,44974,20547553,2066633.5938800
1746230400000,2025-05-03 00:00:00,0.1074700,0.1107200,0.1010800,0.1081500,71013123,1746244799999,2025-05-03 03:59:59,7529968.2213200,73226,35194419,3737480.8885100
1746244800000,2025-05-03 04:00:00,0.1080300,0.1094500,0.1002400,0.1018800,44768700,1746259199999,2025-05-03 07:59:59,4671131.1300600,49947,20705451,2162953.2288000
1746259200000,2025-05-03 08:00:00,0.1019000,0.1048900,0.1001900,0.1011500,38566452,1746273599999,2025-05-03 11:59:59,3945686.0836200,40998,18997685,1944381.2424700
1746273600000,2025-05-03 12:00:00,0.1011200,0.1048400,0.0961900,0.0980600,43261682,1746287999999,2025-05-03 15:59:59,4372636.6198100,49087,21109958,2134177.2191300
1746288000000,2025-05-03 16:00:00,0.0980600,0.1043300,0.0979200,0.1019800,46024806,1746302399999,2025-05-03 19:59:59,4700132.5281100,53490,23032157,2351064.8791100
1746302400000,2025-05-03 20:00:00,0.1019800,0.1049700,0.1016200,0.1022100,14043701,1746316799999,2025-05-03 23:59:59,1446359.8700900,24514,7469909,769995.4264300
1746316800000,2025-05-04 00:00:00,0.1022100,0.1043300,0.0990500,0.0992600,17090826,1746331199999,2025-05-04 03:59:59,1729132.1851000,27920,7519193,760011.3172400
1746331200000,2025-05-04 04:00:00,0.0992800,0.1014200,0.0977500,0.1009700,14175845,1746345599999,2025-05-04 07:59:59,1415842.5613900,22600,6570198,656168.6329000
1746345600000,2025-05-04 08:00:00,0.1009500,0.1057100,0.0999600,0.1047000,17919470,1746359999999,2025-05-04 11:59:59,1836094.9948800,28103,9251910,948102.8319100
1746360000000,2025-05-04 12:00:00,0.1046700,0.1066900,0.0999100,0.1014400,28195673,1746374399999,2025-05-04 15:59:59,2907407.9873400,36208,13262887,1367299.3782900
1746374400000,2025-05-04 16:00:00,0.1014300,0.1053300,0.0981000,0.1014000,22193314,1746388799999,2025-05-04 19:59:59,2267875.4496100,30507,10017180,1022684.3315600
1746388800000,2025-05-04 20:00:00,0.1013600,0.1048100,0.1005600,0.1011600,9469612,1746403199999,2025-05-04 23:59:59,968162.3898300,16996,5308471,543116.0524800
1746403200000,2025-05-05 00:00:00,0.1011500,0.1077700,0.1008500,0.1027300,22973098,1746417599999,2025-05-05 03:59:59,2379747.6694000,31671,11388221,1178758.1031000
1746417600000,2025-05-05 04:00:00,0.1027000,0.1038400,0.0992500,0.0999000,12376292,1746431999999,2025-05-05 07:59:59,1252021.8396900,23747,6285451,636559.9998600
1746432000000,2025-05-05 08:00:00,0.0998800,0.1001900,0.0925600,0.0948800,32833278,1746446399999,2025-05-05 11:59:59,3132289.1894700,46071,16607529,1583991.2811700
1746446400000,2025-05-05 12:00:00,0.0948600,0.0978500,0.0943700,0.0955300,14001025,1746460799999,2025-05-05 15:59:59,1339946.4394300,24606,6718716,643323.6987100
1746460800000,2025-05-05 16:00:00,0.0955400,0.1001900,0.0940800,0.0986400,17153808,1746475199999,2025-05-05 19:59:59,1668865.3383100,24192,8416785,818185.3916000
1746475200000,2025-05-05 20:00:00,0.0985900,0.0997200,0.0952500,0.0990000,14225956,1746489599999,2025-05-05 23:59:59,1389424.0762800,38780,6996172,683398.1311400
1746489600000,2025-05-06 00:00:00,0.0989400,0.0991900,0.0942200,0.0955200,18057412,1746503999999,2025-05-06 03:59:59,1742616.7444000,37645,9413844,908446.3584500
1746504000000,2025-05-06 04:00:00,0.0956000,0.1041500,0.0954900,0.0979500,27655377,1746518399999,2025-05-06 07:59:59,2781786.7116900,32640,13303568,1338741.1664900
1746518400000,2025-05-06 08:00:00,0.0979700,0.0992300,0.0936900,0.0943000,19334230,1746532799999,2025-05-06 11:59:59,1867018.3298200,24872,9762885,944664.0990100
1746532800000,2025-05-06 12:00:00,0.0943200,0.1023000,0.0916600,0.0997300,35863545,1746547199999,2025-05-06 15:59:59,3497097.4027500,45681,16755652,1632466.7011500
1746547200000,2025-05-06 16:00:00,0.0997600,0.1008400,0.0968500,0.0979600,15122364,1746561599999,2025-05-06 19:59:59,1490533.0820600,18897,7486641,738445.4018400
1746561600000,2025-05-06 20:00:00,0.0980200,0.1012200,0.0947300,0.1002800,12212612,1746575999999,2025-05-06 23:59:59,1200662.0100500,18484,5980102,588016.9467100
1746576000000,2025-05-07 00:00:00,0.1002600,0.1029400,0.0980500,0.0997400,11302472,1746590399999,2025-05-07 03:59:59,1136241.5822000,15361,5717908,574889.4644300
1746590400000,2025-05-07 04:00:00,0.0997300,0.1039900,0.0990800,0.1022600,14234922,1746604799999,2025-05-07 07:59:59,1450945.8119000,16322,7155028,729648.3876800
1746604800000,2025-05-07 08:00:00,0.1022700,0.1054100,0.0994300,0.1013300,12629763,1746619199999,2025-05-07 11:59:59,1288478.8652600,14556,6574378,670813.7508300
1746619200000,2025-05-07 12:00:00,0.1014100,0.1018900,0.0964100,0.0975200,10841572,1746633599999,2025-05-07 15:59:59,1071682.0935000,12658,5245196,518478.3837100
1746633600000,2025-05-07 16:00:00,0.0974900,0.0975200,0.0939700,0.0948500,9393246,1746647999999,2025-05-07 19:59:59,897421.5277200,11909,4781035,456876.5768600
1746648000000,2025-05-07 20:00:00,0.0948400,0.0962900,0.0936300,0.0953200,3713304,1746662399999,2025-05-07 23:59:59,352875.8964900,6169,2019543,192105.4353100
1746662400000,2025-05-08 00:00:00,0.0953400,0.1009100,0.0933300,0.0980300,11733688,1746676799999,2025-05-08 03:59:59,1133545.6315600,12189,6495978,627845.4004300
1746676800000,2025-05-08 04:00:00,0.0981100,0.0992000,0.0963500,0.0972900,8624149,1746691199999,2025-05-08 07:59:59,843348.8096200,10301,3756622,367541.6747300
1746691200000,2025-05-08 08:00:00,0.0973400,0.1005000,0.0969400,0.0991300,8206721,1746705599999,2025-05-08 11:59:59,809844.6546900,11462,3857282,380285.1327900
1746705600000,2025-05-08 12:00:00,0.0992000,0.1019200,0.0957100,0.1010700,45318827,1746719999999,2025-05-08 15:59:59,4477558.2439100,40271,22967057,2271234.7055100
1746720000000,2025-05-08 16:00:00,0.1010500,0.1021400,0.0953700,0.0975700,13147121,1746734399999,2025-05-08 19:59:59,1295142.3095800,14238,6824752,673557.2475800
1746734400000,2025-05-08 20:00:00,0.0975800,0.1014200,0.0971600,0.1005800,9662572,1746748799999,2025-05-08 23:59:59,956710.0415100,13194,4343535,430146.0124700
1746748800000,2025-05-09 00:00:00,0.1005800,0.1116000,0.1001100,0.1076500,29045731,1746763199999,2025-05-09 03:59:59,3083962.9413500,30597,14203533,1505961.4481200
1746763200000,2025-05-09 04:00:00,0.1076600,0.1111400,0.1040000,0.1051400,13518245,1746777599999,2025-05-09 07:59:59,1465031.0270200,16975,6501108,706154.4083900
1746777600000,2025-05-09 08:00:00,0.1051000,0.1089800,0.1020000,0.1061400,18406889,1746791999999,2025-05-09 11:59:59,1931947.1276300,21658,9461281,994157.5207000
1746792000000,2025-05-09 12:00:00,0.1061100,0.1081200,0.1033000,0.1050200,11298415,1746806399999,2025-05-09 15:59:59,1194992.3780800,13402,5478274,580416.8485700
1746806400000,2025-05-09 16:00:00,0.1049900,0.1079700,0.1042800,0.1073500,5634679,1746820799999,2025-05-09 19:59:59,599524.8785600,7635,2946475,313595.5987300
1746820800000,2025-05-09 20:00:00,0.1073400,0.1123800,0.1065200,0.1092400,8231389,1746835199999,2025-05-09 23:59:59,904697.1695400,9950,3561775,391180.1768400
1746835200000,2025-05-10 00:00:00,0.1091800,0.1139700,0.1056700,0.1077900,10520400,1746849599999,2025-05-10 03:59:59,1145647.6156700,12290,5591897,609573.9195000
1746849600000,2025-05-10 04:00:00,0.1078400,0.1087600,0.1047000,0.1057700,7278636,1746863999999,2025-05-10 07:59:59,774682.9264500,10546,3325868,354173.2903500
1746864000000,2025-05-10 08:00:00,0.1057000,0.1069600,0.0930400,0.0943700,31212996,1746878399999,2025-05-10 11:59:59,3038071.1528100,29752,14955575,1451908.2809900
1746878400000,2025-05-10 12:00:00,0.0942600,0.0969800,0.0933000,0.0942500,11580150,1746892799999,2025-05-10 15:59:59,1097405.8422600,15059,6463661,612916.7813500
1746892800000,2025-05-10 16:00:00,0.0942500,0.0968100,0.0874600,0.0944100,25079149,1746907199999,2025-05-10 19:59:59,2319427.8410200,25812,10177532,944289.0539900
1746907200000,2025-05-10 20:00:00,0.0944400,0.0956100,0.0920800,0.0954400,11911903,1746921599999,2025-05-10 23:59:59,1116451.2622300,17120,5786630,542811.1996100
1746921600000,2025-05-11 00:00:00,0.0954000,0.0972600,0.0931200,0.0958600,10711109,1746935999999,2025-05-11 03:59:59,1018368.5032300,14307,4960611,472248.0847300
1746936000000,2025-05-11 04:00:00,0.0958200,0.1002400,0.0936800,0.0961000,12262239,1746950399999,2025-05-11 07:59:59,1185224.8303400,15773,5421204,523544.1258300
1746950400000,2025-05-11 08:00:00,0.0960800,0.0983600,0.0942100,0.0964300,10069760,1746964799999,2025-05-11 11:59:59,967642.8887600,12601,4726389,454336.5816700
1746964800000,2025-05-11 12:00:00,0.0963900,0.0986700,0.0943300,0.0947700,8913386,1746979199999,2025-05-11 15:59:59,859194.4763800,12231,3756026,362367.3026300
1746979200000,2025-05-11 16:00:00,0.0948300,0.0960100,0.0927500,0.0935700,5399091,1746993599999,2025-05-11 19:59:59,508754.1593200,8483,2273379,214221.5925100
1746993600000,2025-05-11 20:00:00,0.0935700,0.0949900,0.0926800,0.0935700,3305290,1747007999999,2025-05-11 23:59:59,309804.8090000,10781,1522254,142692.7451000
1747008000000,2025-05-12 00:00:00,0.0935700,0.1007900,0.0933500,0.0974700,9461079,1747022399999,2025-05-12 03:59:59,917132.9351900,11086,5022185,487478.7220700
1747022400000,2025-05-12 04:00:00,0.0974800,0.1001800,0.0872700,0.0913100,26517321,1747036799999,2025-05-12 07:59:59,2493882.3113300,22419,11811797,1108076.8443700
1747036800000,2025-05-12 08:00:00,0.0913300,0.0939400,0.0829000,0.0875900,75488427,1747051199999,2025-05-12 11:59:59,6680716.3754500,72380,33665710,2990270.8941100
1747051200000,2025-05-12 12:00:00,0.0875500,0.0917000,0.0843900,0.0871400,49701487,1747065599999,2025-05-12 15:59:59,4384046.1329300,49433,23817660,2102236.7655700
1747065600000,2025-05-12 16:00:00,0.0871600,0.0920900,0.0858100,0.0902000,18706555,1747079999999,2025-05-12 19:59:59,1660829.0045700,19882,8777993,779907.9166500
1747080000000,2025-05-12 20:00:00,0.0901700,0.0910600,0.0872300,0.0874500,5539965,1747094399999,2025-05-12 23:59:59,493103.2136500,7688,2803631,249685.7954400
1747094400000,2025-05-13 00:00:00,0.0874700,0.0880500,0.0850100,0.0879800,10341304,1747108799999,2025-05-13 03:59:59,897104.9048500,10775,5569920,483282.2633400
1747108800000,2025-05-13 04:00:00,0.0879900,0.0950600,0.0872800,0.0947000,21635241,1747123199999,2025-05-13 07:59:59,1990451.9678100,19861,11623851,1070010.3608200
1747123200000,2025-05-13 08:00:00,0.0947200,0.1054100,0.0925600,0.0955600,83136048,1747137599999,2025-05-13 11:59:59,8022910.4960800,68286,38625849,3726446.3361100
1747137600000,2025-05-13 12:00:00,0.0955800,0.0965000,0.0906700,0.0918800,15521887,1747151999999,2025-05-13 15:59:59,1451888.1433800,17515,6848519,640669.6481500
1747152000000,2025-05-13 16:00:00,0.0919400,0.0995500,0.0890000,0.0986900,28423540,1747166399999,2025-05-13 19:59:59,2704389.0451800,29680,14485048,1377005.1584000
1747166400000,2025-05-13 20:00:00,0.0987800,0.1068700,0.0951100,0.1038100,23364871,1747180799999,2025-05-13 23:59:59,2346037.6346900,24023,11270688,1133912.7288900
1747180800000,2025-05-14 00:00:00,0.1038500,0.1051900,0.0993500,0.1003800,20105990,1747195199999,2025-05-14 03:59:59,2046060.1620000,24931,10189878,1036475.7281500
1747195200000,2025-05-14 04:00:00,0.1004400,0.1049800,0.1001100,0.1007500,9474582,1747209599999,2025-05-14 07:59:59,968411.4745700,11604,4108754,420262.6793800
1747209600000,2025-05-14 08:00:00,0.1006400,0.1026700,0.0990400,0.0995000,10489861,1747223999999,2025-05-14 11:59:59,1059783.6603100,17034,4619473,467420.3299400
1747224000000,2025-05-14 12:00:00,0.0995800,0.0998300,0.0954400,0.0965300,7181198,1747238399999,2025-05-14 15:59:59,697643.5426000,11165,3821421,371029.2351700
1747238400000,2025-05-14 16:00:00,0.0965200,0.0981100,0.0954400,0.0964000,4469668,1747252799999,2025-05-14 19:59:59,432196.2355200,6956,2272251,219917.0056300
1747252800000,2025-05-14 20:00:00,0.0963800,0.0970500,0.0941000,0.0950000,3970618,1747267199999,2025-05-14 23:59:59,377403.7737200,7169,1731824,164742.8532100
1747267200000,2025-05-15 00:00:00,0.0949900,0.0951000,0.0928000,0.0936400,3523141,1747281599999,2025-05-15 03:59:59,330998.9746400,6871,1935675,181936.4220300
1747281600000,2025-05-15 04:00:00,0.0936400,0.0946900,0.0898100,0.0899800,12298037,1747295999999,2025-05-15 07:59:59,1132517.6685700,12268,5510225,507096.3943100
1747296000000,2025-05-15 08:00:00,0.0900000,0.0937300,0.0899200,0.0924700,9260256,1747310399999,2025-05-15 11:59:59,853208.3473200,9694,4979017,458338.0304000
1747310400000,2025-05-15 12:00:00,0.0924900,0.0964600,0.0897800,0.0955300,12705754,1747324799999,2025-05-15 15:59:59,1173610.6683000,12463,6341900,586844.2022100
1747324800000,2025-05-15 16:00:00,0.0955900,0.0957200,0.0901900,0.0916000,8422861,1747339199999,2025-05-15 19:59:59,781521.7845300,12725,4143501,384120.6945200
1747339200000,2025-05-15 20:00:00,0.0916300,0.0933700,0.0897800,0.0926000,7611710,1747353599999,2025-05-15 23:59:59,699183.8396400,8802,4036007,370605.3527800
1747353600000,2025-05-16 00:00:00,0.0926100,0.0939200,0.0917100,0.0930600,5029072,1747367999999,2025-05-16 03:59:59,467205.1257600,9123,2349875,218398.0815700
1747368000000,2025-05-16 04:00:00,0.0930000,0.0940500,0.0923700,0.0933600,3477010,1747382399999,2025-05-16 07:59:59,323897.9943400,5993,1814155,169069.1697300
1747382400000,2025-05-16 08:00:00,0.0933700,0.0957500,0.0918500,0.0944800,5539634,1747396799999,2025-05-16 11:59:59,521041.8243200,6783,2760207,259472.0305100
1747396800000,2025-05-16 12:00:00,0.0945200,0.0947100,0.0916600,0.0928000,5907578,1747411199999,2025-05-16 15:59:59,550554.4173800,7651,3206815,298831.0393600
1747411200000,2025-05-16 16:00:00,0.0928200,0.0931200,0.0907300,0.0913200,3723621,1747425599999,2025-05-16 19:59:59,342626.8675700,6471,1615594,148786.0063100
1747425600000,2025-05-16 20:00:00,0.0913100,0.0916200,0.0892000,0.0900200,2939961,1747439999999,2025-05-16 23:59:59,265841.4072400,5675,1180431,106877.5275000
1747440000000,2025-05-17 00:00:00,0.0900500,0.0906100,0.0875000,0.0902500,3465843,1747454399999,2025-05-17 03:59:59,308720.1927700,5519,1627676,145135.1096000
1747454400000,2025-05-17 04:00:00,0.0902500,0.0946700,0.0901200,0.0922300,8561578,1747468799999,2025-05-17 07:59:59,797142.7651500,9828,4321424,402372.6012100
1747468800000,2025-05-17 08:00:00,0.0921200,0.0938800,0.0906500,0.0917100,5942440,1747483199999,2025-05-17 11:59:59,548556.8186700,7999,3055768,282232.6727700
1747483200000,2025-05-17 12:00:00,0.0917200,0.0924600,0.0901000,0.0919100,2888706,1747497599999,2025-05-17 15:59:59,263400.6938500,5025,1419572,129509.4179600
1747497600000,2025-05-17 16:00:00,0.0919200,0.0933500,0.0899300,0.0924800,8871394,1747511999999,2025-05-17 19:59:59,816264.1990900,10233,4768903,439051.5320500
1747512000000,2025-05-17 20:00:00,0.0924800,0.0935200,0.0914000,0.0922100,7016829,1747526399999,2025-05-17 23:59:59,649669.5773600,16111,3247548,300778.9857300
1747526400000,2025-05-18 00:00:00,0.0922400,0.0929600,0.0910600,0.0914100,3251217,1747540799999,2025-05-18 03:59:59,298959.8311600,5172,1672370,153827.2206800
1747540800000,2025-05-18 04:00:00,0.0914300,0.0930400,0.0912400,0.0925900,4066040,1747555199999,2025-05-18 07:59:59,375886.1255100,12095,2130326,196961.2670400
1747555200000,2025-05-18 08:00:00,0.0925700,0.0988800,0.0919400,0.0920800,27502277,1747569599999,2025-05-18 11:59:59,2635297.6135000,40623,13906511,1331154.7819200
1747569600000,2025-05-18 12:00:00,0.0920800,0.0995500,0.0895900,0.0995500,17606750,1747583999999,2025-05-18 15:59:59,1665127.4965400,16696,9466976,894153.5665100
1747584000000,2025-05-18 16:00:00,0.0995400,0.1008200,0.0925100,0.0929800,15250790,1747598399999,2025-05-18 19:59:59,1472492.0872100,17424,7355662,710588.5686400
1747598400000,2025-05-18 20:00:00,0.0929500,0.0960100,0.0913400,0.0957500,4561097,1747612799999,2025-05-18 23:59:59,426248.8858300,6207,2327697,217698.7507400
1747612800000,2025-05-19 00:00:00,0.0957400,0.0963300,0.0928400,0.0958500,7479223,1747627199999,2025-05-19 03:59:59,707732.9725600,7742,3707636,351006.6990800
1747627200000,2025-05-19 04:00:00,0.0958900,0.0974100,0.0942800,0.0956100,15374244,1747641599999,2025-05-19 07:59:59,1479470.9352400,15455,7968472,767767.3213600
1747641600000,2025-05-19 08:00:00,0.0955800,0.0979200,0.0892500,0.0958800,42809539,1747655999999,2025-05-19 11:59:59,4028818.8443500,59012,22566822,2123726.8423800
1747656000000,2025-05-19 12:00:00,0.0959400,0.0979900,0.0946700,0.0968000,21667720,1747670399999,2025-05-19 15:59:59,2092809.6370900,21688,10903787,1053670.3468800
1747670400000,2025-05-19 16:00:00,0.0968100,0.1018700,0.0958500,0.0970700,20189798,1747684799999,2025-05-19 19:59:59,1989719.9637100,18130,9854138,971035.1036000
1747684800000,2025-05-19 20:00:00,0.0970700,0.0991700,0.0965100,0.0985600,4078034,1747699199999,2025-05-19 23:59:59,399502.9000200,6212,2294026,224587.6744400
1747699200000,2025-05-20 00:00:00,0.0985700,0.1008800,0.0966700,0.0986700,9681255,1747713599999,2025-05-20 03:59:59,961054.8256500,11874,4508626,447827.2867200
1747713600000,2025-05-20 04:00:00,0.0987400,0.1018800,0.0981200,0.1016800,8595444,1747727999999,2025-05-20 07:59:59,862473.2598000,8798,4147818,416096.9890400
1747728000000,2025-05-20 08:00:00,0.1016900,0.1034000,0.1004000,0.1017200,10643220,1747742399999,2025-05-20 11:59:59,1086851.3000100,14917,4975267,508617.6474600
1747742400000,2025-05-20 12:00:00,0.1017300,0.1025700,0.1003900,0.1024300,6352772,1747756799999,2025-05-20 15:59:59,645242.1697800,8667,3304752,335823.9477300
1747756800000,2025-05-20 16:00:00,0.1024300,0.1025600,0.0974900,0.1009100,9872620,1747771199999,2025-05-20 19:59:59,987202.5652600,11989,5127802,513011.1857300
1747771200000,2025-05-20 20:00:00,0.1008900,0.1023400,0.0999400,0.1009000,3936535,1747785599999,2025-05-20 23:59:59,397872.8982500,6806,2135408,215940.9115100
1747785600000,2025-05-21 00:00:00,0.1009100,0.1012800,0.0958300,0.0989400,10609920,1747799999999,2025-05-21 03:59:59,1040168.9403100,15838,4977965,488076.4963100
1747800000000,2025-05-21 04:00:00,0.0988900,0.1008000,0.0985100,0.0993600,7067232,1747814399999,2025-05-21 07:59:59,703105.9888400,9559,3327028,331061.9466200
1747814400000,2025-05-21 08:00:00,0.0993100,0.0994900,0.0952600,0.0973300,9023121,1747828799999,2025-05-21 11:59:59,874473.4383300,10671,4728588,458042.9618900
1747828800000,2025-05-21 12:00:00,0.0972900,0.0998000,0.0965100,0.0977800,7590459,1747843199999,2025-05-21 15:59:59,742397.0987600,9483,3851045,376877.2417500
1747843200000,2025-05-21 16:00:00,0.0978100,0.0993000,0.0946600,0.0982200,14747056,1747857599999,2025-05-21 19:59:59,1428321.6568000,13409,7652576,740917.0439300
1747857600000,2025-05-21 20:00:00,0.0981900,0.0996400,0.0972700,0.0979500,3652759,1747871999999,2025-05-21 23:59:59,359995.1105200,5259,1683262,166023.5679400
1747872000000,2025-05-22 00:00:00,0.0979300,0.0995900,0.0974700,0.0988500,5097168,1747886399999,2025-05-22 03:59:59,502162.6281900,6596,2645799,260775.5639200
1747886400000,2025-05-22 04:00:00,0.0988300,0.0992100,0.0965100,0.0991000,5779775,1747900799999,2025-05-22 07:59:59,567388.0157800,7362,2959882,290531.3719500
1747900800000,2025-05-22 08:00:00,0.0991200,0.1004400,0.0972400,0.0978100,7281745,1747915199999,2025-05-22 11:59:59,721993.2053200,7390,3128862,310665.4218400
1747915200000,2025-05-22 12:00:00,0.0978400,0.1097500,0.0977100,0.1074900,19597605,1747929599999,2025-05-22 15:59:59,2018762.9815100,15605,10717161,1100141.1749000
1747929600000,2025-05-22 16:00:00,0.1074700,0.1094300,0.1025300,0.1039900,29468973,1747943999999,2025-05-22 19:59:59,3096694.3628700,35584,14456790,1518544.4086000
1747944000000,2025-05-22 20:00:00,0.1040300,0.1053800,0.1027400,0.1043500,3597648,1747958399999,2025-05-22 23:59:59,374160.4632800,5295,1883628,195931.6156100
1747958400000,2025-05-23 00:00:00,0.1043900,0.1077300,0.1037600,0.1066000,5687103,1747972799999,2025-05-23 03:59:59,601807.5889900,7535,2872182,304051.1400500
1747972800000,2025-05-23 04:00:00,0.1066300,0.1074100,0.1048000,0.1071300,7102412,1747987199999,2025-05-23 07:59:59,754873.4690400,8567,3439683,365883.7409900
1747987200000,2025-05-23 08:00:00,0.1071200,0.1138300,0.1056800,0.1085500,53872518,1748001599999,2025-05-23 11:59:59,5907437.5349600,51432,26253587,2880717.0315300
1748001600000,2025-05-23 12:00:00,0.1085600,0.1085800,0.0997800,0.1026100,36626885,1748015999999,2025-05-23 15:59:59,3815896.1858200,32045,17951763,1871269.8113600
1748016000000,2025-05-23 16:00:00,0.1025900,0.1028100,0.0997300,0.1000900,17962897,1748030399999,2025-05-23 19:59:59,1813251.5727000,16264,9248439,933846.9423900
1748030400000,2025-05-23 20:00:00,0.1001200,0.1015500,0.0959800,0.0985400,15252053,1748044799999,2025-05-23 23:59:59,1505518.6963300,13238,7127045,702849.6458600
1748044800000,2025-05-24 00:00:00,0.0986200,0.1069400,0.0979000,0.1053200,20401214,1748059199999,2025-05-24 03:59:59,2122475.2947100,18686,10555065,1095656.7742200
1748059200000,2025-05-24 04:00:00,0.1053200,0.1068000,0.1018500,0.1035700,12584420,1748073599999,2025-05-24 07:59:59,1313941.3758600,13242,6285141,657217.1908800
1748073600000,2025-05-24 08:00:00,0.1034900,0.1062100,0.1033600,0.1050300,5543137,1748087999999,2025-05-24 11:59:59,581540.9062400,7031,2941509,308543.7655800
1748088000000,2025-05-24 12:00:00,0.1050000,0.1055200,0.1026000,0.1031900,7949072,1748102399999,2025-05-24 15:59:59,826030.4884200,8939,3363415,349523.3141100
1748102400000,2025-05-24 16:00:00,0.1031500,0.1079400,0.1030800,0.1068200,11752635,1748116799999,2025-05-24 19:59:59,1246441.7251500,12183,6111729,648620.6456900
1748116800000,2025-05-24 20:00:00,0.1066900,0.1071100,0.1043200,0.1057900,4989314,1748131199999,2025-05-24 23:59:59,528693.1497300,7432,2146658,227691.8860000
1748131200000,2025-05-25 00:00:00,0.1058300,0.1067800,0.1030300,0.1031100,11364598,1748145599999,2025-05-25 03:59:59,1189186.8526900,12124,5416209,566913.6492300
1748145600000,2025-05-25 04:00:00,0.1031300,0.1041300,0.1014700,0.1022800,6682398,1748159999999,2025-05-25 07:59:59,686314.0369900,8317,3074836,316074.5274900
1748160000000,2025-05-25 08:00:00,0.1023100,0.1025200,0.1000600,0.1014400,7497783,1748174399999,2025-05-25 11:59:59,758867.7652000,8178,3653733,370014.2675400
1748174400000,2025-05-25 12:00:00,0.1014400,0.1017900,0.0977700,0.0987900,8900635,1748188799999,2025-05-25 15:59:59,887047.5791000,8467,4665437,465170.5398100
1748188800000,2025-05-25 16:00:00,0.0988300,0.1010400,0.0982000,0.1005900,5033856,1748203199999,2025-05-25 19:59:59,501001.6017600,5742,2818158,280594.7065200
1748203200000,2025-05-25 20:00:00,0.1005000,0.1023700,0.0998100,0.1019100,3547241,1748217599999,2025-05-25 23:59:59,359452.8359300,4577,1693124,171536.4280900
1748217600000,2025-05-26 00:00:00,0.1018800,0.1036800,0.1009300,0.1020100,8519350,1748231999999,2025-05-26 03:59:59,870030.9784300,7800,4017268,410369.1168800
1748232000000,2025-05-26 04:00:00,0.1020300,0.1026600,0.1003400,0.1018200,6471422,1748246399999,2025-05-26 07:59:59,656219.7155100,7847,2951901,299468.2879100
1748246400000,2025-05-26 08:00:00,0.1018000,0.1025700,0.0996500,0.1000000,5574015,1748260799999,2025-05-26 11:59:59,562889.1103400,8303,2552344,257972.0774700
1748260800000,2025-05-26 12:00:00,0.1000800,0.1010000,0.0971600,0.0998300,11393389,1748275199999,2025-05-26 15:59:59,1126922.0671800,12870,6036204,597063.3843800
1748275200000,2025-05-26 16:00:00,0.0998500,0.1004000,0.0975500,0.0985500,3786729,1748289599999,2025-05-26 19:59:59,373129.1889900,5694,1778211,175319.8765600
1748289600000,2025-05-26 20:00:00,0.0985100,0.0990800,0.0980900,0.0989200,2821404,1748303999999,2025-05-26 23:59:59,278157.7952700,3529,1231111,121357.7850000
1748304000000,2025-05-27 00:00:00,0.0989400,0.0990700,0.0939000,0.0959800,9154711,1748318399999,2025-05-27 03:59:59,876746.6207300,9608,4118451,394745.9747600
1748318400000,2025-05-27 04:00:00,0.0959400,0.0976000,0.0952300,0.0965600,5561593,1748332799999,2025-05-27 07:59:59,535298.1143800,8354,2929202,282183.8781600
1748332800000,2025-05-27 08:00:00,0.0965800,0.0970800,0.0920400,0.0931300,22323576,1748347199999,2025-05-27 11:59:59,2104511.1336800,22046,10388593,980291.6435200
1748347200000,2025-05-27 12:00:00,0.0932100,0.0972200,0.0925700,0.0953400,18772759,1748361599999,2025-05-27 15:59:59,1779073.8258100,20192,10050198,952798.6411200
1748361600000,2025-05-27 16:00:00,0.0953400,0.0963700,0.0944800,0.0949300,5180742,1748375999999,2025-05-27 19:59:59,493532.5562900,7798,2498874,238014.3454200
1748376000000,2025-05-27 20:00:00,0.0949500,0.0952800,0.0933900,0.0941900,3339581,1748390399999,2025-05-27 23:59:59,314663.6681000,5258,1555348,146587.2388600
1748390400000,2025-05-28 00:00:00,0.0942000,0.0962500,0.0937600,0.0939200,7965505,1748404799999,2025-05-28 03:59:59,756015.7409300,12723,4009847,380453.9528500
1748404800000,2025-05-28 04:00:00,0.0939100,0.0949800,0.0937600,0.0946600,4826656,1748419199999,2025-05-28 07:59:59,456173.1685800,10500,2477296,234223.3641300
1748419200000,2025-05-28 08:00:00,0.0946900,0.0954400,0.0934000,0.0951600,5470987,1748433599999,2025-05-28 11:59:59,517156.9814300,8900,2760581,261034.1100900
1748433600000,2025-05-28 12:00:00,0.0951600,0.0953300,0.0914700,0.0921900,7404318,1748447999999,2025-05-28 15:59:59,692811.8342700,10839,3632077,340088.0030200
1748448000000,2025-05-28 16:00:00,0.0921600,0.0933600,0.0916500,0.0921100,3323511,1748462399999,2025-05-28 19:59:59,307532.5064700,5136,1814514,167888.5131700
1748462400000,2025-05-28 20:00:00,0.0921200,0.0938000,0.0920400,0.0935900,3449931,1748476799999,2025-05-28 23:59:59,320855.9133900,4472,1474397,137096.9353000
1748476800000,2025-05-29 00:00:00,0.0935900,0.0943300,0.0929100,0.0940000,4225005,1748491199999,2025-05-29 03:59:59,396327.9435800,5838,2097658,196743.5910300
1748491200000,2025-05-29 04:00:00,0.0940100,0.0943700,0.0924900,0.0930600,4282827,1748505599999,2025-05-29 07:59:59,400440.4000500,5346,2346559,219439.0326900
1748505600000,2025-05-29 08:00:00,0.0930500,0.0935900,0.0925500,0.0932600,2254129,1748519999999,2025-05-29 11:59:59,209652.6280000,4492,1158624,107773.1902000
1748520000000,2025-05-29 12:00:00,0.0932600,0.0937400,0.0924200,0.0931400,5263072,1748534399999,2025-05-29 15:59:59,489957.1088000,5554,3008778,280089.8868300
1748534400000,2025-05-29 16:00:00,0.0931600,0.0938100,0.0920400,0.0925400,3000310,1748548799999,2025-05-29 19:59:59,279208.2576800,4404,1323541,123200.9155100
1748548800000,2025-05-29 20:00:00,0.0925700,0.0935900,0.0920100,0.0921600,3673064,1748563199999,2025-05-29 23:59:59,341377.0418600,4276,2118334,197006.0762300
1748563200000,2025-05-30 00:00:00,0.0921700,0.0935600,0.0896500,0.0934700,10796156,1748577599999,2025-05-30 03:59:59,991997.4645400,10197,4874967,448098.4199200
1748577600000,2025-05-30 04:00:00,0.0935200,0.0959600,0.0908200,0.0910600,9997455,1748591999999,2025-05-30 07:59:59,934208.5535400,10690,4583890,428556.6245900
1748592000000,2025-05-30 08:00:00,0.0910800,0.0924100,0.0903200,0.0904600,7174062,1748606399999,2025-05-30 11:59:59,656389.8717800,7845,3208642,293603.1301700
1748606400000,2025-05-30 12:00:00,0.0904800,0.0905700,0.0861500,0.0873800,14135629,1748620799999,2025-05-30 15:59:59,1242071.4052600,12802,7790419,684511.6403800
1748620800000,2025-05-30 16:00:00,0.0874000,0.0877400,0.0844900,0.0869200,7815125,1748635199999,2025-05-30 19:59:59,674226.6751800,9563,3836734,331136.6928300
1748635200000,2025-05-30 20:00:00,0.0869200,0.0869200,0.0679700,0.0703500,49404494,1748649599999,2025-05-30 23:59:59,3674484.4427000,44562,22113998,1635671.2827500
1748649600000,2025-05-31 00:00:00,0.0703800,0.0720100,0.0690000,0.0707400,27789563,1748663999999,2025-05-31 03:59:59,1943406.7980600,42135,13846469,969025.4032100
1748664000000,2025-05-31 04:00:00,0.0707500,0.0747000,0.0691700,0.0730500,32760049,1748678399999,2025-05-31 07:59:59,2358523.0741900,58787,16183193,1163747.0147000
1748678400000,2025-05-31 08:00:00,0.0730500,0.0835500,0.0726100,0.0820400,49947825,1748692799999,2025-05-31 11:59:59,3992960.5992000,81173,23896858,1909081.7133600
1748692800000,2025-05-31 12:00:00,0.0819400,0.0843800,0.0812800,0.0816800,14311910,1748707199999,2025-05-31 15:59:59,1185662.5846100,18893,6584403,545712.2754000
1748707200000,2025-05-31 16:00:00,0.0816800,0.0835000,0.0814000,0.0828400,5351666,1748721599999,2025-05-31 19:59:59,442185.5534000,8705,2897222,239351.1115300
1748721600000,2025-05-31 20:00:00,0.0828000,0.0838900,0.0817700,0.0824800,9269419,1748735999999,2025-05-31 23:59:59,767302.2182500,13113,4349331,360161.9393300
1748736000000,2025-06-01 00:00:00,0.0824800,0.0839600,0.0818500,0.0836400,14827588,1748750399999,2025-06-01 03:59:59,1233461.6098800,21261,7412469,616790.3913900
1748750400000,2025-06-01 04:00:00,0.0836700,0.0876900,0.0835000,0.0848300,65266481,1748764799999,2025-06-01 07:59:59,5629651.8615400,69816,32510206,2803765.5239200
1748764800000,2025-06-01 08:00:00,0.0848000,0.0873000,0.0841400,0.0845300,24125955,1748779199999,2025-06-01 11:59:59,2071228.8251100,23905,12953470,1112727.0446200
1748779200000,2025-06-01 12:00:00,0.0845200,0.0858300,0.0837800,0.0843000,7307733,1748793599999,2025-06-01 15:59:59,618759.6386700,11109,3793671,321223.8011300
1748793600000,2025-06-01 16:00:00,0.0843000,0.0853300,0.0832400,0.0845600,5719307,1748807999999,2025-06-01 19:59:59,483267.9117500,9473,2858844,241779.3957300
1748808000000,2025-06-01 20:00:00,0.0845600,0.0860800,0.0843000,0.0855300,3098584,1748822399999,2025-06-01 23:59:59,264549.7010300,5848,1628714,139106.1762700
1748822400000,2025-06-02 00:00:00,0.0855100,0.0856600,0.0844700,0.0849900,3298628,1748836799999,2025-06-02 03:59:59,280918.1541800,6711,1779358,151482.8245400
1748836800000,2025-06-02 04:00:00,0.0849800,0.0855500,0.0845000,0.0849500,4065687,1748851199999,2025-06-02 07:59:59,345770.8625400,7329,2137622,181793.7112400
1748851200000,2025-06-02 08:00:00,0.0850000,0.0851500,0.0834000,0.0837300,5265714,1748865599999,2025-06-02 11:59:59,444230.5377400,7124,2575155,217450.0322600
1748865600000,2025-06-02 12:00:00,0.0837000,0.0837400,0.0805600,0.0806800,14895348,1748879999999,2025-06-02 15:59:59,1217722.9514700,20949,6823597,557505.1960100
1748880000000,2025-06-02 16:00:00,0.0806800,0.0807100,0.0791500,0.0793800,7807378,1748894399999,2025-06-02 19:59:59,626020.6506900,9687,4111939,329789.2856600
1748894400000,2025-06-02 20:00:00,0.0793700,0.0842600,0.0793700,0.0832500,8571946,1748908799999,2025-06-02 23:59:59,702183.2790600,10031,4337847,355174.5014200
1748908800000,2025-06-03 00:00:00,0.0832000,0.0849300,0.0822400,0.0833700,8215808,1748923199999,2025-06-03 03:59:59,689563.4124000,10171,3819551,320645.7358600
1748923200000,2025-06-03 04:00:00,0.0833500,0.0848400,0.0830600,0.0845100,3608318,1748937599999,2025-06-03 07:59:59,303093.8905200,5552,1930146,162080.0254900
1748937600000,2025-06-03 08:00:00,0.0845400,0.0854300,0.0844000,0.0854200,3743621,1748951999999,2025-06-03 11:59:59,317915.0100900,6312,1904533,161716.3685500
1748952000000,2025-06-03 12:00:00,0.0853900,0.0864400,0.0852100,0.0858200,6107039,1748966399999,2025-06-03 15:59:59,523921.6076300,10825,3318889,284750.5449100
1748966400000,2025-06-03 16:00:00,0.0858200,0.0859400,0.0839700,0.0842200,2926512,1748980799999,2025-06-03 19:59:59,248478.4394800,4939,1428950,121344.2508500
1748980800000,2025-06-03 20:00:00,0.0842300,0.0845000,0.0829800,0.0843600,4483505,1748995199999,2025-06-03 23:59:59,375742.9242500,6379,1951056,163634.1708700
1748995200000,2025-06-04 00:00:00,0.0843600,0.0856900,0.0841600,0.0851800,3299499,1749009599999,2025-06-04 03:59:59,280609.2119900,8681,1743059,148261.7283500
1749009600000,2025-06-04 04:00:00,0.0852000,0.0864100,0.0841300,0.0854600,5221168,1749023999999,2025-06-04 07:59:59,446856.7050700,10261,2433815,208347.6333700
1749024000000,2025-06-04 08:00:00,0.0854300,0.0860200,0.0841000,0.0854900,4920055,1749038399999,2025-06-04 11:59:59,419438.3242000,6929,2402890,204962.3044200
1749038400000,2025-06-04 12:00:00,0.0854900,0.0859000,0.0770800,0.0783000,39312152,1749052799999,2025-06-04 15:59:59,3182595.9658300,42211,19375430,1565966.9323000
1749052800000,2025-06-04 16:00:00,0.0783000,0.0787500,0.0753500,0.0759300,14265206,1749067199999,2025-06-04 19:59:59,1100952.3144300,14890,6805579,525585.1769600
1749067200000,2025-06-04 20:00:00,0.0758400,0.0785000,0.0746600,0.0779100,7664814,1749081599999,2025-06-04 23:59:59,584784.5250400,11542,4385568,334838.8158100
1749081600000,2025-06-05 00:00:00,0.0779600,0.0792700,0.0770400,0.0779900,8657408,1749095999999,2025-06-05 03:59:59,678472.5711900,11857,4166422,326717.0226400
1749096000000,2025-06-05 04:00:00,0.0780000,0.0785500,0.0763800,0.0773800,7880751,1749110399999,2025-06-05 07:59:59,611535.2969400,10301,3901200,302834.6173300
1749110400000,2025-06-05 08:00:00,0.0773400,0.0774200,0.0733400,0.0742000,16796418,1749124799999,2025-06-05 11:59:59,1258951.7400800,18209,8162092,611492.4192300
1749124800000,2025-06-05 12:00:00,0.0741700,0.0745700,0.0695200,0.0701700,35538432,1749139199999,2025-06-05 15:59:59,2542643.5732000,26550,18443095,1320027.6728600
1749139200000,2025-06-05 16:00:00,0.0701700,0.0707800,0.0677600,0.0679200,25587563,1749153599999,2025-06-05 19:59:59,1777783.7419400,25418,12571836,874202.5598400
1749153600000,2025-06-05 20:00:00,0.0679500,0.0715200,0.0638100,0.0701400,30746368,1749167999999,2025-06-05 23:59:59,2079829.0698300,43368,15069207,1020762.4173800
1749168000000,2025-06-06 00:00:00,0.0701300,0.0705700,0.0668300,0.0698700,16328781,1749182399999,2025-06-06 03:59:59,1128413.1771200,18359,7881739,545385.5542000
1749182400000,2025-06-06 04:00:00,0.0698100,0.0708000,0.0690300,0.0702200,5857189,1749196799999,2025-06-06 07:59:59,409750.5747000,8709,3336238,233461.4514600
1749196800000,2025-06-06 08:00:00,0.0702200,0.0738000,0.0697000,0.0710700,24663451,1749211199999,2025-06-06 11:59:59,1774655.0427400,18815,12687271,912802.0750500
1749211200000,2025-06-06 12:00:00,0.0710200,0.0723100,0.0710100,0.0715700,4833052,1749225599999,2025-06-06 15:59:59,346899.5111700,7304,2537779,182259.8109300
1749225600000,2025-06-06 16:00:00,0.0716200,0.0719500,0.0690100,0.0692400,6554672,1749239999999,2025-06-06 19:59:59,459523.7022300,12563,3355192,234987.1897400
1749240000000,2025-06-06 20:00:00,0.0692300,0.0703000,0.0684600,0.0693200,2888137,1749254399999,2025-06-06 23:59:59,200295.9774200,4764,1474398,102296.2627800
1749254400000,2025-06-07 00:00:00,0.0693400,0.0707700,0.0690700,0.0702500,2433058,1749268799999,2025-06-07 03:59:59,170770.2315100,4985,1245210,87463.6640400
1749268800000,2025-06-07 04:00:00,0.0702700,0.0715900,0.0700400,0.0711000,2823355,1749283199999,2025-06-07 07:59:59,199920.4394500,4872,1322356,93645.4503200
1749283200000,2025-06-07 08:00:00,0.0711600,0.0713100,0.0697000,0.0710600,2183564,1749297599999,2025-06-07 11:59:59,154075.0140200,3975,962542,67891.2221300
1749297600000,2025-06-07 12:00:00,0.0710900,0.0744000,0.0695900,0.0735200,12362892,1749311999999,2025-06-07 15:59:59,891977.5086700,16818,6325543,457396.8031700
1749312000000,2025-06-07 16:00:00,0.0735200,0.0774100,0.0727900,0.0767000,39052558,1749326399999,2025-06-07 19:59:59,2933926.9245000,46000,20499711,1541579.8166800
1749326400000,2025-06-07 20:00:00,0.0767100,0.0789900,0.0759600,0.0780400,19095257,1749340799999,2025-06-07 23:59:59,1485820.5399300,20160,9276072,721518.7819200
1749340800000,2025-06-08 00:00:00,0.0779800,0.0797800,0.0774100,0.0791400,21478985,1749355199999,2025-06-08 03:59:59,1695890.8846000,24568,11102064,876878.6578300
1749355200000,2025-06-08 04:00:00,0.0791400,0.0791400,0.0766900,0.0770000,34608107,1749369599999,2025-06-08 07:59:59,2695366.9911500,34142,16077303,1253146.9918500
1749369600000,2025-06-08 08:00:00,0.0770100,0.0780700,0.0759200,0.0765900,23439241,1749383999999,2025-06-08 11:59:59,1804048.4990100,23751,11771580,906226.4256700
1749384000000,2025-06-08 12:00:00,0.0766000,0.0777000,0.0753500,0.0770700,22189306,1749398399999,2025-06-08 15:59:59,1701332.4182600,24154,11846983,908452.6367700
1749398400000,2025-06-08 16:00:00,0.0770900,0.0804100,0.0770100,0.0798800,15196569,1749412799999,2025-06-08 19:59:59,1204916.0143700,16408,8202476,649866.7967700
1749412800000,2025-06-08 20:00:00,0.0799200,0.0802400,0.0782300,0.0785500,4182903,1749427199999,2025-06-08 23:59:59,331547.7941500,6841,1953090,154916.2993800
1749427200000,2025-06-09 00:00:00,0.0785700,0.0793200,0.0775400,0.0791700,5079721,1749441599999,2025-06-09 03:59:59,397991.9386700,8309,2725042,213606.8123700
1749441600000,2025-06-09 04:00:00,0.0792000,0.0801800,0.0772000,0.0790000,13114914,1749455999999,2025-06-09 07:59:59,1029640.6756100,14133,7163918,563027.5339700
1749456000000,2025-06-09 08:00:00,0.0789600,0.0824800,0.0782100,0.0823800,6118975,1749470399999,2025-06-09 11:59:59,491898.7215900,11262,3482812,280586.4393200
1749470400000,2025-06-09 12:00:00,0.0823900,0.0824000,0.0796600,0.0798200,4328175,1749484799999,2025-06-09 15:59:59,348931.2294600,10047,1808943,145643.5206900
1749484800000,2025-06-09 16:00:00,0.0798500,0.0808800,0.0798100,0.0805100,1519758,1749499199999,2025-06-09 19:59:59,122248.9185500,4642,751513,60468.4282700
1749499200000,2025-06-09 20:00:00,0.0804900,0.0822600,0.0803300,0.0815100,2498759,1749513599999,2025-06-09 23:59:59,203396.0087300,6264,1225793,99803.1442500
1749513600000,2025-06-10 00:00:00,0.0815100,0.0816600,0.0784800,0.0792800,5781814,1749527999999,2025-06-10 03:59:59,461706.8872300,9686,2987236,238752.6667400
1749528000000,2025-06-10 04:00:00,0.0793100,0.0797600,0.0783700,0.0791200,2748325,1749542399999,2025-06-10 07:59:59,217234.1882400,5630,1255893,99307.1903200
1749542400000,2025-06-10 08:00:00,0.0791200,0.0800500,0.0788900,0.0799300,3743364,1749556799999,2025-06-10 11:59:59,297166.1691600,7793,1856740,147465.1810000
1749556800000,2025-06-10 12:00:00,0.0799700,0.0813000,0.0757600,0.0763800,16259914,1749571199999,2025-06-10 15:59:59,1270866.6309700,24547,7462126,583747.2197400
1749571200000,2025-06-10 16:00:00,0.0763000,0.0768000,0.0723200,0.0755700,25222905,1749585599999,2025-06-10 19:59:59,1884362.7944000,30259,12368868,925235.2138800
1749585600000,2025-06-10 20:00:00,0.0755900,0.0762200,0.0749200,0.0761100,2884928,1749599999999,2025-06-10 23:59:59,217882.5352300,5198,1540560,116447.5333700
1749600000000,2025-06-11 00:00:00,0.0761400,0.0764300,0.0744900,0.0751200,3458769,1749614399999,2025-06-11 03:59:59,260440.6771300,6305,1854661,139695.5042900
1749614400000,2025-06-11 04:00:00,0.0750800,0.0755100,0.0736900,0.0744100,4746537,1749628799999,2025-06-11 07:59:59,352839.7526700,9218,2114552,157210.7899600
1749628800000,2025-06-11 08:00:00,0.0744200,0.0745600,0.0730000,0.0734700,3935240,1749643199999,2025-06-11 11:59:59,290226.5682500,7119,2126072,156823.6857300
1749643200000,2025-06-11 12:00:00,0.0734800,0.0761800,0.0732100,0.0753400,9368576,1749657599999,2025-06-11 15:59:59,703700.2457400,14025,4909347,368735.8824600
1749657600000,2025-06-11 16:00:00,0.0753900,0.0754500,0.0734400,0.0735900,3264221,1749671999999,2025-06-11 19:59:59,242210.1509700,5943,1569671,116404.6050500
1749672000000,2025-06-11 20:00:00,0.0736100,0.0742500,0.0693100,0.0719400,13336954,1749686399999,2025-06-11 23:59:59,951217.4592400,18040,6103672,436494.3433900
1749686400000,2025-06-12 00:00:00,0.0719400,0.0723100,0.0685400,0.0702600,9298673,1749700799999,2025-06-12 03:59:59,653624.9237700,14429,4614319,324594.6045400
1749700800000,2025-06-12 04:00:00,0.0702500,0.0721700,0.0701500,0.0708000,5108208,1749715199999,2025-06-12 07:59:59,363763.0420100,7797,3042614,216671.3408900
1749715200000,2025-06-12 08:00:00,0.0707600,0.0714700,0.0701200,0.0707800,2123827,1749729599999,2025-06-12 11:59:59,150688.7509900,4514,1113130,79009.1751000
1749729600000,2025-06-12 12:00:00,0.0707800,0.0740000,0.0699800,0.0713300,4725263,1749743999999,2025-06-12 15:59:59,339391.9868100,7334,2789387,200461.1475300
1749744000000,2025-06-12 16:00:00,0.0713600,0.0730500,0.0701300,0.0702600,3096106,1749758399999,2025-06-12 19:59:59,222375.9416700,6555,1500867,107845.8439800
1749758400000,2025-06-12 20:00:00,0.0702500,0.0714400,0.0697300,0.0703500,2917747,1749772799999,2025-06-12 23:59:59,205393.7821600,6136,1452107,102273.2819700
1749772800000,2025-06-13 00:00:00,0.0703400,0.0746400,0.0691800,0.0742700,48426754,1749787199999,2025-06-13 03:59:59,3494039.2003300,40987,24512252,1772760.8680100
1749787200000,2025-06-13 04:00:00,0.0742400,0.0751300,0.0726200,0.0735800,23192184,1749801599999,2025-06-13 07:59:59,1718800.0890100,24792,11447300,848699.5894800
1749801600000,2025-06-13 08:00:00,0.0735900,0.0767400,0.0713200,0.0756400,48741519,1749815999999,2025-06-13 11:59:59,3650722.0384800,56574,25650831,1923988.5285400
1749816000000,2025-06-13 12:00:00,0.0756800,0.0760000,0.0741600,0.0752900,27543460,1749830399999,2025-06-13 15:59:59,2072234.0595400,29663,14302608,1076624.0170300
1749830400000,2025-06-13 16:00:00,0.0752900,0.0779100,0.0748300,0.0764300,16694566,1749844799999,2025-06-13 19:59:59,1270804.7290300,16738,8670016,660429.8763500
1749844800000,2025-06-13 20:00:00,0.0764300,0.0778000,0.0760200,0.0766700,7161030,1749859199999,2025-06-13 23:59:59,551258.6583900,9440,3707309,285518.3517300
1749859200000,2025-06-14 00:00:00,0.0766500,0.0769400,0.0754100,0.0760400,5592744,1749873599999,2025-06-14 03:59:59,424928.7934500,9526,2317308,176093.0970500
1749873600000,2025-06-14 04:00:00,0.0760500,0.0761600,0.0749100,0.0760900,5157421,1749887999999,2025-06-14 07:59:59,389574.9827800,9718,2489726,188260.6520900
1749888000000,2025-06-14 08:00:00,0.0760600,0.0765100,0.0753500,0.0761300,2176149,1749902399999,2025-06-14 11:59:59,164925.9172800,8261,1121127,85009.3248400
1749902400000,2025-06-14 12:00:00,0.0761900,0.0762600,0.0745200,0.0752700,3841781,1749916799999,2025-06-14 15:59:59,289596.5975700,10493,1672066,126038.3140100
1749916800000,2025-06-14 16:00:00,0.0752700,0.0759900,0.0747500,0.0756100,2288035,1749931199999,2025-06-14 19:59:59,172639.9901100,6415,1165340,87934.3746600
1749931200000,2025-06-14 20:00:00,0.0756100,0.0780000,0.0752100,0.0775500,11475960,1749945599999,2025-06-14 23:59:59,885621.5139300,12792,5983841,461481.7475200
1749945600000,2025-06-15 00:00:00,0.0775400,0.0783900,0.0762400,0.0764900,4840100,1749959999999,2025-06-15 03:59:59,373997.7632200,7699,2261076,174784.0994500
1749960000000,2025-06-15 04:00:00,0.0764100,0.0775300,0.0762300,0.0768900,2750297,1749974399999,2025-06-15 07:59:59,211531.5518000,5035,1532313,117859.0332800
1749974400000,2025-06-15 08:00:00,0.0768900,0.0774800,0.0760000,0.0771600,2967668,1749988799999,2025-06-15 11:59:59,227454.0480100,4982,1677751,128610.0669900
1749988800000,2025-06-15 12:00:00,0.0771700,0.0773200,0.0759200,0.0767400,3105778,1750003199999,2025-06-15 15:59:59,238387.6651600,5489,1543277,118472.9208700
1750003200000,2025-06-15 16:00:00,0.0767400,0.0774100,0.0761800,0.0770300,2129985,1750017599999,2025-06-15 19:59:59,163346.2840600,5411,1127891,86528.1286700
1750017600000,2025-06-15 20:00:00,0.0770000,0.0780900,0.0756600,0.0774200,13403108,1750031999999,2025-06-15 23:59:59,1027655.6009800,9770,7766610,595880.8857200
1750032000000,2025-06-16 00:00:00,0.0774100,0.0785000,0.0764900,0.0781700,4033608,1750046399999,2025-06-16 03:59:59,312849.0973100,6315,1776551,137925.6675600
1750046400000,2025-06-16 04:00:00,0.0781400,0.0793400,0.0780100,0.0790900,4814166,1750060799999,2025-06-16 07:59:59,379325.9016100,6050,2632113,207613.6492100
1750060800000,2025-06-16 08:00:00,0.0791100,0.0811000,0.0772800,0.0803100,12478029,1750075199999,2025-06-16 11:59:59,985987.0813500,13021,6543892,518166.8978800
1750075200000,2025-06-16 12:00:00,0.0803700,0.0828200,0.0798200,0.0817900,10886054,1750089599999,2025-06-16 15:59:59,884757.1877000,14110,5945069,483532.1320400
1750089600000,2025-06-16 16:00:00,0.0817900,0.0824700,0.0809800,0.0821300,2219839,1750103999999,2025-06-16 19:59:59,181874.4076300,4873,1109393,90898.9573600
1750104000000,2025-06-16 20:00:00,0.0821700,0.0823000,0.0796400,0.0803900,4610105,1750118399999,2025-06-16 23:59:59,372676.5669500,7710,2170298,175406.8740100
1750118400000,2025-06-17 00:00:00,0.0803900,0.0813600,0.0795500,0.0804700,4643864,1750132799999,2025-06-17 03:59:59,373335.5924300,9884,2533758,203799.1784100
1750132800000,2025-06-17 04:00:00,0.0803800,0.0804600,0.0752400,0.0763800,35203495,1750147199999,2025-06-17 07:59:59,2705325.7412600,38348,16428878,1261910.3907100
1750147200000,2025-06-17 08:00:00,0.0764000,0.0767800,0.0751100,0.0756000,5176257,1750161599999,2025-06-17 11:59:59,392056.4141200,8335,2476772,187621.4011100
1750161600000,2025-06-17 12:00:00,0.0756100,0.0764500,0.0747800,0.0755100,5026091,1750175999999,2025-06-17 15:59:59,378885.0400800,8159,2855330,215330.0739100
1750176000000,2025-06-17 16:00:00,0.0755400,0.0797900,0.0748000,0.0795800,13773632,1750190399999,2025-06-17 19:59:59,1067480.7944900,20380,7691556,596908.4209600
1750190400000,2025-06-17 20:00:00,0.0796100,0.0796900,0.0778900,0.0792800,2831874,1750204799999,2025-06-17 23:59:59,222935.8413500,6420,1194892,94051.4232600
1750204800000,2025-06-18 00:00:00,0.0793100,0.0807900,0.0782700,0.0795500,3510069,1750219199999,2025-06-18 03:59:59,279277.2633900,8062,1820014,144964.8063200
1750219200000,2025-06-18 04:00:00,0.0795300,0.0796100,0.0773100,0.0778600,5615291,1750233599999,2025-06-18 07:59:59,440910.5011200,11534,2664659,209044.0365600
1750233600000,2025-06-18 08:00:00,0.0778900,0.0785100,0.0765000,0.0768800,4124804,1750247999999,2025-06-18 11:59:59,318896.6916900,7016,2039593,157685.0463100
1750248000000,2025-06-18 12:00:00,0.0768500,0.0769500,0.0698400,0.0745900,48458136,1750262399999,2025-06-18 15:59:59,3560019.8921700,40596,18721095,1372252.6672900
1750262400000,2025-06-18 16:00:00,0.0745900,0.0748200,0.0740400,0.0742400,7289205,1750276799999,2025-06-18 19:59:59,541712.8575900,11502,3274917,243477.5719000
1750276800000,2025-06-18 20:00:00,0.0742300,0.0764800,0.0741100,0.0748300,6618958,1750291199999,2025-06-18 23:59:59,496953.1904800,8071,3589995,269797.2170500
1750291200000,2025-06-19 00:00:00,0.0748300,0.0756500,0.0740800,0.0749000,3912082,1750305599999,2025-06-19 03:59:59,291253.7383200,7799,1929852,143837.7188600
1750305600000,2025-06-19 04:00:00,0.0749000,0.0751500,0.0742900,0.0748900,1627316,1750319999999,2025-06-19 07:59:59,121601.4646700,3382,875313,65432.5412400
1750320000000,2025-06-19 08:00:00,0.0748900,0.0762700,0.0748400,0.0758200,2408602,1750334399999,2025-06-19 11:59:59,182180.7611000,5427,1247599,94358.9721400
1750334400000,2025-06-19 12:00:00,0.0758100,0.0762000,0.0746900,0.0748900,1983892,1750348799999,2025-06-19 15:59:59,149571.7880800,4738,850043,64087.4436600
1750348800000,2025-06-19 16:00:00,0.0748700,0.0752900,0.0742300,0.0743100,3020394,1750363199999,2025-06-19 19:59:59,225171.2249400,5212,1355334,101107.9798400
1750363200000,2025-06-19 20:00:00,0.0742900,0.0751400,0.0741000,0.0747600,1836504,1750377599999,2025-06-19 23:59:59,136751.5212100,3806,981587,73101.8066600
1750377600000,2025-06-20 00:00:00,0.0747700,0.0747800,0.0740000,0.0742300,4064311,1750391999999,2025-06-20 03:59:59,301339.4014000,3966,1180012,87638.5675800
1750392000000,2025-06-20 04:00:00,0.0742300,0.0744500,0.0740000,0.0742500,2711477,1750406399999,2025-06-20 07:59:59,201204.4411500,3711,1038361,77101.8786300
1750406400000,2025-06-20 08:00:00,0.0742000,0.0744800,0.0740000,0.0742400,4204143,1750420799999,2025-06-20 11:59:59,311454.3600600,5492,1550351,114912.5883700
1750420800000,2025-06-20 12:00:00,0.0742500,0.0746200,0.0740000,0.0743700,4955580,1750435199999,2025-06-20 15:59:59,367496.5450300,6907,2077106,154133.9507800
1750435200000,2025-06-20 16:00:00,0.0743600,0.0755600,0.0740000,0.0750700,5939069,1750449599999,2025-06-20 19:59:59,442786.8873500,7958,2829079,211013.9635000
1750449600000,2025-06-20 20:00:00,0.0750900,0.0757400,0.0722100,0.0729700,9053486,1750463999999,2025-06-20 23:59:59,663026.1191700,8818,4110423,300966.1348100
1750464000000,2025-06-21 00:00:00,0.0729700,0.0732100,0.0723300,0.0723600,1931257,1750478399999,2025-06-21 03:59:59,140460.5111000,2898,770048,56035.0835500
1750478400000,2025-06-21 04:00:00,0.0723600,0.0724700,0.0720300,0.0721500,4703791,1750492799999,2025-06-21 07:59:59,339426.8563100,4308,1787547,129013.2364400
1750492800000,2025-06-21 08:00:00,0.0721500,0.0722700,0.0720000,0.0720400,7842465,1750507199999,2025-06-21 11:59:59,565078.1476900,4533,2802142,202001.2650000
1750507200000,2025-06-21 12:00:00,0.0720100,0.0736400,0.0720100,0.0723400,6276154,1750521599999,2025-06-21 15:59:59,455475.0795000,7028,3538063,256837.8675200
1750521600000,2025-06-21 16:00:00,0.0723300,0.0729400,0.0720600,0.0723300,3331271,1750535999999,2025-06-21 19:59:59,241404.2123000,3928,1535727,111349.5487400
1750536000000,2025-06-21 20:00:00,0.0723000,0.0743500,0.0693200,0.0737500,41826251,1750550399999,2025-06-21 23:59:59,3004499.2335400,20036,12839076,925540.5547500
1750550400000,2025-06-22 00:00:00,0.0737800,0.0749800,0.0722400,0.0732500,5994851,1750564799999,2025-06-22 03:59:59,440765.3518400,8128,3103271,228387.3485300
1750564800000,2025-06-22 04:00:00,0.0732500,0.0750800,0.0730000,0.0736300,8352607,1750579199999,2025-06-22 07:59:59,617109.8976300,8776,3933835,290962.1126400
1750579200000,2025-06-22 08:00:00,0.0736400,0.0738800,0.0730000,0.0737300,5599283,1750593599999,2025-06-22 11:59:59,411122.1244800,6597,2542983,186858.9855900
1750593600000,2025-06-22 12:00:00,0.0737600,0.0743900,0.0730100,0.0731600,9547141,1750607999999,2025-06-22 15:59:59,701998.3004600,11012,4841266,356195.0479100
1750608000000,2025-06-22 16:00:00,0.0731500,0.0739200,0.0730000,0.0730400,9722059,1750622399999,2025-06-22 19:59:59,712092.1932700,6823,4729013,346426.6564400
1750622400000,2025-06-22 20:00:00,0.0730300,0.0745900,0.0730000,0.0737100,6892984,1750636799999,2025-06-22 23:59:59,506722.0754700,6936,3180911,233853.9373600
1750636800000,2025-06-23 00:00:00,0.0737200,0.0763700,0.0736800,0.0762400,4863312,1750651199999,2025-06-23 03:59:59,364674.3144100,6035,2808424,210310.2551300
1750651200000,2025-06-23 04:00:00,0.0762400,0.0782100,0.0760200,0.0763200,9157714,1750665599999,2025-06-23 07:59:59,703484.3148700,8813,3941579,302849.9626700
1750665600000,2025-06-23 08:00:00,0.0763200,0.0769600,0.0755800,0.0760300,2823889,1750679999999,2025-06-23 11:59:59,215146.6243700,3674,1259045,95930.0097000
1750680000000,2025-06-23 12:00:00,0.0760200,0.0764900,0.0746600,0.0747500,3464401,1750694399999,2025-06-23 15:59:59,261870.5264200,4728,1408080,106430.2960800
1750694400000,2025-06-23 16:00:00,0.0747600,0.0755700,0.0730000,0.0747300,15758999,1750708799999,2025-06-23 19:59:59,1161245.4961500,12270,6528990,482198.3923100
1750708800000,2025-06-23 20:00:00,0.0746700,0.0772500,0.0746700,0.0769300,3927708,1750723199999,2025-06-23 23:59:59,299721.7734700,4893,2219479,169436.1109200
1750723200000,2025-06-24 00:00:00,0.0769600,0.0771800,0.0732100,0.0740100,7651471,1750737599999,2025-06-24 03:59:59,573147.8928800,8246,2955781,220739.4014600
1750737600000,2025-06-24 04:00:00,0.0740000,0.0756200,0.0735900,0.0755200,4699945,1750751999999,2025-06-24 07:59:59,351625.4664000,6940,2573496,192671.4040400
1750752000000,2025-06-24 08:00:00,0.0755200,0.0766000,0.0736900,0.0740900,6907993,1750766399999,2025-06-24 11:59:59,516620.7376400,7161,3301611,247032.4757700
1750766400000,2025-06-24 12:00:00,0.0741000,0.0757000,0.0739500,0.0740100,3986788,1750780799999,2025-06-24 15:59:59,297056.2399700,4766,1873599,139773.0661000
1750780800000,2025-06-24 16:00:00,0.0740300,0.0756000,0.0732800,0.0735600,4530610,1750795199999,2025-06-24 19:59:59,336697.2725600,4740,2190810,162915.9583500
1750795200000,2025-06-24 20:00:00,0.0735500,0.0748100,0.0730000,0.0739900,4285765,1750809599999,2025-06-24 23:59:59,315143.9979400,3192,1494165,110188.0448600
1750809600000,2025-06-25 00:00:00,0.0740100,0.0744300,0.0731800,0.0737800,2765366,1750823999999,2025-06-25 03:59:59,203930.6622700,2886,1233879,91021.3517900
1750824000000,2025-06-25 04:00:00,0.0737500,0.0742400,0.0731800,0.0736400,2573067,1750838399999,2025-06-25 07:59:59,189551.7109800,2529,1198495,88295.3880900
1750838400000,2025-06-25 08:00:00,0.0736100,0.0746000,0.0731800,0.0745100,2550628,1750852799999,2025-06-25 11:59:59,188262.2745700,2942,1336312,98674.2073600
1750852800000,2025-06-25 12:00:00,0.0744800,0.0744900,0.0730700,0.0732400,3443987,1750867199999,2025-06-25 15:59:59,253025.2894200,3811,1479484,108686.3013600
1750867200000,2025-06-25 16:00:00,0.0732700,0.0741600,0.0731000,0.0735400,2310057,1750881599999,2025-06-25 19:59:59,169800.2138800,2997,1080204,79353.5537300
1750881600000,2025-06-25 20:00:00,0.0735800,0.0737700,0.0732100,0.0733400,1425700,1750895999999,2025-06-25 23:59:59,104685.0959200,2368,678742,49841.3522200
1750896000000,2025-06-26 00:00:00,0.0733300,0.0743200,0.0730600,0.0732600,2206594,1750910399999,2025-06-26 03:59:59,162344.0609400,3154,853823,62831.7987400
1750910400000,2025-06-26 04:00:00,0.0732600,0.0738400,0.0730000,0.0732700,3395010,1750924799999,2025-06-26 07:59:59,248491.0781900,6227,1331844,97477.3308400
1750924800000,2025-06-26 08:00:00,0.0732700,0.0745000,0.0730800,0.0732100,3670637,1750939199999,2025-06-26 11:59:59,270348.7715700,5177,1796460,132189.1573000
1750939200000,2025-06-26 12:00:00,0.0732000,0.0736200,0.0730000,0.0734100,3062414,1750953599999,2025-06-26 15:59:59,224229.6698400,5144,1347498,98708.3095300
1750953600000,2025-06-26 16:00:00,0.0734100,0.0736100,0.0731000,0.0732900,933781,1750967999999,2025-06-26 19:59:59,68501.1391500,2156,406012,29791.3788900
1750968000000,2025-06-26 20:00:00,0.0732800,0.0735300,0.0730000,0.0732100,1258419,1750982399999,2025-06-26 23:59:59,92154.6962300,2444,530370,38851.4075400
1750982400000,2025-06-27 00:00:00,0.0732300,0.0733600,0.0730400,0.0731600,1318868,1750996799999,2025-06-27 03:59:59,96541.9612800,2390,465756,34103.8734100
1750996800000,2025-06-27 04:00:00,0.0731700,0.0735000,0.0730600,0.0733900,1782870,1751011199999,2025-06-27 07:59:59,130683.4860100,3212,858344,62940.2534100
1751011200000,2025-06-27 08:00:00,0.0733800,0.0754800,0.0733800,0.0754400,4062112,1751025599999,2025-06-27 11:59:59,302894.7592000,6048,2307464,171886.4849800
1751025600000,2025-06-27 12:00:00,0.0754400,0.0756200,0.0745100,0.0751500,3186779,1751039999999,2025-06-27 15:59:59,239592.8332700,4065,1013042,76211.9245700
1751040000000,2025-06-27 16:00:00,0.0751800,0.0755500,0.0736400,0.0740900,2369635,1751054399999,2025-06-27 19:59:59,176437.5245600,3324,1173656,87349.8797200
1751054400000,2025-06-27 20:00:00,0.0740800,0.0744400,0.0740200,0.0743800,786865,1751068799999,2025-06-27 23:59:59,58432.7351000,1547,327356,24322.9127500
1751068800000,2025-06-28 00:00:00,0.0743800,0.0745700,0.0742200,0.0744300,434192,1751083199999,2025-06-28 03:59:59,32305.8439300,1237,236096,17566.4777600
1751083200000,2025-06-28 04:00:00,0.0744100,0.0750700,0.0740600,0.0746600,1206524,1751097599999,2025-06-28 07:59:59,89904.2770800,1848,606127,45177.2640000
1751097600000,2025-06-28 08:00:00,0.0746400,0.0746900,0.0739400,0.0741300,1179460,1751111999999,2025-06-28 11:59:59,87455.3279600,2209,555393,41194.0612400
1751112000000,2025-06-28 12:00:00,0.0741400,0.0743400,0.0722900,0.0742300,5231543,1751126399999,2025-06-28 15:59:59,383073.8501700,5860,2543077,186308.2913900
1751126400000,2025-06-28 16:00:00,0.0742100,0.0745200,0.0739000,0.0741400,1621771,1751140799999,2025-06-28 19:59:59,120418.4467100,3000,741469,55055.2353000
1751140800000,2025-06-28 20:00:00,0.0741200,0.0742600,0.0735200,0.0740900,1145098,1751155199999,2025-06-28 23:59:59,84666.6939500,4640,636405,47049.3419700
1751155200000,2025-06-29 00:00:00,0.0740900,0.0745500,0.0735400,0.0742100,689801,1751169599999,2025-06-29 03:59:59,51066.1618600,1864,391925,29018.0623400
1751169600000,2025-06-29 04:00:00,0.0742500,0.0756800,0.0741700,0.0755500,1127304,1751183999999,2025-06-29 07:59:59,84699.9300600,2697,581128,43676.9035000
1751184000000,2025-06-29 08:00:00,0.0755700,0.0756700,0.0751900,0.0753000,1268889,1751198399999,2025-06-29 11:59:59,95725.8211600,2159,403491,30451.4518200
1751198400000,2025-06-29 12:00:00,0.0753500,0.0755900,0.0744700,0.0746200,1595075,1751212799999,2025-06-29 15:59:59,119647.7940400,3831,748649,56108.5362200
1751212800000,2025-06-29 16:00:00,0.0746300,0.0756700,0.0746300,0.0756100,841501,1751227199999,2025-06-29 19:59:59,63341.2134700,2846,444401,33421.8518400
1751227200000,2025-06-29 20:00:00,0.0756100,0.0769400,0.0747600,0.0755900,2796594,1751241599999,2025-06-29 23:59:59,212438.3443400,4681,1567731,119156.6303400
1751241600000,2025-06-30 00:00:00,0.0756300,0.0775600,0.0756300,0.0769300,3809700,1751255999999,2025-06-30 03:59:59,291961.6270000,5120,1928718,147829.1127400
1751256000000,2025-06-30 04:00:00,0.0769700,0.0770300,0.0752600,0.0756000,1680011,1751270399999,2025-06-30 07:59:59,128107.9522900,3430,616995,47049.2475300
1751270400000,2025-06-30 08:00:00,0.0755400,0.0757300,0.0746200,0.0748300,1169143,1751284799999,2025-06-30 11:59:59,87691.8405600,2530,654218,49075.2343100
1751284800000,2025-06-30 12:00:00,0.0747600,0.0748300,0.0701400,0.0708000,9218480,1751299199999,2025-06-30 15:59:59,661426.8919300,9683,3948229,283200.6311000
1751299200000,2025-06-30 16:00:00,0.0708200,0.0771400,0.0701300,0.0754000,42595744,1751313599999,2025-06-30 19:59:59,3175767.8247800,37686,22235610,1657482.9262500
1751313600000,2025-06-30 20:00:00,0.0753900,0.0774000,0.0750400,0.0764200,3871809,1751327999999,2025-06-30 23:59:59,295001.6169600,6013,2173114,165486.2549800
1751328000000,2025-07-01 00:00:00,0.0764500,0.0777600,0.0748400,0.0755100,4442262,1751342399999,2025-07-01 03:59:59,338047.5275000,6106,2266788,172450.6158900
1751342400000,2025-07-01 04:00:00,0.0755100,0.0757800,0.0741300,0.0756400,2923276,1751356799999,2025-07-01 07:59:59,219107.4918900,4627,1271048,95382.4590100
1751356800000,2025-07-01 08:00:00,0.0756300,0.0765200,0.0730200,0.0743600,7030176,1751371199999,2025-07-01 11:59:59,523771.0743600,7566,3189268,237809.4393800
1751371200000,2025-07-01 12:00:00,0.0743100,0.0744000,0.0732200,0.0734800,2765152,1751385599999,2025-07-01 15:59:59,204311.2613700,4113,1470518,108675.2144700
1751385600000,2025-07-01 16:00:00,0.0735300,0.0743500,0.0710400,0.0723600,5641171,1751399999999,2025-07-01 19:59:59,409946.5984300,7013,2754226,200668.4214900
1751400000000,2025-07-01 20:00:00,0.0723600,0.0744400,0.0721000,0.0734300,2353669,1751414399999,2025-07-01 23:59:59,172935.7554400,4924,1301971,95667.2937900
1751414400000,2025-07-02 00:00:00,0.0734600,0.0739400,0.0714000,0.0715800,1513582,1751428799999,2025-07-02 03:59:59,110096.3437200,3010,761550,55431.2269000
1751428800000,2025-07-02 04:00:00,0.0715500,0.0749600,0.0715000,0.0748600,2277251,1751443199999,2025-07-02 07:59:59,166660.6883700,4374,1244397,91131.6950800
1751443200000,2025-07-02 08:00:00,0.0748800,0.0759100,0.0730800,0.0756100,3295648,1751457599999,2025-07-02 11:59:59,245218.5355900,6890,1809682,134862.8852000
1751457600000,2025-07-02 12:00:00,0.0756100,0.0761900,0.0737400,0.0756400,6001385,1751471999999,2025-07-02 15:59:59,451281.0325300,10591,2648005,199231.5208700
1751472000000,2025-07-02 16:00:00,0.0756400,0.0764600,0.0754000,0.0756900,2183680,1751486399999,2025-07-02 19:59:59,165773.3770400,6101,915154,69528.6884200
1751486400000,2025-07-02 20:00:00,0.0756900,0.0762000,0.0751100,0.0754800,1219341,1751500799999,2025-07-02 23:59:59,92324.4731100,3012,545593,41339.7054100
1751500800000,2025-07-03 00:00:00,0.0754100,0.0767400,0.0753500,0.0754500,1669857,1751515199999,2025-07-03 03:59:59,127073.8151000,3142,792770,60350.1090800
1751515200000,2025-07-03 04:00:00,0.0753800,0.0766900,0.0753800,0.0759000,1732512,1751529599999,2025-07-03 07:59:59,131704.5773700,3079,1003797,76299.5760300
1751529600000,2025-07-03 08:00:00,0.0758900,0.0759200,0.0749700,0.0750200,1145297,1751543999999,2025-07-03 11:59:59,86446.3898800,2436,461355,34832.2233100
1751544000000,2025-07-03 12:00:00,0.0750200,0.0755400,0.0721500,0.0722700,5077358,1751558399999,2025-07-03 15:59:59,374626.0468800,6785,2196881,162366.4082300
1751558400000,2025-07-03 16:00:00,0.0722500,0.0733900,0.0717000,0.0726300,2674673,1751572799999,2025-07-03 19:59:59,194135.0853700,4766,1346141,97778.8647000
1751572800000,2025-07-03 20:00:00,0.0726500,0.0727900,0.0718800,0.0725000,1750775,1751587199999,2025-07-03 23:59:59,126822.7535700,2974,1067376,77356.2446800
1751587200000,2025-07-04 00:00:00,0.0725300,0.0736800,0.0721200,0.0736100,1719769,1751601599999,2025-07-04 03:59:59,125109.2905200,3266,967708,70464.7492900
1751601600000,2025-07-04 04:00:00,0.0735900,0.0737400,0.0699400,0.0703200,8355791,1751615999999,2025-07-04 07:59:59,594297.0104200,10277,3624155,258107.4452100
1751616000000,2025-07-04 08:00:00,0.0703200,0.0715200,0.0700600,0.0707700,3960950,1751630399999,2025-07-04 11:59:59,279642.7671700,9970,1915753,135308.6532800
1751630400000,2025-07-04 12:00:00,0.0707800,0.0711000,0.0699600,0.0700000,3464891,1751644799999,2025-07-04 15:59:59,243684.2247200,5118,1490923,104928.8570700
1751644800000,2025-07-04 16:00:00,0.0700000,0.0735200,0.0699000,0.0720400,20250991,1751659199999,2025-07-04 19:59:59,1457353.7139500,17815,9992696,719492.0298200
1751659200000,2025-07-04 20:00:00,0.0721100,0.0722500,0.0700500,0.0712000,6347527,1751673599999,2025-07-04 23:59:59,449191.2185600,6670,2907729,205857.0140400
1751673600000,2025-07-05 00:00:00,0.0711600,0.0723500,0.0704900,0.0711400,7914742,1751687999999,2025-07-05 03:59:59,563104.4123500,17244,3894357,277075.8783800
1751688000000,2025-07-05 04:00:00,0.0711200,0.0715300,0.0705000,0.0709900,1989487,1751702399999,2025-07-05 07:59:59,141244.3519000,3716,1128413,80132.2975000
1751702400000,2025-07-05 08:00:00,0.0710200,0.0713300,0.0706300,0.0712100,2182472,1751716799999,2025-07-05 11:59:59,155001.0882500,4790,1036986,73678.5881600
1751716800000,2025-07-05 12:00:00,0.0712100,0.0712600,0.0701100,0.0702000,3640273,1751731199999,2025-07-05 15:59:59,257017.1798000,8744,1772726,125176.3241400
1751731200000,2025-07-05 16:00:00,0.0702000,0.0704100,0.0699400,0.0700400,3136576,1751745599999,2025-07-05 19:59:59,219796.1301500,3898,1093791,76708.0403500
1751745600000,2025-07-05 20:00:00,0.0700500,0.0703700,0.0700100,0.0700800,1848190,1751759999999,2025-07-05 23:59:59,129537.4106200,2797,1022700,71696.9494000
1751760000000,2025-07-06 00:00:00,0.0700600,0.0706900,0.0698100,0.0700400,3408666,1751774399999,2025-07-06 03:59:59,238850.6183200,3296,1528715,107181.7359200
1751774400000,2025-07-06 04:00:00,0.0700600,0.0704400,0.0697600,0.0702100,1792630,1751788799999,2025-07-06 07:59:59,125674.4936400,2538,937078,65723.9552000
1751788800000,2025-07-06 08:00:00,0.0702000,0.0707800,0.0701600,0.0703900,2608394,1751803199999,2025-07-06 11:59:59,183846.2278400,3554,1761531,124177.5943700
1751803200000,2025-07-06 12:00:00,0.0704200,0.0706700,0.0700000,0.0702200,3201764,1751817599999,2025-07-06 15:59:59,225167.1364600,4650,1638338,115302.2468700
1751817600000,2025-07-06 16:00:00,0.0702400,0.0714600,0.0700600,0.0713800,4303073,1751831999999,2025-07-06 19:59:59,305045.3165400,5361,2727537,193425.5632100
1751832000000,2025-07-06 20:00:00,0.0713900,0.0717700,0.0710000,0.0715300,2817110,1751846399999,2025-07-06 23:59:59,200716.3326800,4047,1103111,78683.7324000
1751846400000,2025-07-07 00:00:00,0.0715400,0.0760700,0.0715300,0.0750600,12728932,1751860799999,2025-07-07 03:59:59,948199.0709600,13837,6379269,474503.0710200
1751860800000,2025-07-07 04:00:00,0.0750600,0.0754300,0.0734800,0.0743800,4159735,1751875199999,2025-07-07 07:59:59,308627.1964300,5620,1956712,145170.4306900
1751875200000,2025-07-07 08:00:00,0.0743800,0.0745800,0.0712300,0.0726600,9062883,1751889599999,2025-07-07 11:59:59,657204.9688100,14449,4183654,303259.2685600
1751889600000,2025-07-07 12:00:00,0.0727200,0.0735900,0.0720000,0.0730800,2307448,1751903999999,2025-07-07 15:59:59,167878.5400500,3799,1117575,81354.3321200
1751904000000,2025-07-07 16:00:00,0.0730900,0.0737100,0.0712500,0.0726100,4942195,1751918399999,2025-07-07 19:59:59,357482.9979000,5761,2444611,176729.1666800
1751918400000,2025-07-07 20:00:00,0.0725600,0.0727500,0.0710600,0.0714300,1365403,1751932799999,2025-07-07 23:59:59,98003.7145600,3107,609556,43793.1561100
1751932800000,2025-07-08 00:00:00,0.0714300,0.0717000,0.0710000,0.0713500,3141308,1751947199999,2025-07-08 03:59:59,223834.0624600,3531,1145061,81646.6416400
1751947200000,2025-07-08 04:00:00,0.0713500,0.0725100,0.0710700,0.0718200,1904201,1751961599999,2025-07-08 07:59:59,136602.7532700,4062,1065557,76470.8714200
1751961600000,2025-07-08 08:00:00,0.0718300,0.0724600,0.0712900,0.0722300,1250007,1751975999999,2025-07-08 11:59:59,89967.7157700,2071,624787,44941.6019900
1751976000000,2025-07-08 12:00:00,0.0722200,0.0724000,0.0704100,0.0707800,4975623,1751990399999,2025-07-08 15:59:59,354145.1388000,4957,1943899,138565.9396100
1751990400000,2025-07-08 16:00:00,0.0707600,0.0717100,0.0702800,0.0715500,1916491,1752004799999,2025-07-08 19:59:59,135959.4073700,2930,963717,68355.7595500
1752004800000,2025-07-08 20:00:00,0.0715400,0.0718300,0.0707800,0.0710100,853704,1752019199999,2025-07-08 23:59:59,60831.8645900,1609,368538,26300.4003500
1752019200000,2025-07-09 00:00:00,0.0710300,0.0717400,0.0707700,0.0713200,2170625,1752033599999,2025-07-09 03:59:59,154587.7808900,4761,1004322,71553.1120500
1752033600000,2025-07-09 04:00:00,0.0712700,0.0724300,0.0704600,0.0721700,5083861,1752047999999,2025-07-09 07:59:59,363422.0033100,6639,2613327,186668.6172400
1752048000000,2025-07-09 08:00:00,0.0721700,0.0804400,0.0715600,0.0771000,35626029,1752062399999,2025-07-09 11:59:59,2721511.1529800,42811,18953951,1446422.2889200
1752062400000,2025-07-09 12:00:00,0.0770300,0.0770500,0.0703000,0.0714700,22122220,1752076799999,2025-07-09 15:59:59,1603573.4103900,23614,9075848,656124.9988300
1752076800000,2025-07-09 16:00:00,0.0714600,0.0722900,0.0704900,0.0719200,6590637,1752091199999,2025-07-09 19:59:59,471456.8853800,7128,3634587,259673.1643100
1752091200000,2025-07-09 20:00:00,0.0719000,0.0724000,0.0714300,0.0721400,2544886,1752105599999,2025-07-09 23:59:59,183029.6169000,4249,1019749,73368.3608200
1752105600000,2025-07-10 00:00:00,0.0721400,0.0723800,0.0707800,0.0720900,3241858,1752119999999,2025-07-10 03:59:59,232548.3894200,7587,1561113,112065.2759500
1752120000000,2025-07-10 04:00:00,0.0720800,0.0727700,0.0715500,0.0726400,3676933,1752134399999,2025-07-10 07:59:59,264819.5365500,7113,1957206,141007.6673200
1752134400000,2025-07-10 08:00:00,0.0726400,0.0735600,0.0720000,0.0734500,3516170,1752148799999,2025-07-10 11:59:59,256147.5699000,4773,1914197,139547.5252100
1752148800000,2025-07-10 12:00:00,0.0734700,0.0748000,0.0726700,0.0739500,4779172,1752163199999,2025-07-10 15:59:59,352615.3871400,7095,2573036,190140.2443100
1752163200000,2025-07-10 16:00:00,0.0739500,0.0752500,0.0736500,0.0751700,2300042,1752177599999,2025-07-10 19:59:59,171608.3596200,4619,925918,69102.4078500
1752177600000,2025-07-10 20:00:00,0.0752100,0.0770200,0.0751700,0.0766900,4875248,1752191999999,2025-07-10 23:59:59,370511.4510000,7201,2441476,185600.9691000
1752192000000,2025-07-11 00:00:00,0.0766300,0.0788600,0.0760600,0.0781100,4556361,1752206399999,2025-07-11 03:59:59,353513.4168700,8775,2442596,189660.3645900
1752206400000,2025-07-11 04:00:00,0.0780800,0.0801600,0.0771000,0.0776300,6015441,1752220799999,2025-07-11 07:59:59,472104.7365600,7796,2764608,217177.0109100
1752220800000,2025-07-11 08:00:00,0.0776300,0.0812600,0.0775000,0.0786300,5078816,1752235199999,2025-07-11 11:59:59,402985.5699200,5888,2456617,194970.1070000
1752235200000,2025-07-11 12:00:00,0.0786000,0.0815500,0.0783900,0.0787500,4251322,1752249599999,2025-07-11 15:59:59,339337.3384800,5900,2295439,183314.0542700
1752249600000,2025-07-11 16:00:00,0.0787700,0.0813400,0.0787700,0.0813400,3425450,1752263999999,2025-07-11 19:59:59,273768.2296700,4998,1622812,129731.5411800
1752264000000,2025-07-11 20:00:00,0.0812500,0.0814600,0.0766500,0.0788800,5473316,1752278399999,2025-07-11 23:59:59,430445.4768900,6503,2364113,186161.9502100
1752278400000,2025-07-12 00:00:00,0.0788500,0.0819300,0.0770600,0.0778900,7392406,1752292799999,2025-07-12 03:59:59,587857.3916100,11865,3728876,297188.4761500
1752292800000,2025-07-12 04:00:00,0.0778900,0.0781200,0.0750000,0.0760200,6582308,1752307199999,2025-07-12 07:59:59,502884.7145100,8136,3027542,231320.7775600
1752307200000,2025-07-12 08:00:00,0.0760100,0.0776000,0.0756000,0.0757500,2178971,1752321599999,2025-07-12 11:59:59,166539.5630200,3679,1066878,81669.2398900
1752321600000,2025-07-12 12:00:00,0.0757700,0.0763600,0.0720800,0.0726800,4827567,1752335999999,2025-07-12 15:59:59,358003.4919800,5407,2242952,166171.9484900
1752336000000,2025-07-12 16:00:00,0.0726000,0.0745400,0.0722000,0.0744300,1634069,1752350399999,2025-07-12 19:59:59,120292.1808800,3272,793265,58378.4210500
1752350400000,2025-07-12 20:00:00,0.0744400,0.0744900,0.0729600,0.0739000,1288907,1752364799999,2025-07-12 23:59:59,95200.0063600,2500,586601,43321.2796900
1752364800000,2025-07-13 00:00:00,0.0739000,0.0753600,0.0730100,0.0733900,2413343,1752379199999,2025-07-13 03:59:59,178989.9964900,7121,1176688,87420.1370400
1752379200000,2025-07-13 04:00:00,0.0733900,0.0742900,0.0726100,0.0737700,1753955,1752393599999,2025-07-13 07:59:59,129071.9840200,3223,861071,63428.9488500
1752393600000,2025-07-13 08:00:00,0.0737600,0.0742400,0.0730600,0.0741600,2399336,1752407999999,2025-07-13 11:59:59,176514.7526100,5510,1125640,82877.7742000
1752408000000,2025-07-13 12:00:00,0.0742200,0.0747600,0.0736300,0.0738400,2717565,1752422399999,2025-07-13 15:59:59,201758.6690200,4051,1192694,88594.5066800
1752422400000,2025-07-13 16:00:00,0.0738600,0.0742500,0.0727500,0.0735600,4361513,1752436799999,2025-07-13 19:59:59,321234.5218100,4423,2288612,168800.4634200
1752436800000,2025-07-13 20:00:00,0.0735400,0.0747000,0.0728000,0.0733700,2286754,1752451199999,2025-07-13 23:59:59,168465.0223200,3463,926679,68186.8945800
1752451200000,2025-07-14 00:00:00,0.0734200,0.0773100,0.0731600,0.0762600,5124293,1752465599999,2025-07-14 03:59:59,385595.4354800,9190,2690580,202249.8751400
1752465600000,2025-07-14 04:00:00,0.0763900,0.0801300,0.0758500,0.0792700,3969104,1752479999999,2025-07-14 07:59:59,308473.5865600,7402,1976396,153642.9962500
1752480000000,2025-07-14 08:00:00,0.0793500,0.0798700,0.0756000,0.0790700,11001055,1752494399999,2025-07-14 11:59:59,858676.1642400,12513,5267658,410812.3916500
1752494400000,2025-07-14 12:00:00,0.0790800,0.0812100,0.0782400,0.0789400,10581629,1752508799999,2025-07-14 15:59:59,847609.1193500,14028,5105425,408807.5141000
1752508800000,2025-07-14 16:00:00,0.0790300,0.0808400,0.0758100,0.0758900,7358526,1752523199999,2025-07-14 19:59:59,575555.3537100,9334,3846115,300294.8834700
1752523200000,2025-07-14 20:00:00,0.0758900,0.0769200,0.0752700,0.0765900,2413067,1752537599999,2025-07-14 23:59:59,184048.2424600,3442,1428729,108916.1695500
1752537600000,2025-07-15 00:00:00,0.0766400,0.0772700,0.0741000,0.0763100,4176089,1752551999999,2025-07-15 03:59:59,313835.8038900,5447,1835031,137840.1312700
1752552000000,2025-07-15 04:00:00,0.0763900,0.0768600,0.0708800,0.0722400,12375251,1752566399999,2025-07-15 07:59:59,899751.3673500,15709,5663807,411208.6947200
1752566400000,2025-07-15 08:00:00,0.0722200,0.0729900,0.0708600,0.0713500,5865568,1752580799999,2025-07-15 11:59:59,420490.6868200,8809,2538555,182139.6931800
1752580800000,2025-07-15 12:00:00,0.0713500,0.0727800,0.0704900,0.0724300,6731228,1752595199999,2025-07-15 15:59:59,481645.5171500,7723,3409614,244139.8435400
1752595200000,2025-07-15 16:00:00,0.0724400,0.0733300,0.0712200,0.0713200,5061245,1752609599999,2025-07-15 19:59:59,366053.4647800,7121,2490112,180168.5835100
1752609600000,2025-07-15 20:00:00,0.0713400,0.0736400,0.0712700,0.0733200,2807299,1752623999999,2025-07-15 23:59:59,203728.8079700,5113,1373244,99758.6202400
1752624000000,2025-07-16 00:00:00,0.0733700,0.0735200,0.0715300,0.0723500,4778008,1752638399999,2025-07-16 03:59:59,346108.4628700,8752,1995043,144468.1784600
1752638400000,2025-07-16 04:00:00,0.0723500,0.0742900,0.0721100,0.0735000,3319390,1752652799999,2025-07-16 07:59:59,242925.0534900,5148,1637748,119912.2061100
1752652800000,2025-07-16 08:00:00,0.0735400,0.0740400,0.0723500,0.0725000,3471294,1752667199999,2025-07-16 11:59:59,254311.5680300,5056,1747128,128057.0341800
1752667200000,2025-07-16 12:00:00,0.0725100,0.0729600,0.0712400,0.0717800,5411892,1752681599999,2025-07-16 15:59:59,389644.9499300,6982,2646588,190565.7821600
1752681600000,2025-07-16 16:00:00,0.0718100,0.0735600,0.0712500,0.0713400,4657932,1752695999999,2025-07-16 19:59:59,336612.5302000,5754,2394412,173206.1381700
1752696000000,2025-07-16 20:00:00,0.0713600,0.0735000,0.0707000,0.0711900,5029263,1752710399999,2025-07-16 23:59:59,361684.8945600,7423,2270416,163513.7064200
1752710400000,2025-07-17 00:00:00,0.0711700,0.0722100,0.0701000,0.0705800,7323400,1752724799999,2025-07-17 03:59:59,518941.2154500,7866,2948143,209250.0556900
1752724800000,2025-07-17 04:00:00,0.0705600,0.0718700,0.0705300,0.0711700,5102018,1752739199999,2025-07-17 07:59:59,363406.1246900,6768,2508990,178683.9682700
1752739200000,2025-07-17 08:00:00,0.0711600,0.0717700,0.0703500,0.0708600,7434160,1752753599999,2025-07-17 11:59:59,527852.2305900,12107,3574783,253760.4657100
1752753600000,2025-07-17 12:00:00,0.0708700,0.0714800,0.0705000,0.0711200,5414625,1752767999999,2025-07-17 15:59:59,384016.6042200,5534,2379333,168803.0476000
1752768000000,2025-07-17 16:00:00,0.0711100,0.0712000,0.0700800,0.0707100,8975241,1752782399999,2025-07-17 19:59:59,634653.6994900,9682,2758078,194969.8284000
1752782400000,2025-07-17 20:00:00,0.0706800,0.0714300,0.0700800,0.0709300,4534287,1752796799999,2025-07-17 23:59:59,321177.2095300,5931,1729221,122541.0650300
1752796800000,2025-07-18 00:00:00,0.0709300,0.0720000,0.0701000,0.0716900,6534400,1752811199999,2025-07-18 03:59:59,464583.8693600,6492,3294979,234398.9405900
1752811200000,2025-07-18 04:00:00,0.0717300,0.0725800,0.0705700,0.0713300,8520251,1752825599999,2025-07-18 07:59:59,610743.8449900,12344,3767845,270372.3981200
1752825600000,2025-07-18 08:00:00,0.0713300,0.0716200,0.0702200,0.0710800,4518561,1752839999999,2025-07-18 11:59:59,320407.3376400,5568,1897922,134720.4971100
1752840000000,2025-07-18 12:00:00,0.0710900,0.0719600,0.0701200,0.0704700,5921438,1752854399999,2025-07-18 15:59:59,418935.9020800,5848,2546801,180313.6666000
1752854400000,2025-07-18 16:00:00,0.0704300,0.0712600,0.0701600,0.0702500,4731679,1752868799999,2025-07-18 19:59:59,333808.9728300,4783,2366704,166959.5178800
1752868800000,2025-07-18 20:00:00,0.0702700,0.0706200,0.0697000,0.0701000,10865042,1752883199999,2025-07-18 23:59:59,760012.6879200,7244,3756844,263102.3035800
1752883200000,2025-07-19 00:00:00,0.0701200,0.0704100,0.0697000,0.0703800,6275370,1752897599999,2025-07-19 03:59:59,438428.1286200,5289,1865034,130451.9958400
1752897600000,2025-07-19 04:00:00,0.0703400,0.0714400,0.0702900,0.0711000,3214922,1752911999999,2025-07-19 07:59:59,227960.1610100,4315,1865995,132360.8305400
1752912000000,2025-07-19 08:00:00,0.0711400,0.0711500,0.0701400,0.0701600,1607676,1752926399999,2025-07-19 11:59:59,113283.7220900,3289,768138,54120.0256200
1752926400000,2025-07-19 12:00:00,0.0702000,0.0721000,0.0702000,0.0707800,6877264,1752940799999,2025-07-19 15:59:59,489654.2667700,6854,3025577,215297.5240900
1752940800000,2025-07-19 16:00:00,0.0707800,0.0709400,0.0700200,0.0703700,2924746,1752955199999,2025-07-19 19:59:59,205903.6316400,4258,1199227,84447.5952000
1752955200000,2025-07-19 20:00:00,0.0703600,0.0705800,0.0700400,0.0705800,1527079,1752969599999,2025-07-19 23:59:59,107340.1781700,2699,822746,57821.2572700
1752969600000,2025-07-20 00:00:00,0.0705300,0.0708400,0.0700900,0.0704000,1920901,1752983999999,2025-07-20 03:59:59,135457.7587400,3170,814054,57402.0569100
1752984000000,2025-07-20 04:00:00,0.0704000,0.0707700,0.0700700,0.0707400,1682598,1752998399999,2025-07-20 07:59:59,118438.8700400,3264,919785,64779.2570200
1752998400000,2025-07-20 08:00:00,0.0707000,0.0709300,0.0703500,0.0703900,1876512,1753012799999,2025-07-20 11:59:59,132625.3818900,3110,781088,55222.6736200
1753012800000,2025-07-20 12:00:00,0.0703800,0.0716800,0.0703000,0.0715000,4184017,1753027199999,2025-07-20 15:59:59,296985.6217300,5285,2194827,155893.2524000
1753027200000,2025-07-20 16:00:00,0.0715100,0.0845200,0.0711600,0.0769200,91825683,1753041599999,2025-07-20 19:59:59,7252836.9300300,94032,49965720,3935697.3989400
1753041600000,2025-07-20 20:00:00,0.0768700,0.0774400,0.0741800,0.0754500,7347544,1753055999999,2025-07-20 23:59:59,558294.2839500,17109,3623798,275566.7547200
1753056000000,2025-07-21 00:00:00,0.0755100,0.0784100,0.0749500,0.0773500,6292562,1753070399999,2025-07-21 03:59:59,480069.9894900,8759,3497954,267118.2296800
1753070400000,2025-07-21 04:00:00,0.0773500,0.0785000,0.0758300,0.0780000,6601127,1753084799999,2025-07-21 07:59:59,509755.1635500,8937,3282233,253137.1000700
1753084800000,2025-07-21 08:00:00,0.0781100,0.0835700,0.0779500,0.0822400,11210715,1753099199999,2025-07-21 11:59:59,906031.2592600,14550,5652557,456657.3011100
1753099200000,2025-07-21 12:00:00,0.0821800,0.0822100,0.0665000,0.0666400,76592188,1753113599999,2025-07-21 15:59:59,5542065.3332300,46238,30948948,2248324.2771100
1753113600000,2025-07-21 16:00:00,0.0666900,0.0679400,0.0606400,0.0634300,62981270,1753127999999,2025-07-21 19:59:59,3997310.1235600,42544,28630286,1813231.5555900
1753128000000,2025-07-21 20:00:00,0.0634400,0.0644900,0.0619500,0.0636000,14222980,1753142399999,2025-07-21 23:59:59,901601.0479500,17829,7379692,468190.8643900
1753142400000,2025-07-22 00:00:00,0.0635900,0.0644900,0.0621600,0.0634400,11461445,1753156799999,2025-07-22 03:59:59,726864.4268400,11902,5460470,346636.2746600
1753156800000,2025-07-22 04:00:00,0.0634200,0.0638400,0.0623200,0.0631200,11895706,1753171199999,2025-07-22 07:59:59,750450.0997400,13096,5229283,330125.9094300
1753171200000,2025-07-22 08:00:00,0.0630800,0.0631800,0.0595500,0.0608600,26879382,1753185599999,2025-07-22 11:59:59,1637521.8469000,24110,12435805,757637.3228500
1753185600000,2025-07-22 12:00:00,0.0608600,0.0611500,0.0582900,0.0593900,22886668,1753199999999,2025-07-22 15:59:59,1368662.7020700,19809,10046067,601184.0473400
1753200000000,2025-07-22 16:00:00,0.0593800,0.0602100,0.0584000,0.0585400,13439111,1753214399999,2025-07-22 19:59:59,798424.3338100,12614,6951136,413112.5320600
1753214400000,2025-07-22 20:00:00,0.0584900,0.0595500,0.0582800,0.0590500,4745182,1753228799999,2025-07-22 23:59:59,279301.8683100,10244,2508424,147685.3666300
1753228800000,2025-07-23 00:00:00,0.0590500,0.0591400,0.0569000,0.0577000,14236576,1753243199999,2025-07-23 03:59:59,825786.5677000,13601,6663213,386484.2633600
1753243200000,2025-07-23 04:00:00,0.0577400,0.0586200,0.0568700,0.0579700,11496206,1753257599999,2025-07-23 07:59:59,665002.5756000,11046,5810002,336342.3332100
1753257600000,2025-07-23 08:00:00,0.0579700,0.0587700,0.0570200,0.0587000,11712907,1753271999999,2025-07-23 11:59:59,676723.4493500,11106,6096507,352281.6339300
1753272000000,2025-07-23 12:00:00,0.0587700,0.0597400,0.0572500,0.0593700,10663439,1753286399999,2025-07-23 15:59:59,624288.9401900,13012,5616809,329217.6877700
1753286400000,2025-07-23 16:00:00,0.0593500,0.0596900,0.0575500,0.0583200,7739522,1753300799999,2025-07-23 19:59:59,454061.7890400,7898,3150919,184905.5067800
1753300800000,2025-07-23 20:00:00,0.0582800,0.0587300,0.0546500,0.0561500,11263982,1753315199999,2025-07-23 23:59:59,638155.1867200,16877,4891233,277386.9387000
1753315200000,2025-07-24 00:00:00,0.0562100,0.0579700,0.0557500,0.0571900,5810224,1753329599999,2025-07-24 03:59:59,330448.8495400,18263,3142172,178866.5399600
1753329600000,2025-07-24 04:00:00,0.0572400,0.0575100,0.0530600,0.0558900,11551910,1753343999999,2025-07-24 07:59:59,634426.6121000,22020,5334059,293336.4782900
1753344000000,2025-07-24 08:00:00,0.0559400,0.0584700,0.0557600,0.0574400,5723994,1753358399999,2025-07-24 11:59:59,328330.8683500,20403,2974458,170814.6516400
1753358400000,2025-07-24 12:00:00,0.0574400,0.0586900,0.0569000,0.0579100,7177385,1753372799999,2025-07-24 15:59:59,414587.2307000,7718,3352916,193868.5225900
1753372800000,2025-07-24 16:00:00,0.0578900,0.0591000,0.0568900,0.0572600,7907745,1753387199999,2025-07-24 19:59:59,459020.7595800,7550,3423127,198769.0403800
1753387200000,2025-07-24 20:00:00,0.0572700,0.0577700,0.0564500,0.0566900,2856898,1753401599999,2025-07-24 23:59:59,163078.9225500,4350,1313656,74960.8323000
1753401600000,2025-07-25 00:00:00,0.0566900,0.0567000,0.0531300,0.0535000,6762293,1753415999999,2025-07-25 03:59:59,371818.4481900,6268,2915263,160385.4223000
1753416000000,2025-07-25 04:00:00,0.0534900,0.0561000,0.0527200,0.0550400,8243530,1753430399999,2025-07-25 07:59:59,448617.8963800,7770,4625856,251577.1960000
1753430400000,2025-07-25 08:00:00,0.0550200,0.0560900,0.0545900,0.0557200,3263298,1753444799999,2025-07-25 11:59:59,180865.5250600,3923,1306059,72382.8321000
1753444800000,2025-07-25 12:00:00,0.0557800,0.0559400,0.0540600,0.0545400,2883330,1753459199999,2025-07-25 15:59:59,158623.3613800,3273,1081351,59470.4308700
1753459200000,2025-07-25 16:00:00,0.0545400,0.0561500,0.0544600,0.0546700,4260968,1753473599999,2025-07-25 19:59:59,235800.0631400,4683,1868499,103645.7868500
1753473600000,2025-07-25 20:00:00,0.0546400,0.0556800,0.0542000,0.0547500,4154127,1753487999999,2025-07-25 23:59:59,227721.7041500,4738,1968387,107950.6187300
1753488000000,2025-07-26 00:00:00,0.0547500,0.0560600,0.0545600,0.0558300,4433104,1753502399999,2025-07-26 03:59:59,245521.0690300,4389,2423174,134268.6831800
1753502400000,2025-07-26 04:00:00,0.0558400,0.0568000,0.0546600,0.0554700,5359494,1753516799999,2025-07-26 07:59:59,298452.9420600,7235,2810429,156848.2688100
1753516800000,2025-07-26 08:00:00,0.0554600,0.0566400,0.0550100,0.0565100,3916621,1753531199999,2025-07-26 11:59:59,219201.6508900,5406,1945758,108941.0789400
1753531200000,2025-07-26 12:00:00,0.0565300,0.0569200,0.0558800,0.0560500,4057511,1753545599999,2025-07-26 15:59:59,229098.8821700,5248,1627512,91990.1402600
1753545600000,2025-07-26 16:00:00,0.0561200,0.0565100,0.0552200,0.0554700,4513282,1753559999999,2025-07-26 19:59:59,252092.1464800,9468,1907303,106602.7591700
1753560000000,2025-07-26 20:00:00,0.0554700,0.0554700,0.0527500,0.0532000,5419563,1753574399999,2025-07-26 23:59:59,293426.1563600,10149,2192044,118700.1597400
1753574400000,2025-07-27 00:00:00,0.0531900,0.0535400,0.0511600,0.0515000,9848735,1753588799999,2025-07-27 03:59:59,514731.1980700,13360,4792941,250818.0142600
1753588800000,2025-07-27 04:00:00,0.0514800,0.0541800,0.0513300,0.0538400,6865561,1753603199999,2025-07-27 07:59:59,362182.8298400,10747,3712157,195934.2401600
1753603200000,2025-07-27 08:00:00,0.0538500,0.0547400,0.0528900,0.0541100,6702061,1753617599999,2025-07-27 11:59:59,360544.7922000,10118,3102329,167124.6335300
1753617600000,2025-07-27 12:00:00,0.0541200,0.0549300,0.0533000,0.0547100,5987539,1753631999999,2025-07-27 15:59:59,323963.2284400,8698,2419441,131037.9631200
1753632000000,2025-07-27 16:00:00,0.0547300,0.0551700,0.0533400,0.0548600,6556225,1753646399999,2025-07-27 19:59:59,356848.8783500,11118,3374803,183860.5608100
1753646400000,2025-07-27 20:00:00,0.0548800,0.0558200,0.0540600,0.0548300,5805972,1753660799999,2025-07-27 23:59:59,318953.9367400,5396,2933526,161293.6444600
1753660800000,2025-07-28 00:00:00,0.0548600,0.0559600,0.0544000,0.0546800,4942753,1753675199999,2025-07-28 03:59:59,273852.0264300,12165,2585272,143362.9727600
1753675200000,2025-07-28 04:00:00,0.0547000,0.0579300,0.0541700,0.0572600,12277297,1753689599999,2025-07-28 07:59:59,693248.7528500,17372,7320148,414002.7131500
1753689600000,2025-07-28 08:00:00,0.0572700,0.0589200,0.0563000,0.0571200,7401280,1753703999999,2025-07-28 11:59:59,425824.0724700,14294,3791925,218481.3658300
1753704000000,2025-07-28 12:00:00,0.0570700,0.0589200,0.0555100,0.0568200,16150515,1753718399999,2025-07-28 15:59:59,923653.0792800,18849,6859926,392455.1502600
1753718400000,2025-07-28 16:00:00,0.0568700,0.0578300,0.0548800,0.0552000,10498284,1753732799999,2025-07-28 19:59:59,592727.4039200,14422,5003231,282671.0403500
1753732800000,2025-07-28 20:00:00,0.0552200,0.0553700,0.0523200,0.0525000,5762426,1753747199999,2025-07-28 23:59:59,308635.5453700,12005,2310412,123784.1676400
1753747200000,2025-07-29 00:00:00,0.0525200,0.0531500,0.0508100,0.0519800,6039708,1753761599999,2025-07-29 03:59:59,312001.0861600,8889,2678955,138397.2204200
1753761600000,2025-07-29 04:00:00,0.0519800,0.0522500,0.0503400,0.0519800,4804396,1753775999999,2025-07-29 07:59:59,246912.4571400,5654,2140854,110190.8377800
1753776000000,2025-07-29 08:00:00,0.0519800,0.0539600,0.0467600,0.0477000,46159508,1753790399999,2025-07-29 11:59:59,2254589.8467600,38120,20838807,1017560.8732800
1753790400000,2025-07-29 12:00:00,0.0477200,0.0496200,0.0422700,0.0475000,79535657,1753804799999,2025-07-29 15:59:59,3639757.1096200,56267,36351377,1665196.2378600
1753804800000,2025-07-29 16:00:00,0.0475000,0.0591000,0.0469600,0.0569500,114009749,1753819199999,2025-07-29 19:59:59,6145146.4566100,102351,59035868,3184233.5392700
1753819200000,2025-07-29 20:00:00,0.0568800,0.0588300,0.0550200,0.0581900,23265518,1753833599999,2025-07-29 23:59:59,1329566.3283800,18345,12298273,703548.9541900
1753833600000,2025-07-30 00:00:00,0.0582300,0.0658500,0.0564100,0.0635000,136979037,1753847999999,2025-07-30 03:59:59,8514355.0639100,107104,68898604,4283008.9676700
1753848000000,2025-07-30 04:00:00,0.0635300,0.0654500,0.0601100,0.0631100,189851368,1753862399999,2025-07-30 07:59:59,11869120.1930900,164832,93217356,5831614.8932700
1753862400000,2025-07-30 08:00:00,0.0631000,0.0638500,0.0572400,0.0581600,262024009,1753876799999,2025-07-30 11:59:59,16028486.9213200,190198,125694365,7700424.8927400
1753876800000,2025-07-30 12:00:00,0.0581400,0.0597600,0.0566000,0.0585600,119007174,1753891199999,2025-07-30 15:59:59,6914489.5547800,82280,60387085,3512623.9398000
1753891200000,2025-07-30 16:00:00,0.0585800,0.0654500,0.0557500,0.0590800,169274301,1753905599999,2025-07-30 19:59:59,10086844.6373900,128668,82640461,4929427.3040800
1753905600000,2025-07-30 20:00:00,0.0590800,0.0630000,0.0579400,0.0589700,39050289,1753919999999,2025-07-30 23:59:59,2360513.7716100,33069,19104962,1154548.3402900
1753920000000,2025-07-31 00:00:00,0.0589400,0.0606100,0.0581200,0.0599600,8959544,1753934399999,2025-07-31 03:59:59,529992.1819400,13074,4198189,248554.4304200
1753934400000,2025-07-31 04:00:00,0.0599900,0.0617300,0.0593500,0.0616100,8828083,1753948799999,2025-07-31 07:59:59,532991.3002900,11746,3738729,225833.4338700
1753948800000,2025-07-31 08:00:00,0.0615700,0.0641600,0.0610500,0.0629900,28427293,1753963199999,2025-07-31 11:59:59,1782565.0849000,28627,14096417,884361.9493600
1753963200000,2025-07-31 12:00:00,0.0629900,0.0638100,0.0606100,0.0612400,28839063,1753977599999,2025-07-31 15:59:59,1788538.8760100,37240,14573708,904399.7660300
1753977600000,2025-07-31 16:00:00,0.0612600,0.0678700,0.0612600,0.0652300,69638798,1753991999999,2025-07-31 19:59:59,4530575.1215700,68144,37339962,2430294.4194600
1753992000000,2025-07-31 20:00:00,0.0651800,0.0666300,0.0634200,0.0645100,37011072,1754006399999,2025-07-31 23:59:59,2410029.3273500,42218,19291256,1257278.9967100
1754006400000,2025-08-01 00:00:00,0.0644900,0.0677600,0.0627800,0.0668100,102912319,1754020799999,2025-08-01 03:59:59,6794385.2180900,96344,53816972,3554690.4035100
1754020800000,2025-08-01 04:00:00,0.0668400,0.0710000,0.0658100,0.0673300,131840516,1754035199999,2025-08-01 07:59:59,8889919.6074000,97172,69924812,4718191.3311300
1754035200000,2025-08-01 08:00:00,0.0673200,0.0700000,0.0667100,0.0686800,121427403,1754049599999,2025-08-01 11:59:59,8291391.9853500,93093,61918864,4228984.6302200
1754049600000,2025-08-01 12:00:00,0.0687000,0.0708400,0.0675100,0.0694200,114318386,1754063999999,2025-08-01 15:59:59,7886994.1145300,88845,58047976,4006687.6242300
1754064000000,2025-08-01 16:00:00,0.0694500,0.0699500,0.0671700,0.0692000,59854961,1754078399999,2025-08-01 19:59:59,4123293.6261300,47997,30670461,2113644.8773000
1754078400000,2025-08-01 20:00:00,0.0691900,0.0717000,0.0677800,0.0708600,57942638,1754092799999,2025-08-01 23:59:59,4070211.1036300,43967,31174730,2190088.6434000
1754092800000,2025-08-02 00:00:00,0.0708600,0.0718000,0.0678300,0.0684600,32266390,1754107199999,2025-08-02 03:59:59,2262134.8286900,35772,15529319,1090263.5020400
1754107200000,2025-08-02 04:00:00,0.0684600,0.0700400,0.0678400,0.0697000,19374665,1754121599999,2025-08-02 07:59:59,1337277.6190500,24758,10339671,714177.6012800
1754121600000,2025-08-02 08:00:00,0.0697200,0.0719900,0.0686800,0.0712800,41895334,1754135999999,2025-08-02 11:59:59,2955419.5481700,55552,21409881,1511835.8395300
1754136000000,2025-08-02 12:00:00,0.0712900,0.0719900,0.0701500,0.0705600,24154031,1754150399999,2025-08-02 15:59:59,1714739.6122200,27786,12418735,882203.2829900
1754150400000,2025-08-02 16:00:00,0.0705300,0.0717000,0.0696400,0.0705700,23684103,1754164799999,2025-08-02 19:59:59,1677816.1982000,25343,12455982,882332.8457600
1754164800000,2025-08-02 20:00:00,0.0706000,0.0820000,0.0681900,0.0711000,91615893,1754179199999,2025-08-02 23:59:59,6640687.4663500,98901,48576712,3522043.6775000
1754179200000,2025-08-03 00:00:00,0.0710900,0.0777900,0.0703400,0.0768200,43634921,1754193599999,2025-08-03 03:59:59,3243372.8364100,49321,22965588,1707064.2467000
1754193600000,2025-08-03 04:00:00,0.0767900,0.0782400,0.0727900,0.0746900,54956992,1754207999999,2025-08-03 07:59:59,4139781.2662000,62536,27646213,2082679.2194000
1754208000000,2025-08-03 08:00:00,0.0747200,0.0756700,0.0726700,0.0751100,22958883,1754222399999,2025-08-03 11:59:59,1699329.9819500,28193,11208880,829735.9407800
1754222400000,2025-08-03 12:00:00,0.0751600,0.0768200,0.0748800,0.0756700,20300228,1754236799999,2025-08-03 15:59:59,1540428.9705600,23228,9345754,709833.5903500
1754236800000,2025-08-03 16:00:00,0.0756600,0.0787000,0.0755800,0.0759900,18825339,1754251199999,2025-08-03 19:59:59,1443429.9976200,19475,9205585,705330.5474600
1754251200000,2025-08-03 20:00:00,0.0759800,0.0787400,0.0756700,0.0771700,12107313,1754265599999,2025-08-03 23:59:59,932507.3604200,17690,6786428,522454.3552500
1754265600000,2025-08-04 00:00:00,0.0771900,0.0815800,0.0728600,0.0731800,30085219,1754279999999,2025-08-04 03:59:59,2347928.2830100,33126,14317129,1121194.0382200
1754280000000,2025-08-04 04:00:00,0.0732200,0.0742000,0.0681600,0.0705100,66772560,1754294399999,2025-08-04 07:59:59,4723431.1274700,71328,33562853,2373507.4529900
1754294400000,2025-08-04 08:00:00,0.0705400,0.0724000,0.0667500,0.0685200,35056174,1754308799999,2025-08-04 11:59:59,2417784.7922700,32998,16927780,1168704.4006400
1754308800000,2025-08-04 12:00:00,0.0685200,0.0799700,0.0669700,0.0789500,55921298,1754323199999,2025-08-04 15:59:59,4081626.4524100,68237,30073237,2194662.2930300
1754323200000,2025-08-04 16:00:00,0.0790200,0.0927200,0.0696800,0.0734800,174621492,1754337599999,2025-08-04 19:59:59,14384209.8456700,191688,85670157,7087746.8048700
1754337600000,2025-08-04 20:00:00,0.0734700,0.0774000,0.0722500,0.0762700,29338422,1754351999999,2025-08-04 23:59:59,2200632.9335200,49642,14605944,1095607.3981400
1754352000000,2025-08-05 00:00:00,0.0762800,0.0768800,0.0739200,0.0759500,18619646,1754366399999,2025-08-05 03:59:59,1403859.4339300,28230,8729409,658721.5225200
1754366400000,2025-08-05 04:00:00,0.0760300,0.0792300,0.0705300,0.0751300,35123856,1754380799999,2025-08-05 07:59:59,2641533.5275600,41777,16757386,1262564.2941400
1754380800000,2025-08-05 08:00:00,0.0751200,0.0782500,0.0733200,0.0774500,19128401,1754395199999,2025-08-05 11:59:59,1455138.8708700,36180,9822116,748000.5423100
1754395200000,2025-08-05 12:00:00,0.0774100,0.0777500,0.0716900,0.0734200,14792666,1754409599999,2025-08-05 15:59:59,1094954.6524100,20697,7269457,537468.9944800
1754409600000,2025-08-05 16:00:00,0.0734300,0.0755500,0.0703900,0.0724600,26962801,1754423999999,2025-08-05 19:59:59,1969624.8814600,37152,13064220,955074.2829000
1754424000000,2025-08-05 20:00:00,0.0724600,0.0728200,0.0686100,0.0687000,12275316,1754438399999,2025-08-05 23:59:59,862768.5219000,19289,5592820,392985.8759700
1754438400000,2025-08-06 00:00:00,0.0687200,0.0706500,0.0682900,0.0696300,8239011,1754452799999,2025-08-06 03:59:59,571190.1862300,12928,3788488,262812.2817100
1754452800000,2025-08-06 04:00:00,0.0696300,0.0703700,0.0675200,0.0683900,10279430,1754467199999,2025-08-06 07:59:59,706017.5896500,13473,4200752,288616.9304400
1754467200000,2025-08-06 08:00:00,0.0683900,0.0702900,0.0668200,0.0687800,14510065,1754481599999,2025-08-06 11:59:59,994157.2616700,23636,6508063,446476.1631500
1754481600000,2025-08-06 12:00:00,0.0687500,0.0722100,0.0674000,0.0709100,26079593,1754495999999,2025-08-06 15:59:59,1836768.4986200,29030,12646823,890730.1132300
1754496000000,2025-08-06 16:00:00,0.0709600,0.0735500,0.0707600,0.0725900,9689591,1754510399999,2025-08-06 19:59:59,700296.5167800,16723,4726409,341812.6722900
1754510400000,2025-08-06 20:00:00,0.0725800,0.0725800,0.0695900,0.0700300,6467370,1754524799999,2025-08-06 23:59:59,458873.6456000,9481,2208551,156650.1276300
1754524800000,2025-08-07 00:00:00,0.0700100,0.0713000,0.0683100,0.0684600,7259079,1754539199999,2025-08-07 03:59:59,507447.6042000,12540,2999387,209682.9424200
1754539200000,2025-08-07 04:00:00,0.0684600,0.0764400,0.0625000,0.0747900,66287800,1754553599999,2025-08-07 07:59:59,4508811.6998800,63838,30652427,2093422.4804900
1754553600000,2025-08-07 08:00:00,0.0747800,0.0814400,0.0741700,0.0759000,36743586,1754567999999,2025-08-07 11:59:59,2848637.4878600,34348,18585592,1443726.1034500
1754568000000,2025-08-07 12:00:00,0.0759200,0.0831300,0.0718700,0.0820200,41551512,1754582399999,2025-08-07 15:59:59,3265591.5629000,43226,20132847,1583065.6425400
1754582400000,2025-08-07 16:00:00,0.0819800,0.0834600,0.0786300,0.0793400,17311675,1754596799999,2025-08-07 19:59:59,1407301.0435600,22107,8007008,650886.1957400
1754596800000,2025-08-07 20:00:00,0.0793700,0.0815400,0.0787100,0.0800300,6249410,1754611199999,2025-08-07 23:59:59,499464.3721500,8655,3495414,279156.6930100
1754611200000,2025-08-08 00:00:00,0.0800800,0.0820600,0.0734600,0.0752600,19222025,1754625599999,2025-08-08 03:59:59,1500972.3590200,23499,8354002,654279.6847900
1754625600000,2025-08-08 04:00:00,0.0751700,0.0779500,0.0740000,0.0754500,19843555,1754639999999,2025-08-08 07:59:59,1497132.2034600,18986,9077756,686398.5315700
1754640000000,2025-08-08 08:00:00,0.0753800,0.0786400,0.0740900,0.0746400,13255417,1754654399999,2025-08-08 11:59:59,1005386.9609900,16296,6139557,465725.4555300
1754654400000,2025-08-08 12:00:00,0.0746000,0.0759400,0.0744700,0.0754700,6344359,1754668799999,2025-08-08 15:59:59,476926.9785800,9408,2596846,195245.1577400
1754668800000,2025-08-08 16:00:00,0.0754000,0.0763900,0.0745000,0.0750800,4638158,1754683199999,2025-08-08 19:59:59,349442.0210900,7032,2283212,172128.9857300
1754683200000,2025-08-08 20:00:00,0.0750700,0.0766700,0.0740000,0.0751900,6367399,1754697599999,2025-08-08 23:59:59,477714.6253700,7575,3254609,244802.8014000
1754697600000,2025-08-09 00:00:00,0.0751300,0.0763000,0.0729100,0.0739400,8968593,1754711999999,2025-08-09 03:59:59,665558.8034500,8669,3735139,277380.7280400
1754712000000,2025-08-09 04:00:00,0.0740600,0.0761600,0.0735500,0.0753100,6566709,1754726399999,2025-08-09 07:59:59,490639.4985200,8853,3156998,235935.9044000
1754726400000,2025-08-09 08:00:00,0.0752600,0.0765300,0.0730000,0.0747700,16045494,1754740799999,2025-08-09 11:59:59,1199539.0125700,19869,7938668,593925.0567400
1754740800000,2025-08-09 12:00:00,0.0748400,0.0752300,0.0726500,0.0733800,7210896,1754755199999,2025-08-09 15:59:59,532195.8658500,7970,3099176,228577.5804100
1754755200000,2025-08-09 16:00:00,0.0733800,0.0747200,0.0727700,0.0728300,6849961,1754769599999,2025-08-09 19:59:59,503421.0770900,6909,3304220,242696.2273600
1754769600000,2025-08-09 20:00:00,0.0727900,0.0767900,0.0687500,0.0742000,37851610,1754783999999,2025-08-09 23:59:59,2768400.3002000,25892,18195844,1332495.4004400
1754784000000,2025-08-10 00:00:00,0.0742000,0.0751000,0.0727300,0.0737500,3544519,1754798399999,2025-08-10 03:59:59,261295.0244000,6198,1733943,127713.1105900
1754798400000,2025-08-10 04:00:00,0.0737300,0.0738100,0.0693700,0.0708400,10744167,1754812799999,2025-08-10 07:59:59,765570.6001700,12054,4759605,339046.3382500
1754812800000,2025-08-10 08:00:00,0.0707600,0.0713900,0.0692400,0.0704800,5896841,1754827199999,2025-08-10 11:59:59,414507.6293900,10529,2355366,165779.2299900
1754827200000,2025-08-10 12:00:00,0.0704600,0.0712100,0.0700100,0.0706300,3004432,1754841599999,2025-08-10 15:59:59,212220.0249000,10286,1505416,106385.5065700
1754841600000,2025-08-10 16:00:00,0.0705800,0.0732400,0.0694600,0.0722000,5841349,1754855999999,2025-08-10 19:59:59,416808.2419800,13217,3428586,244750.1419400
1754856000000,2025-08-10 20:00:00,0.0722300,0.0736600,0.0709400,0.0719800,6127345,1754870399999,2025-08-10 23:59:59,442816.6313000,14853,2707575,195889.1228200
1754870400000,2025-08-11 00:00:00,0.0720300,0.0743000,0.0712500,0.0728100,6240685,1754884799999,2025-08-11 03:59:59,455346.4173500,18277,2831839,206876.1648500
1754884800000,2025-08-11 04:00:00,0.0727900,0.0731600,0.0630000,0.0657600,55898206,1754899199999,2025-08-11 07:59:59,3713127.1522900,54748,21166376,1408244.4929100
1754899200000,2025-08-11 08:00:00,0.0657700,0.0669300,0.0638200,0.0645600,13342916,1754913599999,2025-08-11 11:59:59,872722.5103100,33480,6269901,410539.3997300
1754913600000,2025-08-11 12:00:00,0.0645400,0.0655000,0.0641000,0.0645700,6868823,1754927999999,2025-08-11 15:59:59,444082.7787700,18511,3189565,206446.7058600
1754928000000,2025-08-11 16:00:00,0.0645600,0.0650300,0.0637000,0.0642100,7464964,1754942399999,2025-08-11 19:59:59,479855.9792200,18280,3258016,209672.4665600
1754942400000,2025-08-11 20:00:00,0.0642100,0.0646100,0.0632000,0.0640700,10241968,1754956799999,2025-08-11 23:59:59,653334.1898200,18806,4133307,264250.0590000
1754956800000,2025-08-12 00:00:00,0.0640500,0.0644500,0.0633200,0.0638100,6233023,1754971199999,2025-08-12 03:59:59,397656.2485500,18637,2890558,184425.8122700
1754971200000,2025-08-12 04:00:00,0.0638500,0.0642800,0.0632400,0.0632600,4341868,1754985599999,2025-08-12 07:59:59,276348.2816700,13008,1645049,104852.7164000
1754985600000,2025-08-12 08:00:00,0.0632600,0.0645200,0.0606900,0.0620000,53619155,1754999999999,2025-08-12 11:59:59,3354901.3653700,30734,16987484,1063870.7326100
1755000000000,2025-08-12 12:00:00,0.0619900,0.0637200,0.0616300,0.0636800,5554106,1755014399999,2025-08-12 15:59:59,349900.9415100,6346,3131676,197407.0959800
1755014400000,2025-08-12 16:00:00,0.0636000,0.0640100,0.0630600,0.0636700,4415256,1755028799999,2025-08-12 19:59:59,280616.9223900,5807,2361059,150104.7715600
1755028800000,2025-08-12 20:00:00,0.0636900,0.0643000,0.0631700,0.0633000,2586547,1755043199999,2025-08-12 23:59:59,164820.6663200,3584,1185734,75558.8184400
1755043200000,2025-08-13 00:00:00,0.0632700,0.0646400,0.0632200,0.0639200,3298735,1755057599999,2025-08-13 03:59:59,210879.2414800,6901,1679903,107436.7075900
1755057600000,2025-08-13 04:00:00,0.0638700,0.0646900,0.0613700,0.0630900,9948376,1755071999999,2025-08-13 07:59:59,626526.7436700,10315,4839489,304518.9974200
1755072000000,2025-08-13 08:00:00,0.0631000,0.0644500,0.0621800,0.0643300,5981822,1755086399999,2025-08-13 11:59:59,377479.3215900,13320,3252729,205504.5802200
1755086400000,2025-08-13 12:00:00,0.0643800,0.0653600,0.0627900,0.0633800,9103369,1755100799999,2025-08-13 15:59:59,581724.0196200,40373,4083115,261123.1556900
1755100800000,2025-08-13 16:00:00,0.0633900,0.0637400,0.0610400,0.0614700,4937502,1755115199999,2025-08-13 19:59:59,306704.9072000,16207,2122287,131786.3132000
1755115200000,2025-08-13 20:00:00,0.0614800,0.0625200,0.0612900,0.0616600,2615415,1755129599999,2025-08-13 23:59:59,161742.7317100,5004,1481840,91623.0957900
1755129600000,2025-08-14 00:00:00,0.0616700,0.0628000,0.0611600,0.0616100,3595801,1755143999999,2025-08-14 03:59:59,222764.6015200,5409,1905082,118115.7532300
1755144000000,2025-08-14 04:00:00,0.0616200,0.0622300,0.0590900,0.0609900,10003624,1755158399999,2025-08-14 07:59:59,605345.2802600,11904,4738558,287044.9245600
1755158400000,2025-08-14 08:00:00,0.0609800,0.0634700,0.0585800,0.0590600,14708634,1755172799999,2025-08-14 11:59:59,892965.8782400,14090,6999707,425842.7297500
1755172800000,2025-08-14 12:00:00,0.0590700,0.0641800,0.0534900,0.0634600,31633360,1755187199999,2025-08-14 15:59:59,1898112.8707000,21654,14234164,855254.5857600
1755187200000,2025-08-14 16:00:00,0.0634700,0.0663500,0.0613100,0.0620400,42625774,1755201599999,2025-08-14 19:59:59,2717980.8380000,29765,19896219,1271151.1288600
1755201600000,2025-08-14 20:00:00,0.0620200,0.0625400,0.0600700,0.0610100,9312110,1755215999999,2025-08-14 23:59:59,571519.4581500,9999,4510642,277211.0229700
1755216000000,2025-08-15 00:00:00,0.0609700,0.0640200,0.0603700,0.0632900,11405158,1755230399999,2025-08-15 03:59:59,716901.8816700,11681,5099794,320749.7968000
1755230400000,2025-08-15 04:00:00,0.0633000,0.0675000,0.0625400,0.0664900,77910933,1755244799999,2025-08-15 07:59:59,5104507.8973500,65197,38573600,2528806.7613700
1755244800000,2025-08-15 08:00:00,0.0665300,0.0668000,0.0607500,0.0655800,56379713,1755259199999,2025-08-15 11:59:59,3625686.2704600,41936,27298726,1756449.3952400
1755259200000,2025-08-15 12:00:00,0.0655800,0.0685200,0.0624500,0.0667100,56745861,1755273599999,2025-08-15 15:59:59,3757806.2914200,44983,27949650,1854176.5293400
1755273600000,2025-08-15 16:00:00,0.0667100,0.0684700,0.0650500,0.0660600,32627486,1755287999999,2025-08-15 19:59:59,2188047.9747000,26954,16163047,1084749.3614800
1755288000000,2025-08-15 20:00:00,0.0660600,0.0672500,0.0646900,0.0658700,10419111,1755302399999,2025-08-15 23:59:59,687136.5963300,13579,4971591,328311.2018600
1755302400000,2025-08-16 00:00:00,0.0658700,0.0671500,0.0649100,0.0668700,6487814,1755316799999,2025-08-16 03:59:59,427397.5475400,8035,3685810,242980.0819400
1755316800000,2025-08-16 04:00:00,0.0668500,0.0672000,0.0653600,0.0661100,3503248,1755331199999,2025-08-16 07:59:59,231702.2382500,6398,1499654,99215.3328200
1755331200000,2025-08-16 08:00:00,0.0661100,0.0678900,0.0652000,0.0654200,7482004,1755345599999,2025-08-16 11:59:59,498136.2891000,11638,3380726,225537.6391300
1755345600000,2025-08-16 12:00:00,0.0654400,0.0657200,0.0643800,0.0644200,4487921,1755359999999,2025-08-16 15:59:59,291757.4394200,7635,2086114,135657.6063600
1755360000000,2025-08-16 16:00:00,0.0644200,0.0676400,0.0642100,0.0672600,5693481,1755374399999,2025-08-16 19:59:59,373783.4340000,7962,2875340,188674.4455200
1755374400000,2025-08-16 20:00:00,0.0672600,0.0680000,0.0665000,0.0671600,3329459,1755388799999,2025-08-16 23:59:59,223903.3644800,5237,949835,63947.8711400
1755388800000,2025-08-17 00:00:00,0.0671500,0.0681700,0.0667100,0.0674800,2036079,1755403199999,2025-08-17 03:59:59,137468.8455400,4096,906174,61173.7477900
1755403200000,2025-08-17 04:00:00,0.0674400,0.0684000,0.0668900,0.0682600,2157113,1755417599999,2025-08-17 07:59:59,146139.5031800,4027,1038365,70400.5661500
1755417600000,2025-08-17 08:00:00,0.0682600,0.0683900,0.0673400,0.0678600,3209658,1755431999999,2025-08-17 11:59:59,218030.1756300,5636,1734257,117808.7234800
1755432000000,2025-08-17 12:00:00,0.0678800,0.0679700,0.0659300,0.0661600,2764784,1755446399999,2025-08-17 15:59:59,184544.2392600,5974,1537688,102535.8922900
1755446400000,2025-08-17 16:00:00,0.0661700,0.0668600,0.0646700,0.0647200,3241979,1755460799999,2025-08-17 19:59:59,213068.4620800,6121,1391082,91567.4353000
1755460800000,2025-08-17 20:00:00,0.0647300,0.0654100,0.0644600,0.0645600,2710735,1755475199999,2025-08-17 23:59:59,175641.2283000,6428,1630082,105640.5965500
1755475200000,2025-08-18 00:00:00,0.0645400,0.0649900,0.0627200,0.0633200,7648561,1755489599999,2025-08-18 03:59:59,487423.9418100,10657,3647697,232754.7384000
1755489600000,2025-08-18 04:00:00,0.0633000,0.0664300,0.0624600,0.0652500,8000261,1755503999999,2025-08-18 07:59:59,515865.3644300,11254,4354161,280196.0055200
1755504000000,2025-08-18 08:00:00,0.0652200,0.0687800,0.0641000,0.0667800,13846100,1755518399999,2025-08-18 11:59:59,921382.0824600,29860,6530743,434117.5060900
1755518400000,2025-08-18 12:00:00,0.0668300,0.0687000,0.0664400,0.0679700,10033046,1755532799999,2025-08-18 15:59:59,677486.4044500,11182,4825420,326130.0252400
1755532800000,2025-08-18 16:00:00,0.0679300,0.0706600,0.0673600,0.0693500,29105351,1755547199999,2025-08-18 19:59:59,2014284.9627200,27794,14804122,1024462.1056200
1755547200000,2025-08-18 20:00:00,0.0694000,0.0727200,0.0688000,0.0721600,32008926,1755561599999,2025-08-18 23:59:59,2278903.1837900,28581,15211377,1083436.6973400
1755561600000,2025-08-19 00:00:00,0.0722200,0.0738000,0.0710000,0.0726200,51578408,1755575999999,2025-08-19 03:59:59,3741177.2628700,48183,24343345,1766852.3454700
1755576000000,2025-08-19 04:00:00,0.0726700,0.0733600,0.0696300,0.0725300,51952487,1755590399999,2025-08-19 07:59:59,3733940.6193700,52526,24687656,1776270.3270300
1755590400000,2025-08-19 08:00:00,0.0725000,0.0763800,0.0721500,0.0759400,67715858,1755604799999,2025-08-19 11:59:59,5041314.9176600,61019,34944537,2603344.5539500
1755604800000,2025-08-19 12:00:00,0.0759300,0.0784800,0.0741600,0.0762600,72205136,1755619199999,2025-08-19 15:59:59,5497484.1962700,65108,33799446,2575092.2214100
1755619200000,2025-08-19 16:00:00,0.0761800,0.0768500,0.0744600,0.0758300,36796683,1755633599999,2025-08-19 19:59:59,2788197.9434900,33377,17003771,1289197.6835700
1755633600000,2025-08-19 20:00:00,0.0758300,0.0762400,0.0732900,0.0743600,16910739,1755647999999,2025-08-19 23:59:59,1264557.1285200,18400,7369365,552193.7718900
1755648000000,2025-08-20 00:00:00,0.0743600,0.0768800,0.0722800,0.0729000,21556273,1755662399999,2025-08-20 03:59:59,1606995.2927700,25523,9890594,738281.6037300
1755662400000,2025-08-20 04:00:00,0.0729300,0.0745500,0.0720000,0.0726900,14059621,1755676799999,2025-08-20 07:59:59,1027385.0814500,15627,6513867,477355.6140600
1755676800000,2025-08-20 08:00:00,0.0725800,0.0742000,0.0722600,0.0728600,6097291,1755691199999,2025-08-20 11:59:59,446562.0159200,9774,3106266,227609.6044100
1755691200000,2025-08-20 12:00:00,0.0729200,0.0757800,0.0726300,0.0744400,9199076,1755705599999,2025-08-20 15:59:59,681420.4899400,11887,4140493,306408.6215800
1755705600000,2025-08-20 16:00:00,0.0744500,0.0746000,0.0706600,0.0722900,10309550,1755719999999,2025-08-20 19:59:59,744949.1315900,12483,4671340,337376.7673000
1755720000000,2025-08-20 20:00:00,0.0723000,0.0727100,0.0707200,0.0711400,4376515,1755734399999,2025-08-20 23:59:59,313976.8871000,10925,2128286,152783.5521200
1755734400000,2025-08-21 00:00:00,0.0711300,0.0722200,0.0649700,0.0656800,41967363,1755748799999,2025-08-21 03:59:59,2837955.2037200,36079,19382894,1312818.7365200
1755748800000,2025-08-21 04:00:00,0.0656800,0.0662900,0.0544400,0.0559600,102270168,1755763199999,2025-08-21 07:59:59,5921815.7184400,79191,47583077,2747158.0743800
1755763200000,2025-08-21 08:00:00,0.0559200,0.0560400,0.0526900,0.0533200,80447326,1755777599999,2025-08-21 11:59:59,4355618.3605300,68412,37663606,2041074.6775300
1755777600000,2025-08-21 12:00:00,0.0533000,0.0533000,0.0488200,0.0493900,156685289,1755791999999,2025-08-21 15:59:59,7982826.5274200,97858,71851260,3663349.5778500
1755792000000,2025-08-21 16:00:00,0.0493900,0.0494100,0.0457200,0.0483600,296489978,1755806399999,2025-08-21 19:59:59,14073916.6678000,156808,136901238,6502684.6888900
1755806400000,2025-08-21 20:00:00,0.0483600,0.0499000,0.0469400,0.0472500,95193495,1755820799999,2025-08-21 23:59:59,4592255.0419700,57852,44998833,2172683.0276000
1755820800000,2025-08-22 00:00:00,0.0472500,0.0487100,0.0460000,0.0461700,101621482,1755835199999,2025-08-22 03:59:59,4771935.9979500,62572,46720140,2195966.1203300
1755835200000,2025-08-22 04:00:00,0.0461700,0.0480700,0.0452100,0.0476600,91630381,1755849599999,2025-08-22 07:59:59,4267742.0794000,56833,43483672,2027370.3044600
1755849600000,2025-08-22 08:00:00,0.0476700,0.0480500,0.0464700,0.0471100,49112863,1755863999999,2025-08-22 11:59:59,2316611.0256000,38558,24577302,1159774.2705200
1755864000000,2025-08-22 12:00:00,0.0471300,0.0536000,0.0471000,0.0534200,142703644,1755878399999,2025-08-22 15:59:59,7219727.0146600,79109,72987184,3695233.2839500
1755878400000,2025-08-22 16:00:00,0.0533500,0.0821300,0.0533400,0.0795600,614979915,1755892799999,2025-08-22 19:59:59,43203278.5005400,495263,321330333,22572592.1598700
1755892800000,2025-08-22 20:00:00,0.0795600,0.0952300,0.0792000,0.0904300,985584360,1755907199999,2025-08-22 23:59:59,87146966.4892600,835424,494533430,43749861.4736600
1755907200000,2025-08-23 00:00:00,0.0904600,0.0984500,0.0880000,0.0946900,692120464,1755921599999,2025-08-23 03:59:59,64247116.2780300,591697,354638899,32965256.5756300
1755921600000,2025-08-23 04:00:00,0.0946700,0.1650000,0.0769000,0.0778700,3118433483,1755935999999,2025-08-23 07:59:59,347797330.8988700,2564015,1529947496,171670557.1521400
1755936000000,2025-08-23 08:00:00,0.0778600,0.1277500,0.0645400,0.1217000,2940764277,1755950399999,2025-08-23 11:59:59,292781287.6295900,2454636,1503860576,149812736.3730700
1755950400000,2025-08-23 12:00:00,0.1217700,0.1430000,0.1123100,0.1134300,1497005992,1755964799999,2025-08-23 15:59:59,194591743.7335300,1662400,736086254,95871999.3437000
1755964800000,2025-08-23 16:00:00,0.1134900,0.1226400,0.0760900,0.0788000,2195149050,1755979199999,2025-08-23 19:59:59,207970783.9298900,1781890,1080485979,102591823.4468100
1755979200000,2025-08-23 20:00:00,0.0787700,0.0838200,0.0740000,0.0758000,557473486,1755993599999,2025-08-23 23:59:59,43912854.5952600,448036,278177294,21903505.4204900
1755993600000,2025-08-24 00:00:00,0.0758200,0.0806600,0.0724000,0.0740800,464034464,1756007999999,2025-08-24 03:59:59,35490272.8546400,382414,229983908,17580731.9707700
1756008000000,2025-08-24 04:00:00,0.0740800,0.0768400,0.0676300,0.0695900,491120546,1756022399999,2025-08-24 07:59:59,35370004.2442000,344539,233654882,16842445.8957200
1756022400000,2025-08-24 08:00:00,0.0696200,0.0726500,0.0652000,0.0676600,468089186,1756036799999,2025-08-24 11:59:59,32174527.8508400,346188,222983189,15330991.1142500
1756036800000,2025-08-24 12:00:00,0.0676500,0.0691300,0.0639800,0.0667800,360320324,1756051199999,2025-08-24 15:59:59,24010610.9538500,251092,172274575,11479853.8144300
1756051200000,2025-08-24 16:00:00,0.0667900,0.0678800,0.0612300,0.0651100,409381519,1756065599999,2025-08-24 19:59:59,26556431.0028900,275971,195900635,12722738.7790100
1756065600000,2025-08-24 20:00:00,0.0651100,0.0655500,0.0604800,0.0613400,185528339,1756079999999,2025-08-24 23:59:59,11729142.3334000,144167,94101826,5952397.7680800
1756080000000,2025-08-25 00:00:00,0.0613400,0.0630500,0.0583300,0.0594700,207229043,1756094399999,2025-08-25 03:59:59,12665523.1334900,152424,99551337,6087797.4815500
1756094400000,2025-08-25 04:00:00,0.0594900,0.0629000,0.0584500,0.0595000,208654441,1756108799999,2025-08-25 07:59:59,12640945.9715000,155149,99675893,6034326.5261300
1756108800000,2025-08-25 08:00:00,0.0595100,0.0615100,0.0587000,0.0604900,169689312,1756123199999,2025-08-25 11:59:59,10209453.5231000,128506,83990947,5053824.1852300
1756123200000,2025-08-25 12:00:00,0.0605000,0.0616600,0.0572500,0.0577700,184646546,1756137599999,2025-08-25 15:59:59,10996273.3884900,119437,89646611,5344131.3401700
1756137600000,2025-08-25 16:00:00,0.0577900,0.0608900,0.0568900,0.0586100,140940334,1756151999999,2025-08-25 19:59:59,8292161.8745200,96625,64569356,3798056.0234800
1756152000000,2025-08-25 20:00:00,0.0586100,0.0596300,0.0561200,0.0589800,126113294,1756166399999,2025-08-25 23:59:59,7341957.8546500,85408,64598264,3761316.3849300
1756166400000,2025-08-26 00:00:00,0.0589900,0.0601100,0.0579800,0.0583100,70174936,1756180799999,2025-08-26 03:59:59,4140138.8946900,58551,32899389,1941438.4265200
1756180800000,2025-08-26 04:00:00,0.0582800,0.0584900,0.0562000,0.0569900,72600403,1756195199999,2025-08-26 07:59:59,4151295.6358300,53833,37711335,2156689.4396200
1756195200000,2025-08-26 08:00:00,0.0569900,0.0570500,0.0555500,0.0559400,63215224,1756209599999,2025-08-26 11:59:59,3560270.3394700,44403,29247119,1647369.6377500
1756209600000,2025-08-26 12:00:00,0.0559500,0.0577000,0.0551200,0.0553900,94159916,1756223999999,2025-08-26 15:59:59,5278480.6905300,57056,43016057,2409427.9889900
1756224000000,2025-08-26 16:00:00,0.0554000,0.0574200,0.0545600,0.0569000,90018763,1756238399999,2025-08-26 19:59:59,5021175.5958600,53874,42944067,2395887.8257300
1756238400000,2025-08-26 20:00:00,0.0569000,0.0570300,0.0545300,0.0550600,132136345,1756252799999,2025-08-26 23:59:59,7327188.5610000,63941,65418037,3624753.2161800
1756252800000,2025-08-27 00:00:00,0.0550800,0.0563900,0.0532300,0.0560200,161713246,1756267199999,2025-08-27 03:59:59,8852237.6828000,78631,75866723,4152467.5727400
1756267200000,2025-08-27 04:00:00,0.0560100,0.0568800,0.0542100,0.0547900,81140711,1756281599999,2025-08-27 07:59:59,4516205.3828900,53053,40283763,2243941.7123300
1756281600000,2025-08-27 08:00:00,0.0548100,0.0570000,0.0543300,0.0560700,58376626,1756295999999,2025-08-27 11:59:59,3242419.4381200,46095,28854704,1603724.1163200
1756296000000,2025-08-27 12:00:00,0.0560700,0.0570400,0.0547200,0.0551400,88001295,1756310399999,2025-08-27 15:59:59,4923705.2147500,56422,43715472,2444215.1035300
1756310400000,2025-08-27 16:00:00,0.0551300,0.0552100,0.0517800,0.0534000,104783064,1756324799999,2025-08-27 19:59:59,5595823.8610600,61233,48927360,2615249.8209300
1756324800000,2025-08-27 20:00:00,0.0534000,0.0548300,0.0525400,0.0529000,41762333,1756339199999,2025-08-27 23:59:59,2240045.5689300,29375,19211078,1030307.7523400
1756339200000,2025-08-28 00:00:00,0.0528800,0.0539200,0.0521200,0.0535000,31479391,1756353599999,2025-08-28 03:59:59,1671484.9988000,23064,15341422,815143.4300600
1756353600000,2025-08-28 04:00:00,0.0535100,0.0563400,0.0534700,0.0551700,51816688,1756367999999,2025-08-28 07:59:59,2861134.9970200,36135,25402110,1401351.4153200
1756368000000,2025-08-28 08:00:00,0.0551700,0.0566000,0.0551000,0.0562300,36602263,1756382399999,2025-08-28 11:59:59,2049524.9696700,31270,18836993,1055345.9138900
1756382400000,2025-08-28 12:00:00,0.0562200,0.0590000,0.0559200,0.0582000,69250180,1756396799999,2025-08-28 15:59:59,4001621.3012500,52007,34124606,1972375.0987900
1756396800000,2025-08-28 16:00:00,0.0582200,0.0595700,0.0553300,0.0554300,48556612,1756411199999,2025-08-28 19:59:59,2777694.3038300,46656,20850024,1193536.1455900
1756411200000,2025-08-28 20:00:00,0.0554300,0.0578800,0.0550300,0.0574200,23114786,1756425599999,2025-08-28 23:59:59,1307137.7991000,30849,10997024,621494.7450600
1756425600000,2025-08-29 00:00:00,0.0574100,0.0576200,0.0559300,0.0560100,23244994,1756439999999,2025-08-29 03:59:59,1318083.2208200,23327,9979958,566277.5499400
1756440000000,2025-08-29 04:00:00,0.0560100,0.0564400,0.0531000,0.0533700,44745982,1756454399999,2025-08-29 07:59:59,2444984.2415000,25834,18840875,1028440.0560000
1756454400000,2025-08-29 08:00:00,0.0533500,0.0536000,0.0514100,0.0523400,50614069,1756468799999,2025-08-29 11:59:59,2656736.4969900,39068,23909145,1254202.0956200
1756468800000,2025-08-29 12:00:00,0.0523300,0.0532500,0.0517500,0.0525600,39909297,1756483199999,2025-08-29 15:59:59,2095367.6780000,28928,19111677,1003849.3100200
1756483200000,2025-08-29 16:00:00,0.0525400,0.0528900,0.0510100,0.0522700,28993077,1756497599999,2025-08-29 19:59:59,1506813.9132300,24361,13521956,703006.2758200
1756497600000,2025-08-29 20:00:00,0.0522700,0.0536000,0.0517600,0.0532600,21263116,1756511999999,2025-08-29 23:59:59,1120259.6087600,18859,10594529,558244.1814300
1756512000000,2025-08-30 00:00:00,0.0532500,0.0542700,0.0527700,0.0538300,20011486,1756526399999,2025-08-30 03:59:59,1069617.5226400,19722,9640268,515625.9269800
1756526400000,2025-08-30 04:00:00,0.0538200,0.0551700,0.0535200,0.0547100,20805294,1756540799999,2025-08-30 07:59:59,1130298.5072200,27311,10519093,571730.9985100
1756540800000,2025-08-30 08:00:00,0.0547000,0.0554300,0.0543400,0.0546200,17657075,1756555199999,2025-08-30 11:59:59,968828.4038600,20152,7953554,436587.6912500
1756555200000,2025-08-30 12:00:00,0.0546100,0.0546300,0.0530400,0.0535600,23186472,1756569599999,2025-08-30 15:59:59,1246312.6785000,22341,9510593,511166.8281300
1756569600000,2025-08-30 16:00:00,0.0535600,0.0540500,0.0525100,0.0532500,16651198,1756583999999,2025-08-30 19:59:59,886028.6320900,21253,8472859,450982.2030700
1756584000000,2025-08-30 20:00:00,0.0532400,0.0550000,0.0527200,0.0543600,12572405,1756598399999,2025-08-30 23:59:59,674342.2283200,17084,6354754,341356.4642700
1756598400000,2025-08-31 00:00:00,0.0543500,0.0575300,0.0542000,0.0561800,36948643,1756612799999,2025-08-31 03:59:59,2075380.8658200,32171,17386852,976966.6090900
1756612800000,2025-08-31 04:00:00,0.0561900,0.0570600,0.0550800,0.0563300,22806086,1756627199999,2025-08-31 07:59:59,1274951.2765900,25717,12056630,674560.4800600
1756627200000,2025-08-31 08:00:00,0.0563300,0.0563300,0.0535200,0.0542200,21182953,1756641599999,2025-08-31 11:59:59,1164237.4146100,17964,8910809,489992.5484000
1756641600000,2025-08-31 12:00:00,0.0542200,0.0548000,0.0538500,0.0543400,11789713,1756655999999,2025-08-31 15:59:59,640780.8297200,20338,5929130,322319.1301400
1756656000000,2025-08-31 16:00:00,0.0543500,0.0554400,0.0539600,0.0549100,18442813,1756670399999,2025-08-31 19:59:59,1009199.9379300,23623,9531636,521508.9605000
1756670400000,2025-08-31 20:00:00,0.0549000,0.0558800,0.0538300,0.0539400,19793269,1756684799999,2025-08-31 23:59:59,1089629.2740700,24506,9101748,500449.4292400
1756684800000,2025-09-01 00:00:00,0.0539400,0.0547800,0.0530100,0.0537900,31184305,1756699199999,2025-09-01 03:59:59,1676218.9408000,28586,14056770,755734.8044700
1756699200000,2025-09-01 04:00:00,0.0537700,0.0537800,0.0517100,0.0537100,35788035,1756713599999,2025-09-01 07:59:59,1886120.0499100,30225,17389179,916582.1825600
1756713600000,2025-09-01 08:00:00,0.0537400,0.0553900,0.0529900,0.0531300,24419310,1756727999999,2025-09-01 11:59:59,1328228.9435000,25594,10391604,565576.4896800
1756728000000,2025-09-01 12:00:00,0.0531500,0.0535400,0.0514700,0.0520700,20852099,1756742399999,2025-09-01 15:59:59,1094805.9613100,24827,10467141,549869.1212600
1756742400000,2025-09-01 16:00:00,0.0520700,0.0521400,0.0507300,0.0513000,17431633,1756756799999,2025-09-01 19:59:59,895830.8016200,23716,7916958,407118.7674400
1756756800000,2025-09-01 20:00:00,0.0512900,0.0516000,0.0487300,0.0504800,27014065,1756771199999,2025-09-01 23:59:59,1353653.1037100,26540,11569096,579639.8527600
1756771200000,2025-09-02 00:00:00,0.0505100,0.0517200,0.0499500,0.0517200,11268176,1756785599999,2025-09-02 03:59:59,572709.7724400,22479,5755760,292627.2132200
1756785600000,2025-09-02 04:00:00,0.0517200,0.0521800,0.0512200,0.0515900,9676880,1756799999999,2025-09-02 07:59:59,500130.5067400,30813,4454290,230283.3128900
1756800000000,2025-09-02 08:00:00,0.0515900,0.0528200,0.0511300,0.0520900,11160925,1756814399999,2025-09-02 11:59:59,580597.9225600,25594,5507345,286781.1123200
1756814400000,2025-09-02 12:00:00,0.0521400,0.0522800,0.0493500,0.0493700,29471248,1756828799999,2025-09-02 15:59:59,1505927.7903100,31156,13139344,671397.0748300
1756828800000,2025-09-02 16:00:00,0.0493800,0.0507800,0.0493700,0.0507800,15018380,1756843199999,2025-09-02 19:59:59,753433.3868400,22286,7367645,369508.4619300
1756843200000,2025-09-02 20:00:00,0.0507900,0.0521100,0.0506300,0.0512600,12637009,1756857599999,2025-09-02 23:59:59,649811.0005500,17552,5286302,271528.7903400
1756857600000,2025-09-03 00:00:00,0.0512700,0.0517000,0.0505400,0.0513300,8637625,1756871999999,2025-09-03 03:59:59,442209.7464400,22725,3964794,203043.1687600
1756872000000,2025-09-03 04:00:00,0.0513400,0.0520500,0.0509200,0.0517900,7008959,1756886399999,2025-09-03 07:59:59,361600.5185200,18440,3460912,178543.5580100
1756886400000,2025-09-03 08:00:00,0.0517800,0.0527600,0.0507300,0.0513600,10992460,1756900799999,2025-09-03 11:59:59,567182.8863600,20703,5099863,263097.7242300
1756900800000,2025-09-03 12:00:00,0.0513900,0.0526600,0.0509200,0.0515100,13337128,1756915199999,2025-09-03 15:59:59,688975.8343700,22790,6161409,318215.7245200
1756915200000,2025-09-03 16:00:00,0.0515200,0.0520800,0.0510200,0.0512400,5923663,1756929599999,2025-09-03 19:59:59,304655.4597100,16912,2555533,131408.1142100
1756929600000,2025-09-03 20:00:00,0.0512500,0.0523600,0.0508600,0.0521200,6327005,1756943999999,2025-09-03 23:59:59,326571.0042600,17125,3061145,158002.0340000
1756944000000,2025-09-04 00:00:00,0.0521200,0.0526900,0.0510600,0.0512300,8643172,1756958399999,2025-09-04 03:59:59,448952.9355000,24244,4168987,216629.7509900
1756958400000,2025-09-04 04:00:00,0.0511900,0.0519500,0.0502500,0.0506200,12406291,1756972799999,2025-09-04 07:59:59,631434.5950800,25261,5942809,302547.8391600
1756972800000,2025-09-04 08:00:00,0.0506100,0.0512300,0.0504400,0.0506800,5377770,1756987199999,2025-09-04 11:59:59,273311.3156000,20214,2516412,127878.7902800
1756987200000,2025-09-04 12:00:00,0.0506800,0.0514000,0.0499600,0.0505500,8928378,1757001599999,2025-09-04 15:59:59,451233.5363600,23884,4103914,207542.9083500
1757001600000,2025-09-04 16:00:00,0.0505600,0.0527700,0.0502300,0.0526400,15097201,1757015999999,2025-09-04 19:59:59,783442.7825700,29797,7432873,385959.2180200
1757016000000,2025-09-04 20:00:00,0.0526400,0.0579500,0.0525500,0.0560600,76028860,1757030399999,2025-09-04 23:59:59,4211956.5362100,72827,38763963,2148694.2951400
1757030400000,2025-09-05 00:00:00,0.0560200,0.0573500,0.0542800,0.0564900,35548874,1757044799999,2025-09-05 03:59:59,1984034.6857700,47730,16451465,917987.0292400
1757044800000,2025-09-05 04:00:00,0.0565100,0.0573500,0.0547300,0.0566000,33799299,1757059199999,2025-09-05 07:59:59,1896161.2001400,48198,16096825,903611.9044400
1757059200000,2025-09-05 08:00:00,0.0566000,0.0582700,0.0541600,0.0551300,37382449,1757073599999,2025-09-05 11:59:59,2099407.8599500,44574,17808430,1000771.5478900
1757073600000,2025-09-05 12:00:00,0.0551400,0.0568400,0.0537900,0.0554300,27645411,1757087999999,2025-09-05 15:59:59,1527887.4217700,42399,13371488,739387.2829200
1757088000000,2025-09-05 16:00:00,0.0554300,0.0558700,0.0541900,0.0548500,9831296,1757102399999,2025-09-05 19:59:59,540255.3527400,32061,4606806,253436.0318000
1757102400000,2025-09-05 20:00:00,0.0548200,0.0552700,0.0534700,0.0546000,10992550,1757116799999,2025-09-05 23:59:59,598610.4127800,24136,5224998,284286.4827900
1757116800000,2025-09-06 00:00:00,0.0546100,0.0579900,0.0539300,0.0564600,19292126,1757131199999,2025-09-06 03:59:59,1086426.2434200,30133,10095302,568890.8903800
1757131200000,2025-09-06 04:00:00,0.0564600,0.0576100,0.0552700,0.0557000,15306112,1757145599999,2025-09-06 07:59:59,861077.7295000,17696,7372313,415226.5748200
1757145600000,2025-09-06 08:00:00,0.0557600,0.0564300,0.0547300,0.0561300,8548944,1757159999999,2025-09-06 11:59:59,475383.5444500,11712,3583618,199332.1770900
1757160000000,2025-09-06 12:00:00,0.0561300,0.0564000,0.0539100,0.0540800,8893960,1757174399999,2025-09-06 15:59:59,490195.8438300,11003,3722503,205474.3567800
1757174400000,2025-09-06 16:00:00,0.0540900,0.0543100,0.0526100,0.0528300,8925107,1757188799999,2025-09-06 19:59:59,475514.9646400,11235,4028360,214551.8419500
1757188800000,2025-09-06 20:00:00,0.0528300,0.0533700,0.0520100,0.0522600,8478617,1757203199999,2025-09-06 23:59:59,447290.1944900,8383,3552899,187556.5752800
1757203200000,2025-09-07 00:00:00,0.0522700,0.0544600,0.0522500,0.0542200,18195726,1757217599999,2025-09-07 03:59:59,974274.7639900,21229,9237559,494257.4632000
1757217600000,2025-09-07 04:00:00,0.0542200,0.0547400,0.0530300,0.0530300,9679651,1757231999999,2025-09-07 07:59:59,521301.7476100,20431,4277670,230539.5152800
1757232000000,2025-09-07 08:00:00,0.0530900,0.0538300,0.0526100,0.0533900,9283731,1757246399999,2025-09-07 11:59:59,494193.9282800,13279,3934900,209604.1690100
1757246400000,2025-09-07 12:00:00,0.0533500,0.0537400,0.0516800,0.0525200,14722676,1757260799999,2025-09-07 15:59:59,775455.8563900,17692,5378579,283726.3302200
1757260800000,2025-09-07 16:00:00,0.0524600,0.0526500,0.0515000,0.0522500,11016732,1757275199999,2025-09-07 19:59:59,574767.8086900,12116,4606739,240599.6175300
1757275200000,2025-09-07 20:00:00,0.0522900,0.0539900,0.0520800,0.0538500,9596830,1757289599999,2025-09-07 23:59:59,508785.6766600,10145,4712085,249837.3682000
1757289600000,2025-09-08 00:00:00,0.0538600,0.0553700,0.0529300,0.0552100,12385254,1757303999999,2025-09-08 03:59:59,670096.6115100,16486,5947155,322365.7244100
1757304000000,2025-09-08 04:00:00,0.0552100,0.0553800,0.0537100,0.0546600,14414749,1757318399999,2025-09-08 07:59:59,788333.5589100,13721,5998912,328340.2523500
1757318400000,2025-09-08 08:00:00,0.0546400,0.0575600,0.0536700,0.0557400,35224491,1757332799999,2025-09-08 11:59:59,1963875.1336400,31442,15752479,879776.2910400
1757332800000,2025-09-08 12:00:00,0.0557400,0.0633000,0.0556400,0.0609000,113065715,1757347199999,2025-09-08 15:59:59,6740433.8471400,93726,54187579,3232591.9753900
1757347200000,2025-09-08 16:00:00,0.0608700,0.0622800,0.0565100,0.0593800,56364354,1757361599999,2025-09-08 19:59:59,3333277.8258400,53473,24788999,1467395.3433400
1757361600000,2025-09-08 20:00:00,0.0593700,0.0599100,0.0575500,0.0598000,24129527,1757375999999,2025-09-08 23:59:59,1418101.8383500,24757,11089215,652468.0458300
1757376000000,2025-09-09 00:00:00,0.0597300,0.0611400,0.0564700,0.0576700,23490584,1757390399999,2025-09-09 03:59:59,1381688.9090800,22998,9816157,578933.0159800
1757390400000,2025-09-09 04:00:00,0.0576400,0.0592100,0.0567800,0.0579500,19010757,1757404799999,2025-09-09 07:59:59,1102597.5445800,19878,8118874,471421.7125500
1757404800000,2025-09-09 08:00:00,0.0579100,0.0584200,0.0561000,0.0564700,14555163,1757419199999,2025-09-09 11:59:59,831968.3760200,19364,5786102,330985.5163800
1757419200000,2025-09-09 12:00:00,0.0565000,0.0567700,0.0543700,0.0555500,23580184,1757433599999,2025-09-09 15:59:59,1305047.0063000,19398,9879197,547030.4879300
1757433600000,2025-09-09 16:00:00,0.0555300,0.0567000,0.0538100,0.0545700,19663573,1757447999999,2025-09-09 19:59:59,1083690.8557500,26632,8868633,489309.6821000
1757448000000,2025-09-09 20:00:00,0.0545500,0.0550400,0.0533600,0.0545800,9880560,1757462399999,2025-09-09 23:59:59,535752.1027000,12358,4281706,232210.3489800
1757462400000,2025-09-10 00:00:00,0.0545500,0.0570300,0.0545100,0.0560800,14585207,1757476799999,2025-09-10 03:59:59,815068.3018300,19262,7898536,440493.9703000
1757476800000,2025-09-10 04:00:00,0.0561000,0.0562000,0.0549500,0.0554900,11630991,1757491199999,2025-09-10 07:59:59,645946.2519000,12914,4741941,263639.2983800
1757491200000,2025-09-10 08:00:00,0.0555000,0.0563500,0.0548400,0.0562300,9435982,1757505599999,2025-09-10 11:59:59,522846.1711200,10955,4162953,231015.0845600
1757505600000,2025-09-10 12:00:00,0.0561700,0.0573000,0.0545000,0.0562900,21566365,1757519999999,2025-09-10 15:59:59,1214420.6087700,21229,9072072,511437.4544200
1757520000000,2025-09-10 16:00:00,0.0562900,0.0584500,0.0553900,0.0560200,22653915,1757534399999,2025-09-10 19:59:59,1290312.9903800,19916,10325278,588735.6668800
1757534400000,2025-09-10 20:00:00,0.0560200,0.0576100,0.0558600,0.0573400,6326794,1757548799999,2025-09-10 23:59:59,360899.5089000,9013,2944303,167885.7031000
1757548800000,2025-09-11 00:00:00,0.0573100,0.0588300,0.0561200,0.0569100,11811311,1757563199999,2025-09-11 03:59:59,677259.1260400,13749,5503624,316247.4101900
1757563200000,2025-09-11 04:00:00,0.0569200,0.0574700,0.0561300,0.0568200,7761379,1757577599999,2025-09-11 07:59:59,440618.9641000,10152,3034667,172458.6000000
1757577600000,2025-09-11 08:00:00,0.0568000,0.0579300,0.0556500,0.0557700,11118861,1757591999999,2025-09-11 11:59:59,632637.9170700,12555,4233380,241104.8887100
1757592000000,2025-09-11 12:00:00,0.0557900,0.0574500,0.0552700,0.0559100,15039920,1757606399999,2025-09-11 15:59:59,847361.4629200,16282,6155410,347081.5849900
1757606400000,2025-09-11 16:00:00,0.0558700,0.0569400,0.0557900,0.0562000,5209896,1757620799999,2025-09-11 19:59:59,294235.8779500,7488,2901039,163788.6849800
1757620800000,2025-09-11 20:00:00,0.0562200,0.0577600,0.0560200,0.0565100,7052946,1757635199999,2025-09-11 23:59:59,401223.0812400,9534,3413547,194215.3867800
1757635200000,2025-09-12 00:00:00,0.0565300,0.0595300,0.0564400,0.0586700,14137878,1757649599999,2025-09-12 03:59:59,819096.0926300,18725,7276212,421621.7515300
1757649600000,2025-09-12 04:00:00,0.0586500,0.0591800,0.0573500,0.0582100,9333695,1757663999999,2025-09-12 07:59:59,543495.7543600,9231,4274831,249085.4724500
1757664000000,2025-09-12 08:00:00,0.0581700,0.0582900,0.0560400,0.0570200,10637556,1757678399999,2025-09-12 11:59:59,605271.2996100,10585,4762736,271324.7658500
1757678400000,2025-09-12 12:00:00,0.0570000,0.0577400,0.0560500,0.0577200,9360527,1757692799999,2025-09-12 15:59:59,531574.5205600,10131,4283618,243579.2801200
1757692800000,2025-09-12 16:00:00,0.0577500,0.0611200,0.0570700,0.0594100,13583025,1757707199999,2025-09-12 19:59:59,799114.9661400,16440,6240541,367440.9792700
1757707200000,2025-09-12 20:00:00,0.0594400,0.0603100,0.0580800,0.0601700,10146794,1757721599999,2025-09-12 23:59:59,599778.6623900,12038,4510575,266865.5351000
1757721600000,2025-09-13 00:00:00,0.0600700,0.0602600,0.0582400,0.0596300,12706960,1757735999999,2025-09-13 03:59:59,753308.4572000,11371,6264598,371549.7660800
1757736000000,2025-09-13 04:00:00,0.0595700,0.0689900,0.0593400,0.0677200,122416823,1757750399999,2025-09-13 07:59:59,8022429.1631700,118990,57881894,3799734.9139700
1757750400000,2025-09-13 08:00:00,0.0677500,0.0699400,0.0651700,0.0672100,55611234,1757764799999,2025-09-13 11:59:59,3765755.6395700,59704,25218017,1708787.1597100
1757764800000,2025-09-13 12:00:00,0.0672600,0.0693600,0.0650000,0.0670400,52317726,1757779199999,2025-09-13 15:59:59,3540001.1339400,47170,23435476,1586204.1527900
1757779200000,2025-09-13 16:00:00,0.0669900,0.0709900,0.0653500,0.0700300,45954298,1757793599999,2025-09-13 19:59:59,3148525.9134600,50696,21780912,1494852.1781300
1757793600000,2025-09-13 20:00:00,0.0699700,0.0736800,0.0650200,0.0707000,60971387,1757807999999,2025-09-13 23:59:59,4223147.2230300,77339,27405174,1902663.9362500
1757808000000,2025-09-14 00:00:00,0.0707100,0.0709000,0.0655100,0.0658400,29967358,1757822399999,2025-09-14 03:59:59,2041143.3916500,43171,12077559,825251.7094600
1757822400000,2025-09-14 04:00:00,0.0658900,0.0682600,0.0624500,0.0651400,49921435,1757836799999,2025-09-14 07:59:59,3271151.8369100,55035,22323952,1464840.5225900
1757836800000,2025-09-14 08:00:00,0.0651400,0.0660100,0.0620200,0.0625200,21594806,1757851199999,2025-09-14 11:59:59,1381772.6903500,19448,8361450,536204.0987400
1757851200000,2025-09-14 12:00:00,0.0625700,0.0653500,0.0609900,0.0643700,39289121,1757865599999,2025-09-14 15:59:59,2486476.9042700,38380,18028834,1141795.6930200
1757865600000,2025-09-14 16:00:00,0.0643100,0.0655900,0.0612300,0.0616900,18126413,1757879999999,2025-09-14 19:59:59,1148272.5076000,18942,8498050,539676.9557500
1757880000000,2025-09-14 20:00:00,0.0617000,0.0635100,0.0610600,0.0619900,18958336,1757894399999,2025-09-14 23:59:59,1181917.4084300,19308,8891752,554770.6948600
1757894400000,2025-09-15 00:00:00,0.0619900,0.0648200,0.0614800,0.0634300,18004643,1757908799999,2025-09-15 03:59:59,1141021.4949700,24431,8536336,541704.5440900
1757908800000,2025-09-15 04:00:00,0.0634200,0.0645100,0.0580100,0.0597900,30657694,1757923199999,2025-09-15 07:59:59,1878035.4261400,29820,12321386,755187.8574300
1757923200000,2025-09-15 08:00:00,0.0597900,0.0599400,0.0576700,0.0585900,18952213,1757937599999,2025-09-15 11:59:59,1111157.2793800,24957,7946090,466021.0744800
1757937600000,2025-09-15 12:00:00,0.0585400,0.0589300,0.0555600,0.0567300,25346353,1757951999999,2025-09-15 15:59:59,1439474.8595000,23256,12057245,684044.7369200
1757952000000,2025-09-15 16:00:00,0.0567000,0.0567500,0.0550700,0.0561400,11049015,1757966399999,2025-09-15 19:59:59,617951.0694100,11606,5218661,292145.8023000
1757966400000,2025-09-15 20:00:00,0.0561000,0.0574800,0.0560800,0.0573300,5880949,1757980799999,2025-09-15 23:59:59,334274.7219900,6404,2932423,166752.9550800
1757980800000,2025-09-16 00:00:00,0.0573100,0.0591000,0.0571700,0.0574900,8964124,1757995199999,2025-09-16 03:59:59,519757.8649500,13868,4534663,263024.6107500
1757995200000,2025-09-16 04:00:00,0.0574700,0.0586700,0.0565000,0.0572500,10023258,1758009599999,2025-09-16 07:59:59,578490.8601100,13555,4242994,245192.6657200
1758009600000,2025-09-16 08:00:00,0.0572400,0.0579500,0.0569100,0.0575500,5418293,1758023999999,2025-09-16 11:59:59,310859.1486900,6334,2486446,142647.3679300
1758024000000,2025-09-16 12:00:00,0.0575300,0.0592100,0.0568200,0.0580100,13713246,1758038399999,2025-09-16 15:59:59,795788.1530700,10188,6672186,387688.7620300
1758038400000,2025-09-16 16:00:00,0.0580200,0.0596900,0.0574700,0.0590900,14757027,1758052799999,2025-09-16 19:59:59,868850.6048700,18102,7083541,417089.3603600
1758052800000,2025-09-16 20:00:00,0.0590900,0.0604500,0.0588900,0.0594200,6782480,1758067199999,2025-09-16 23:59:59,403986.2458000,7727,3360746,200171.7722800
1758067200000,2025-09-17 00:00:00,0.0594400,0.0602500,0.0583200,0.0584700,10793100,1758081599999,2025-09-17 03:59:59,639037.7772100,10683,4862288,288312.5339800
1758081600000,2025-09-17 04:00:00,0.0585300,0.0598300,0.0581300,0.0595400,6804233,1758095999999,2025-09-17 07:59:59,401729.7718000,9532,3122631,184529.3188500
1758096000000,2025-09-17 08:00:00,0.0595000,0.0595200,0.0573300,0.0577500,9238092,1758110399999,2025-09-17 11:59:59,535786.2405400,9335,3730303,216413.9620100
1758110400000,2025-09-17 12:00:00,0.0577500,0.0580600,0.0561000,0.0564000,8597014,1758124799999,2025-09-17 15:59:59,490094.8360700,7693,3327018,189740.1868100
1758124800000,2025-09-17 16:00:00,0.0563900,0.0593500,0.0556800,0.0589600,15808422,1758139199999,2025-09-17 19:59:59,909017.6417800,13911,8060803,464137.7601400
1758139200000,2025-09-17 20:00:00,0.0589500,0.0620500,0.0574600,0.0615600,17898802,1758153599999,2025-09-17 23:59:59,1081107.7166600,15425,8466763,511707.6364800
1758153600000,2025-09-18 00:00:00,0.0615400,0.0618500,0.0603900,0.0615400,9901882,1758167999999,2025-09-18 03:59:59,606219.5332600,11348,4302441,263611.7319300
1758168000000,2025-09-18 04:00:00,0.0614900,0.0624000,0.0596400,0.0615300,12164975,1758182399999,2025-09-18 07:59:59,742619.4532600,9648,5818903,355448.2616300
1758182400000,2025-09-18 08:00:00,0.0616000,0.0617500,0.0601700,0.0612700,6533499,1758196799999,2025-09-18 11:59:59,398562.7661300,6515,3071978,187440.8941800
1758196800000,2025-09-18 12:00:00,0.0612200,0.0625600,0.0606200,0.0611700,15662296,1758211199999,2025-09-18 15:59:59,966237.4012800,12282,6785047,419190.2618000
1758211200000,2025-09-18 16:00:00,0.0611400,0.0621700,0.0607400,0.0616600,6012161,1758225599999,2025-09-18 19:59:59,370316.8078400,5737,2752006,169458.6913400
1758225600000,2025-09-18 20:00:00,0.0616500,0.0625200,0.0611400,0.0622000,8184599,1758239999999,2025-09-18 23:59:59,506092.3765300,6947,3829347,236936.7063800
1758240000000,2025-09-19 00:00:00,0.0621700,0.0639500,0.0612000,0.0614500,15363177,1758254399999,2025-09-19 03:59:59,960942.6360300,11734,6706016,420196.4095400
1758254400000,2025-09-19 04:00:00,0.0614200,0.0621700,0.0603000,0.0616000,9487280,1758268799999,2025-09-19 07:59:59,580360.0082400,7521,4566029,279730.5569500
1758268800000,2025-09-19 08:00:00,0.0616000,0.0625400,0.0601700,0.0604400,10335293,1758283199999,2025-09-19 11:59:59,631917.3288200,7684,3621610,221604.4604300
1758283200000,2025-09-19 12:00:00,0.0604100,0.0612300,0.0582700,0.0597900,11547681,1758297599999,2025-09-19 15:59:59,690438.8876000,8634,5254694,314925.6600200
1758297600000,2025-09-19 16:00:00,0.0597700,0.0608300,0.0585000,0.0588000,6141325,1758311999999,2025-09-19 19:59:59,366373.8535700,5936,2401507,143390.3073700
1758312000000,2025-09-19 20:00:00,0.0588000,0.0603000,0.0585600,0.0594600,4369115,1758326399999,2025-09-19 23:59:59,259458.0668900,4863,2218480,131731.7776200
1758326400000,2025-09-20 00:00:00,0.0594900,0.0600900,0.0572600,0.0596700,8289814,1758340799999,2025-09-20 03:59:59,488530.5845200,6771,3860843,227916.2110900
1758340800000,2025-09-20 04:00:00,0.0596700,0.0607800,0.0590200,0.0604900,5660573,1758355199999,2025-09-20 07:59:59,339479.1194000,4949,2849403,171038.4813100
1758355200000,2025-09-20 08:00:00,0.0604700,0.0638800,0.0603800,0.0632800,33321591,1758369599999,2025-09-20 11:59:59,2086206.3126900,23347,15923771,996684.0372100
1758369600000,2025-09-20 12:00:00,0.0632000,0.0645500,0.0625300,0.0628200,16361816,1758383999999,2025-09-20 15:59:59,1037186.4205600,10509,7470895,473885.9685700
1758384000000,2025-09-20 16:00:00,0.0627600,0.0634400,0.0595300,0.0612400,20494112,1758398399999,2025-09-20 19:59:59,1260622.6839100,16728,8732042,537738.3007700
1758398400000,2025-09-20 20:00:00,0.0612300,0.0620400,0.0604600,0.0616100,4852803,1758412799999,2025-09-20 23:59:59,297526.6072600,6058,2523200,154822.1786000
1758412800000,2025-09-21 00:00:00,0.0616300,0.0639700,0.0607300,0.0624000,11167188,1758427199999,2025-09-21 03:59:59,696448.9848300,13088,5190657,323880.9034600
1758427200000,2025-09-21 04:00:00,0.0623800,0.0632400,0.0613400,0.0623300,6456842,1758441599999,2025-09-21 07:59:59,402191.1466800,7716,2520201,157120.7253500
1758441600000,2025-09-21 08:00:00,0.0623000,0.0648000,0.0604000,0.0618300,16780526,1758455999999,2025-09-21 11:59:59,1046825.3447700,12419,6717933,419312.3168200
1758456000000,2025-09-21 12:00:00,0.0618400,0.0629500,0.0606900,0.0617600,8499038,1758470399999,2025-09-21 15:59:59,525785.7964000,8367,4235240,262175.2625400
1758470400000,2025-09-21 16:00:00,0.0617300,0.0623700,0.0595500,0.0606900,10782307,1758484799999,2025-09-21 19:59:59,655928.5652400,9570,4258299,259220.4317400
1758484800000,2025-09-21 20:00:00,0.0606800,0.0616800,0.0600300,0.0612300,4281088,1758499199999,2025-09-21 23:59:59,259830.6588700,4481,2479936,150582.7506300
1758499200000,2025-09-22 00:00:00,0.0612400,0.0615500,0.0573900,0.0581800,14499526,1758513599999,2025-09-22 03:59:59,855021.5372600,12025,6351207,374892.4704700
1758513600000,2025-09-22 04:00:00,0.0581900,0.0588500,0.0486300,0.0519000,33024642,1758527999999,2025-09-22 07:59:59,1768183.8803800,25723,12439512,665074.6031800
1758528000000,2025-09-22 08:00:00,0.0519200,0.0535400,0.0511600,0.0515600,10504650,1758542399999,2025-09-22 11:59:59,549091.6529100,20155,4545276,237802.1240100
1758542400000,2025-09-22 12:00:00,0.0515600,0.0528500,0.0502800,0.0507400,12537498,1758556799999,2025-09-22 15:59:59,646956.6385300,19087,5669563,293072.6254300
1758556800000,2025-09-22 16:00:00,0.0507300,0.0511300,0.0491400,0.0494800,18890665,1758571199999,2025-09-22 19:59:59,945023.6246800,23493,8862881,443645.2669500
1758571200000,2025-09-22 20:00:00,0.0494800,0.0505400,0.0488000,0.0503300,11761971,1758585599999,2025-09-22 23:59:59,584438.6501700,18097,5491441,273055.1949000
1758585600000,2025-09-23 00:00:00,0.0503400,0.0505400,0.0481100,0.0501700,15651618,1758599999999,2025-09-23 03:59:59,776229.4046400,19300,7521504,373776.1749500
1758600000000,2025-09-23 04:00:00,0.0501700,0.0520300,0.0495300,0.0501400,17319566,1758614399999,2025-09-23 07:59:59,879059.2230400,23426,8780327,445605.5959400
1758614400000,2025-09-23 08:00:00,0.0501400,0.0515500,0.0500500,0.0508300,6908244,1758628799999,2025-09-23 11:59:59,350429.0500200,13342,2978190,151270.0684100
1758628800000,2025-09-23 12:00:00,0.0508200,0.0518600,0.0501300,0.0510300,10020086,1758643199999,2025-09-23 15:59:59,511979.1159900,16738,4668389,238529.7599200
1758643200000,2025-09-23 16:00:00,0.0510300,0.0550000,0.0505200,0.0517400,30868787,1758657599999,2025-09-23 19:59:59,1633179.5929400,25106,14316740,758309.6621500
1758657600000,2025-09-23 20:00:00,0.0517200,0.0522900,0.0506200,0.0508900,6798753,1758671999999,2025-09-23 23:59:59,349975.6706900,5344,2982251,153725.6272500
1758672000000,2025-09-24 00:00:00,0.0508800,0.0538800,0.0508000,0.0509600,13235483,1758686399999,2025-09-24 03:59:59,695719.2971600,9581,6410957,337353.5050900
1758686400000,2025-09-24 04:00:00,0.0510000,0.0521600,0.0500400,0.0520800,9047275,1758700799999,2025-09-24 07:59:59,460945.8929700,6089,3500233,178673.3257300
1758700800000,2025-09-24 08:00:00,0.0520900,0.0534300,0.0517600,0.0528900,12375393,1758715199999,2025-09-24 11:59:59,652536.3485900,7797,6398745,337604.0747100
1758715200000,2025-09-24 12:00:00,0.0528900,0.0536500,0.0521200,0.0526600,11311162,1758729599999,2025-09-24 15:59:59,597069.1383000,7011,5453429,287961.8138000
1758729600000,2025-09-24 16:00:00,0.0526700,0.0540000,0.0523400,0.0534400,5422577,1758743999999,2025-09-24 19:59:59,289956.4486300,4117,2865815,153313.9085300
1758744000000,2025-09-24 20:00:00,0.0534400,0.0536600,0.0521800,0.0531200,3389657,1758758399999,2025-09-24 23:59:59,179264.2390900,5189,1353060,71679.8437800
1758758400000,2025-09-25 00:00:00,0.0531100,0.0532200,0.0503800,0.0507300,10185121,1758772799999,2025-09-25 03:59:59,525562.5366000,8287,3942006,203435.1366500
1758772800000,2025-09-25 04:00:00,0.0507300,0.0516300,0.0495600,0.0497700,7284732,1758787199999,2025-09-25 07:59:59,367606.4901200,5692,3218641,162850.2780400
1758787200000,2025-09-25 08:00:00,0.0497600,0.0506800,0.0492900,0.0497200,5809274,1758801599999,2025-09-25 11:59:59,290188.0326100,5880,2688581,134369.5140800
1758801600000,2025-09-25 12:00:00,0.0497200,0.0503700,0.0480000,0.0495200,12525385,1758815999999,2025-09-25 15:59:59,619726.2148800,7846,5426812,268774.3645900
1758816000000,2025-09-25 16:00:00,0.0495000,0.0497000,0.0469600,0.0480200,16557045,1758830399999,2025-09-25 19:59:59,793614.9430000,11477,6986588,335027.9305400
1758830400000,2025-09-25 20:00:00,0.0480900,0.0483600,0.0465300,0.0474200,6832084,1758844799999,2025-09-25 23:59:59,324245.9290500,5091,2830306,134237.4116500
1758844800000,2025-09-26 00:00:00,0.0474100,0.0483900,0.0472500,0.0481700,4703868,1758859199999,2025-09-26 03:59:59,225385.6605700,4127,2366161,113434.5439800
1758859200000,2025-09-26 04:00:00,0.0481700,0.0486400,0.0472900,0.0479700,6173935,1758873599999,2025-09-26 07:59:59,296421.9749400,5085,3278929,157517.4252200
1758873600000,2025-09-26 08:00:00,0.0479700,0.0489800,0.0474100,0.0476600,11613582,1758887999999,2025-09-26 11:59:59,560873.8261800,6791,6738044,326037.6025100
1758888000000,2025-09-26 12:00:00,0.0476200,0.0483000,0.0466000,0.0479900,11707836,1758902399999,2025-09-26 15:59:59,555378.3809700,8347,5049184,239665.3078200
1758902400000,2025-09-26 16:00:00,0.0480200,0.0491400,0.0476900,0.0482700,4759782,1758916799999,2025-09-26 19:59:59,230282.9860000,4866,1973017,95594.1787100
1758916800000,2025-09-26 20:00:00,0.0482300,0.0487600,0.0474600,0.0484800,4568632,1758931199999,2025-09-26 23:59:59,219675.2975200,4271,2209048,106304.0255700
1758931200000,2025-09-27 00:00:00,0.0485000,0.0488300,0.0472600,0.0481000,5530455,1758945599999,2025-09-27 03:59:59,264893.9098900,4704,2434786,116730.7909700
1758945600000,2025-09-27 04:00:00,0.0480800,0.0485800,0.0475500,0.0481900,3986004,1758959999999,2025-09-27 07:59:59,191649.0735100,3178,1915996,92203.6656100
1758960000000,2025-09-27 08:00:00,0.0481900,0.0484100,0.0475500,0.0481400,3531026,1758974399999,2025-09-27 11:59:59,169455.7205800,2691,1678456,80504.1152400
1758974400000,2025-09-27 12:00:00,0.0481800,0.0490600,0.0475500,0.0489300,8942139,1758988799999,2025-09-27 15:59:59,432142.1098100,6874,4124376,199582.6544500
1758988800000,2025-09-27 16:00:00,0.0489200,0.0500000,0.0473500,0.0482900,9102888,1759003199999,2025-09-27 19:59:59,440837.6871200,6656,3981447,192957.6427700
1759003200000,2025-09-27 20:00:00,0.0482500,0.0487500,0.0474500,0.0478800,4502169,1759017599999,2025-09-27 23:59:59,216613.1629200,3786,1825072,87741.5207000
1759017600000,2025-09-28 00:00:00,0.0479200,0.0482000,0.0468400,0.0474700,4925985,1759031999999,2025-09-28 03:59:59,233896.2010800,3722,2368873,112535.1117800
1759032000000,2025-09-28 04:00:00,0.0475000,0.0475800,0.0458300,0.0461900,6634663,1759046399999,2025-09-28 07:59:59,309210.2793900,4556,2860312,133432.3080300
1759046400000,2025-09-28 08:00:00,0.0462000,0.0464600,0.0456000,0.0462100,6507658,1759060799999,2025-09-28 11:59:59,300068.2312700,3375,2937321,135479.5467200
1759060800000,2025-09-28 12:00:00,0.0462300,0.0480900,0.0459200,0.0476900,7017232,1759075199999,2025-09-28 15:59:59,332032.2644500,4622,3187657,150633.5060700
1759075200000,2025-09-28 16:00:00,0.0476900,0.0480900,0.0473000,0.0475200,5284825,1759089599999,2025-09-28 19:59:59,251981.8959100,2782,2202044,104952.1492700
1759089600000,2025-09-28 20:00:00,0.0475700,0.0488200,0.0473800,0.0486700,4283897,1759103999999,2025-09-28 23:59:59,207271.0988900,2914,1939023,93820.6380600
1759104000000,2025-09-29 00:00:00,0.0486000,0.0515000,0.0480900,0.0501300,25290569,1759118399999,2025-09-29 03:59:59,1267741.1538900,14323,12355998,619122.5645600
1759118400000,2025-09-29 04:00:00,0.0501100,0.0505200,0.0489600,0.0501400,15057250,1759132799999,2025-09-29 07:59:59,750494.2333700,8858,6760829,337452.5833000
1759132800000,2025-09-29 08:00:00,0.0501300,0.0509000,0.0487000,0.0499400,26013769,1759147199999,2025-09-29 11:59:59,1298684.5939300,23475,11262741,562829.4206700
1759147200000,2025-09-29 12:00:00,0.0499100,0.0500000,0.0472100,0.0488000,22473915,1759161599999,2025-09-29 15:59:59,1091796.1408500,16158,9011348,437885.3491700
1759161600000,2025-09-29 16:00:00,0.0487600,0.0491900,0.0475000,0.0489700,8032621,1759175999999,2025-09-29 19:59:59,388639.0027600,7640,2840030,137484.1395800
1759176000000,2025-09-29 20:00:00,0.0489800,0.0498200,0.0487100,0.0488100,5422874,1759190399999,2025-09-29 23:59:59,267002.5575000,4479,2254131,110996.0431200
1759190400000,2025-09-30 00:00:00,0.0487900,0.0490400,0.0475800,0.0479300,6036360,1759204799999,2025-09-30 03:59:59,290586.3444500,4540,3242951,156141.5989800
1759204800000,2025-09-30 04:00:00,0.0479500,0.0480200,0.0462500,0.0468700,9367101,1759219199999,2025-09-30 07:59:59,440597.8017800,5514,3412163,160616.0225000
1759219200000,2025-09-30 08:00:00,0.0468700,0.0471500,0.0452900,0.0458900,10709720,1759233599999,2025-09-30 11:59:59,495593.0606000,7466,4560135,211269.8075700
1759233600000,2025-09-30 12:00:00,0.0458300,0.0461200,0.0440500,0.0450400,17460549,1759247999999,2025-09-30 15:59:59,783780.3689100,10634,7661792,344114.8637800
1759248000000,2025-09-30 16:00:00,0.0450300,0.0471900,0.0446800,0.0470100,11722089,1759262399999,2025-09-30 19:59:59,538511.5849800,12954,7050305,324344.3178700
1759262400000,2025-09-30 20:00:00,0.0470000,0.0475100,0.0462800,0.0469400,5696128,1759276799999,2025-09-30 23:59:59,267631.9479800,5262,2702712,126966.8193900
1759276800000,2025-10-01 00:00:00,0.0469200,0.0470900,0.0463300,0.0463300,2949887,1759291199999,2025-10-01 03:59:59,137802.8356900,2426,1291532,60412.0467800
1759291200000,2025-10-01 04:00:00,0.0463800,0.0471600,0.0463300,0.0466300,4218426,1759305599999,2025-10-01 07:59:59,197003.2003900,3607,2100667,98086.3208400
1759305600000,2025-10-01 08:00:00,0.0466000,0.0488100,0.0463800,0.0486200,9598413,1759319999999,2025-10-01 11:59:59,458306.1417300,6624,4105039,196066.5747700
1759320000000,2025-10-01 12:00:00,0.0486100,0.0489300,0.0479300,0.0486600,7517356,1759334399999,2025-10-01 15:59:59,364763.6803900,6603,3413302,165674.4585300
1759334400000,2025-10-01 16:00:00,0.0486300,0.0489700,0.0480700,0.0485700,4408184,1759348799999,2025-10-01 19:59:59,214239.3713800,3187,2008730,97628.8623100
1759348800000,2025-10-01 20:00:00,0.0485700,0.0488800,0.0480200,0.0480600,2854503,1759363199999,2025-10-01 23:59:59,137905.7114600,3264,1421176,68629.7143400
1759363200000,2025-10-02 00:00:00,0.0480800,0.0491000,0.0480800,0.0486800,5098327,1759377599999,2025-10-02 03:59:59,247867.8426400,4608,2403237,116797.7186200
1759377600000,2025-10-02 04:00:00,0.0486800,0.0498400,0.0485200,0.0491100,9220533,1759391999999,2025-10-02 07:59:59,454413.8133700,8508,5145438,253629.4758400
1759392000000,2025-10-02 08:00:00,0.0491100,0.0498500,0.0489900,0.0492100,5674618,1759406399999,2025-10-02 11:59:59,280234.1108000,4391,3620968,178821.0041900
1759406400000,2025-10-02 12:00:00,0.0492200,0.0499500,0.0482500,0.0490500,8672967,1759420799999,2025-10-02 15:59:59,424329.8896500,7445,4063787,199029.5139300
1759420800000,2025-10-02 16:00:00,0.0490500,0.0503400,0.0488700,0.0502700,4912906,1759435199999,2025-10-02 19:59:59,243399.8977300,4196,2315726,114845.5887500
1759435200000,2025-10-02 20:00:00,0.0503100,0.0506900,0.0493100,0.0501000,6234399,1759449599999,2025-10-02 23:59:59,312158.0217800,4309,2987994,149629.2100200
1759449600000,2025-10-03 00:00:00,0.0501200,0.0504700,0.0486900,0.0499000,11200342,1759463999999,2025-10-03 03:59:59,556576.6488200,8611,5409226,269023.8955500
1759464000000,2025-10-03 04:00:00,0.0499600,0.0504500,0.0488400,0.0494900,6235617,1759478399999,2025-10-03 07:59:59,309084.5302500,5545,2914657,144491.3373900
1759478400000,2025-10-03 08:00:00,0.0494800,0.0504300,0.0488300,0.0496100,5658611,1759492799999,2025-10-03 11:59:59,281749.4893500,4758,2526870,125755.3294600
1759492800000,2025-10-03 12:00:00,0.0495900,0.0505500,0.0493800,0.0505300,5400801,1759507199999,2025-10-03 15:59:59,269398.5982200,7600,2724398,135942.4794700
1759507200000,2025-10-03 16:00:00,0.0505500,0.0514700,0.0494700,0.0506500,11970457,1759521599999,2025-10-03 19:59:59,605857.0797800,7965,5601881,283383.0929100
1759521600000,2025-10-03 20:00:00,0.0506300,0.0513600,0.0503400,0.0507300,2900396,1759535999999,2025-10-03 23:59:59,147456.6445500,2679,1476052,75054.9524700
1759536000000,2025-10-04 00:00:00,0.0507400,0.0513300,0.0491000,0.0496000,5549457,1759550399999,2025-10-04 03:59:59,277658.1808400,4161,2773387,138690.0768500
1759550400000,2025-10-04 04:00:00,0.0495600,0.0504600,0.0492000,0.0500700,2562501,1759564799999,2025-10-04 07:59:59,127706.9944100,3195,1270713,63281.9843800
1759564800000,2025-10-04 08:00:00,0.0500300,0.0501100,0.0476900,0.0478800,8439022,1759579199999,2025-10-04 11:59:59,410041.2534700,6118,3494624,169746.7672600
1759579200000,2025-10-04 12:00:00,0.0479200,0.0487200,0.0471500,0.0475200,8160496,1759593599999,2025-10-04 15:59:59,391837.9736500,6513,3528311,169454.9639200
1759593600000,2025-10-04 16:00:00,0.0475700,0.0478400,0.0469000,0.0475000,7528283,1759607999999,2025-10-04 19:59:59,356292.9441600,4895,3360245,159199.8590600
1759608000000,2025-10-04 20:00:00,0.0475600,0.0482700,0.0475300,0.0480600,5069220,1759622399999,2025-10-04 23:59:59,242589.0101500,3143,3022887,144551.2455500
1759622400000,2025-10-05 00:00:00,0.0480500,0.0487600,0.0475200,0.0484000,7102674,1759636799999,2025-10-05 03:59:59,341584.2433600,3685,3318338,159454.6984900
1759636800000,2025-10-05 04:00:00,0.0484500,0.0498200,0.0484500,0.0496900,6556280,1759651199999,2025-10-05 07:59:59,321569.2576200,4086,3120502,153007.3550800
1759651200000,2025-10-05 08:00:00,0.0497100,0.0500300,0.0481800,0.0486000,7029998,1759665599999,2025-10-05 11:59:59,345080.0157100,4030,2907276,142626.0053100
1759665600000,2025-10-05 12:00:00,0.0485600,0.0487800,0.0478300,0.0487600,6643949,1759679999999,2025-10-05 15:59:59,321622.9697100,3124,3091782,149628.7937700
1759680000000,2025-10-05 16:00:00,0.0487800,0.0500100,0.0480600,0.0481700,12316324,1759694399999,2025-10-05 19:59:59,605984.2046100,10909,6099921,300415.5842300
1759694400000,2025-10-05 20:00:00,0.0482400,0.0494100,0.0480100,0.0488800,6871360,1759708799999,2025-10-05 23:59:59,334956.3523700,4466,3760691,183324.2150900
1759708800000,2025-10-06 00:00:00,0.0488800,0.0510700,0.0476100,0.0498600,12253919,1759723199999,2025-10-06 03:59:59,606387.5083600,7898,6039419,299367.7923600
1759723200000,2025-10-06 04:00:00,0.0498700,0.0518800,0.0497400,0.0505800,14169501,1759737599999,2025-10-06 07:59:59,717776.1602600,10836,6774925,343512.6242300
1759737600000,2025-10-06 08:00:00,0.0505600,0.0547100,0.0489400,0.0509800,35833730,1759751999999,2025-10-06 11:59:59,1854848.5926100,24952,17992726,933327.5013800
1759752000000,2025-10-06 12:00:00,0.0509700,0.0529200,0.0506900,0.0522200,18489185,1759766399999,2025-10-06 15:59:59,961152.9751400,12344,9236406,479587.3040000
1759766400000,2025-10-06 16:00:00,0.0522700,0.0527300,0.0513700,0.0521400,8507606,1759780799999,2025-10-06 19:59:59,443890.1504100,7388,3881747,202584.9620900
1759780800000,2025-10-06 20:00:00,0.0521800,0.0539300,0.0509100,0.0531400,22061386,1759795199999,2025-10-06 23:59:59,1160278.2955900,13606,10359810,545759.1038900
1759795200000,2025-10-07 00:00:00,0.0530800,0.0546500,0.0525000,0.0539400,25719848,1759809599999,2025-10-07 03:59:59,1377435.6347400,15109,11500794,616532.3959000
1759809600000,2025-10-07 04:00:00,0.0539400,0.0544000,0.0519000,0.0521600,19236400,1759823999999,2025-10-07 07:59:59,1023771.1904400,13822,8139790,434161.0933000
1759824000000,2025-10-07 08:00:00,0.0521100,0.0537600,0.0512600,0.0519200,16395829,1759838399999,2025-10-07 11:59:59,859520.6862700,11186,6704028,351410.3727900
1759838400000,2025-10-07 12:00:00,0.0518800,0.0526100,0.0477100,0.0485200,27932602,1759852799999,2025-10-07 15:59:59,1398218.2607500,15685,12066943,604121.6143900
1759852800000,2025-10-07 16:00:00,0.0484800,0.0493900,0.0477300,0.0478800,9070276,1759867199999,2025-10-07 19:59:59,439634.7327800,6444,4041976,196013.6690700
1759867200000,2025-10-07 20:00:00,0.0478800,0.0488100,0.0478300,0.0481900,4625064,1759881599999,2025-10-07 23:59:59,223573.4198800,3490,2167262,104712.4596000
1759881600000,2025-10-08 00:00:00,0.0481800,0.0489300,0.0473100,0.0475400,7577831,1759895999999,2025-10-08 03:59:59,365780.1629300,5259,3798982,183630.1459700
1759896000000,2025-10-08 04:00:00,0.0475900,0.0487000,0.0474900,0.0485900,6348184,1759910399999,2025-10-08 07:59:59,305385.3326700,4308,2792766,134292.2996200
1759910400000,2025-10-08 08:00:00,0.0485900,0.0502700,0.0484600,0.0488700,7790973,1759924799999,2025-10-08 11:59:59,384212.5659200,6013,3198394,157768.2107000
1759924800000,2025-10-08 12:00:00,0.0488600,0.0494500,0.0479900,0.0488300,6798210,1759939199999,2025-10-08 15:59:59,331435.1696700,5844,3292645,160595.1454200
1759939200000,2025-10-08 16:00:00,0.0488600,0.0500900,0.0488000,0.0491200,4422406,1759953599999,2025-10-08 19:59:59,218786.1103800,3627,2096392,103750.1538900
1759953600000,2025-10-08 20:00:00,0.0490800,0.0497500,0.0489200,0.0493900,3128635,1759967999999,2025-10-08 23:59:59,154463.9779300,2711,1598667,78975.7416100
1759968000000,2025-10-09 00:00:00,0.0494200,0.0495600,0.0477300,0.0486500,5697948,1759982399999,2025-10-09 03:59:59,276816.5067100,4111,2649343,128727.9599400
1759982400000,2025-10-09 04:00:00,0.0487200,0.0489700,0.0479800,0.0480800,4831212,1759996799999,2025-10-09 07:59:59,234455.1098900,2850,2341422,113679.4126500
1759996800000,2025-10-09 08:00:00,0.0481500,0.0483500,0.0462500,0.0470800,10413453,1760011199999,2025-10-09 11:59:59,489686.7591800,6668,4516396,212511.3404800
1760011200000,2025-10-09 12:00:00,0.0470700,0.0475200,0.0454400,0.0458000,15852527,1760025599999,2025-10-09 15:59:59,735993.5108300,8304,5498922,254791.1520500
1760025600000,2025-10-09 16:00:00,0.0458000,0.0465600,0.0451100,0.0463500,6180777,1760039999999,2025-10-09 19:59:59,284335.8649900,4988,3533007,162700.9264600
1760040000000,2025-10-09 20:00:00,0.0463200,0.0470600,0.0460300,0.0466900,3078687,1760054399999,2025-10-09 23:59:59,143409.6799700,2662,1754637,81813.1655700
1760054400000,2025-10-10 00:00:00,0.0466500,0.0474500,0.0458600,0.0472200,7743540,1760068799999,2025-10-10 03:59:59,360753.3219300,4775,3359495,156593.5095900
1760068800000,2025-10-10 04:00:00,0.0472300,0.0478600,0.0465600,0.0466400,6837703,1760083199999,2025-10-10 07:59:59,322763.3348200,5846,3647685,172613.3074500
1760083200000,2025-10-10 08:00:00,0.0466600,0.0486100,0.0466200,0.0479200,9452006,1760097599999,2025-10-10 11:59:59,452628.1483500,5316,5872880,281255.8212500
1760097600000,2025-10-10 12:00:00,0.0479000,0.0487000,0.0448400,0.0451800,20725849,1760111999999,2025-10-10 15:59:59,973358.2105700,8926,8720756,409409.9412600
1760112000000,2025-10-10 16:00:00,0.0452300,0.0461800,0.0420000,0.0427500,24394450,1760126399999,2025-10-10 19:59:59,1075515.4482200,17531,12059133,533274.2201200
1760126400000,2025-10-10 20:00:00,0.0427100,0.0432400,0.0135800,0.0281500,151012975,1760140799999,2025-10-10 23:59:59,4506013.5257300,51761,65510231,1950091.5374500
1760140800000,2025-10-11 00:00:00,0.0281500,0.0306700,0.0277000,0.0299000,40527188,1760155199999,2025-10-11 03:59:59,1186027.8395800,35721,19304966,566051.8522500
1760155200000,2025-10-11 04:00:00,0.0299200,0.0311300,0.0296900,0.0304800,18983661,1760169599999,2025-10-11 07:59:59,575229.5178900,18828,9307261,282041.9704900
1760169600000,2025-10-11 08:00:00,0.0304800,0.0320900,0.0302200,0.0313100,23864828,1760183999999,2025-10-11 11:59:59,747412.5216900,23215,10909964,340892.8192100
1760184000000,2025-10-11 12:00:00,0.0313100,0.0319000,0.0303100,0.0316100,15145469,1760198399999,2025-10-11 15:59:59,470945.4278600,15773,7196698,223797.8578600
1760198400000,2025-10-11 16:00:00,0.0316100,0.0318400,0.0304400,0.0305900,12124025,1760212799999,2025-10-11 19:59:59,379228.3894300,14220,5567621,174225.2041100
1760212800000,2025-10-11 20:00:00,0.0306300,0.0310400,0.0292100,0.0306700,14789569,1760227199999,2025-10-11 23:59:59,447854.2751700,16150,7164886,216982.9297200
1760227200000,2025-10-12 00:00:00,0.0306700,0.0316800,0.0297700,0.0303800,12413048,1760241599999,2025-10-12 03:59:59,380291.9901900,16269,5814201,178409.0450200
1760241600000,2025-10-12 04:00:00,0.0303800,0.0309600,0.0302400,0.0307100,7529271,1760255999999,2025-10-12 07:59:59,230752.7787900,12242,3303911,101364.5886900
1760256000000,2025-10-12 08:00:00,0.0307100,0.0313500,0.0303100,0.0309200,8274006,1760270399999,2025-10-12 11:59:59,255030.5411100,12671,4508825,139022.3257000
1760270400000,2025-10-12 12:00:00,0.0309200,0.0327000,0.0302600,0.0325300,24331291,1760284799999,2025-10-12 15:59:59,769887.0024800,17256,11882301,375934.5304300
1760284800000,2025-10-12 16:00:00,0.0325300,0.0341200,0.0324800,0.0339400,11871900,1760299199999,2025-10-12 19:59:59,393250.3825000,16049,6019585,199408.5267900
1760299200000,2025-10-12 20:00:00,0.0339400,0.0380000,0.0333300,0.0347600,33275548,1760313599999,2025-10-12 23:59:59,1164402.2089400,27607,16915604,593403.3463400
1760313600000,2025-10-13 00:00:00,0.0347600,0.0363500,0.0338400,0.0351900,16265418,1760327999999,2025-10-13 03:59:59,567689.0971000,25094,7090553,248220.6206600
1760328000000,2025-10-13 04:00:00,0.0352000,0.0370600,0.0347200,0.0357800,8827837,1760342399999,2025-10-13 07:59:59,315807.7517600,19573,4428164,158565.8077700
1760342400000,2025-10-13 08:00:00,0.0357800,0.0365600,0.0335200,0.0345900,18983121,1760356799999,2025-10-13 11:59:59,663892.2158700,23735,8542374,298895.0264600
1760356800000,2025-10-13 12:00:00,0.0345900,0.0356200,0.0332200,0.0335100,31482650,1760371199999,2025-10-13 15:59:59,1076521.6061000,25958,15066797,515353.3960500
1760371200000,2025-10-13 16:00:00,0.0335100,0.0344600,0.0301000,0.0318000,81746988,1760385599999,2025-10-13 19:59:59,2669553.6611100,52186,36508054,1194754.4873600
1760385600000,2025-10-13 20:00:00,0.0318200,0.0338500,0.0317200,0.0332100,13860669,1760399999999,2025-10-13 23:59:59,456328.4099600,15300,7176322,236344.1172900
1760400000000,2025-10-14 00:00:00,0.0332300,0.0345300,0.0325600,0.0341300,14156594,1760414399999,2025-10-14 03:59:59,473718.9066800,9948,7104987,238001.9436300
1760414400000,2025-10-14 04:00:00,0.0341200,0.0346600,0.0313000,0.0325600,30109511,1760428799999,2025-10-14 07:59:59,996222.3437700,15676,14232968,471777.2538500
1760428800000,2025-10-14 08:00:00,0.0325700,0.0339100,0.0305400,0.0317800,39676573,1760443199999,2025-10-14 11:59:59,1279115.2261900,16013,18987637,613652.9981600
1760443200000,2025-10-14 12:00:00,0.0318100,0.0322900,0.0307900,0.0321300,16723138,1760457599999,2025-10-14 15:59:59,526504.4809600,7584,7470799,235442.6970300
1760457600000,2025-10-14 16:00:00,0.0321500,0.0327400,0.0314900,0.0323200,28183858,1760471999999,2025-10-14 19:59:59,906504.6622900,11745,14160428,456007.4913600
1760472000000,2025-10-14 20:00:00,0.0323400,0.0326400,0.0318800,0.0324600,2794968,1760486399999,2025-10-14 23:59:59,90151.3988400,3197,1384698,44675.6663800
1760486400000,2025-10-15 00:00:00,0.0324800,0.0327300,0.0317000,0.0318900,4984824,1760500799999,2025-10-15 03:59:59,160514.9856200,3326,2524085,81342.5628000
1760500800000,2025-10-15 04:00:00,0.0318900,0.0344200,0.0316200,0.0342800,17337529,1760515199999,2025-10-15 07:59:59,575427.4299600,8590,7477173,248193.8940800
1760515200000,2025-10-15 08:00:00,0.0342900,0.0344200,0.0323300,0.0330500,11321899,1760529599999,2025-10-15 11:59:59,380337.6956400,7339,5043051,169676.4403600
1760529600000,2025-10-15 12:00:00,0.0330500,0.0396200,0.0325300,0.0343600,98157729,1760543999999,2025-10-15 15:59:59,3509335.4524100,62131,43618649,1564182.8815900
1760544000000,2025-10-15 16:00:00,0.0343700,0.0366900,0.0332800,0.0337300,35531502,1760558399999,2025-10-15 19:59:59,1234417.0838300,35158,16274622,565813.9246800
1760558400000,2025-10-15 20:00:00,0.0337400,0.0347100,0.0320000,0.0340700,20898186,1760572799999,2025-10-15 23:59:59,699653.7358100,26265,9411526,315954.2820500
1760572800000,2025-10-16 00:00:00,0.0340700,0.0368500,0.0330000,0.0357300,32853190,1760587199999,2025-10-16 03:59:59,1148155.4453800,20694,15287195,535313.9865000
1760587200000,2025-10-16 04:00:00,0.0357400,0.0358700,0.0341200,0.0346000,11848649,1760601599999,2025-10-16 07:59:59,412106.3297400,7779,5634088,196026.1555600
1760601600000,2025-10-16 08:00:00,0.0346000,0.0369600,0.0325000,0.0363800,28166361,1760615999999,2025-10-16 11:59:59,976562.7628100,14341,12358112,428525.7588900
1760616000000,2025-10-16 12:00:00,0.0363600,0.0377600,0.0328000,0.0333100,33584487,1760630399999,2025-10-16 15:59:59,1187371.6191600,19379,13986138,494741.4639700
1760630400000,2025-10-16 16:00:00,0.0332900,0.0344000,0.0321300,0.0329500,16161854,1760644799999,2025-10-16 19:59:59,539186.8895700,8969,7357986,246006.6324600
1760644800000,2025-10-16 20:00:00,0.0330100,0.0336700,0.0326000,0.0332200,7585147,1760659199999,2025-10-16 23:59:59,251455.3972200,5322,4006981,132986.5020700
1760659200000,2025-10-17 00:00:00,0.0331400,0.0338700,0.0326100,0.0337500,8074156,1760673599999,2025-10-17 03:59:59,268504.0507900,5953,3965444,131965.5062800
1760673600000,2025-10-17 04:00:00,0.0337200,0.0339500,0.0300000,0.0314600,27602839,1760687999999,2025-10-17 07:59:59,867819.4754600,17443,12590231,396398.1958900
1760688000000,2025-10-17 08:00:00,0.0314600,0.0326400,0.0305800,0.0322700,15489390,1760702399999,2025-10-17 11:59:59,488622.7737000,12320,6809129,215181.4915100
1760702400000,2025-10-17 12:00:00,0.0322700,0.0346400,0.0312600,0.0345600,14362982,1760716799999,2025-10-17 15:59:59,467321.0744000,9749,6876086,224353.1239300
1760716800000,2025-10-17 16:00:00,0.0345700,0.0420000,0.0344700,0.0398400,81880744,1760731199999,2025-10-17 19:59:59,3121243.0839600,44450,38059769,1450028.9479000
1760731200000,2025-10-17 20:00:00,0.0398500,0.0551900,0.0397900,0.0527600,680541147,1760745599999,2025-10-17 23:59:59,31712537.3799400,424401,337149829,15756269.1302200
1760745600000,2025-10-18 00:00:00,0.0527400,0.0690000,0.0377200,0.0454400,1614418080,1760759999999,2025-10-18 03:59:59,81363550.2474500,858082,783997401,39574619.4783300
1760760000000,2025-10-18 04:00:00,0.0454800,0.0493100,0.0406400,0.0420300,453334801,1760774399999,2025-10-18 07:59:59,20078746.8139200,247549,214532412,9507766.7018000
1760774400000,2025-10-18 08:00:00,0.0420300,0.0422800,0.0382900,0.0396000,192129129,1760788799999,2025-10-18 11:59:59,7780181.4468200,128308,90010965,3646110.0945800
1760788800000,2025-10-18 12:00:00,0.0396200,0.0413400,0.0362500,0.0379000,188604780,1760803199999,2025-10-18 15:59:59,7370082.4696600,133020,87423947,3424006.2043600
1760803200000,2025-10-18 16:00:00,0.0379000,0.0390000,0.0374700,0.0381700,43544769,1760817599999,2025-10-18 19:59:59,1661304.5630300,40150,20310720,774506.4911800
1760817600000,2025-10-18 20:00:00,0.0381700,0.0395500,0.0375200,0.0382300,40677422,1760831999999,2025-10-18 23:59:59,1567346.7648300,39459,20361918,784893.8303900
1760832000000,2025-10-19 00:00:00,0.0382300,0.0404900,0.0375000,0.0381500,68292725,1760846399999,2025-10-19 03:59:59,2653357.1439500,62835,32693154,1271948.7181900
1760846400000,2025-10-19 04:00:00,0.0381400,0.0382200,0.0353600,0.0359900,55670085,1760860799999,2025-10-19 07:59:59,2049949.0197900,42728,22519338,830702.9245600
1760860800000,2025-10-19 08:00:00,0.0359800,0.0366400,0.0350000,0.0358500,41244999,1760875199999,2025-10-19 11:59:59,1479417.3359400,31874,18628985,668290.2471200
1760875200000,2025-10-19 12:00:00,0.0358500,0.0368500,0.0354300,0.0358500,34805005,1760889599999,2025-10-19 15:59:59,1257730.0211400,25040,17080584,617567.6072800
1760889600000,2025-10-19 16:00:00,0.0358300,0.0369000,0.0343800,0.0353700,37604537,1760903999999,2025-10-19 19:59:59,1336844.4190800,27939,18033991,641679.6142600
1760904000000,2025-10-19 20:00:00,0.0353700,0.0360700,0.0344500,0.0346200,29649368,1760918399999,2025-10-19 23:59:59,1042847.2248800,19206,14185542,498843.1566800
1760918400000,2025-10-20 00:00:00,0.0346400,0.0358900,0.0335400,0.0356900,32444376,1760932799999,2025-10-20 03:59:59,1115293.6601100,21309,14609902,502380.8130000
1760932800000,2025-10-20 04:00:00,0.0356800,0.0359300,0.0346200,0.0354700,20700513,1760947199999,2025-10-20 07:59:59,732292.6886700,17234,9510504,336441.4166500
1760947200000,2025-10-20 08:00:00,0.0354600,0.0368900,0.0340300,0.0368200,42669634,1760961599999,2025-10-20 11:59:59,1499660.5127000,18904,22909557,807123.7605700
1760961600000,2025-10-20 12:00:00,0.0368600,0.0373200,0.0357200,0.0361900,31664424,1760975999999,2025-10-20 15:59:59,1153797.6259000,17627,14048509,512238.7159600
1760976000000,2025-10-20 16:00:00,0.0361800,0.0380400,0.0350000,0.0353200,64604005,1760990399999,2025-10-20 19:59:59,2372162.0726800,27945,33959145,1255619.7189400
1760990400000,2025-10-20 20:00:00,0.0353300,0.0369100,0.0349500,0.0356600,19488638,1761004799999,2025-10-20 23:59:59,697062.3909100,11544,7821607,279936.9506600
1761004800000,2025-10-21 00:00:00,0.0356800,0.0358000,0.0335700,0.0341200,26184936,1761019199999,2025-10-21 03:59:59,902124.7905400,12341,10437203,360107.6366100
1761019200000,2025-10-21 04:00:00,0.0341300,0.0342700,0.0327100,0.0334700,25780955,1761033599999,2025-10-21 07:59:59,862041.7087200,12817,10777941,360749.7066600
1761033600000,2025-10-21 08:00:00,0.0334800,0.0350200,0.0333900,0.0345100,20067863,1761047999999,2025-10-21 11:59:59,687328.6215800,10678,9749597,333958.5676200
1761048000000,2025-10-21 12:00:00,0.0345600,0.0362400,0.0335000,0.0357700,31626129,1761062399999,2025-10-21 15:59:59,1095066.6933900,15279,14004593,486819.9424600
1761062400000,2025-10-21 16:00:00,0.0357600,0.0369900,0.0348100,0.0356600,21439941,1761076799999,2025-10-21 19:59:59,769200.6965900,12550,9814959,352192.7762000
1761076800000,2025-10-21 20:00:00,0.0356500,0.0359700,0.0339100,0.0349800,29098614,1761091199999,2025-10-21 23:59:59,1017970.0499700,14644,15084609,527655.7680100
1761091200000,2025-10-22 00:00:00,0.0350100,0.0358700,0.0335200,0.0355200,19159998,1761105599999,2025-10-22 03:59:59,663171.3468700,11256,9803372,339102.5320600
1761105600000,2025-10-22 04:00:00,0.0355300,0.0364200,0.0354200,0.0360300,11946579,1761119999999,2025-10-22 07:59:59,428754.7276800,9682,5629156,202147.8083400
1761120000000,2025-10-22 08:00:00,0.0360000,0.0389900,0.0351200,0.0386600,40659606,1761134399999,2025-10-22 11:59:59,1505336.1965500,26416,19643370,729505.9142400
1761134400000,2025-10-22 12:00:00,0.0386200,0.0386700,0.0370000,0.0378100,40015268,1761148799999,2025-10-22 15:59:59,1511792.7758900,22605,17360802,656762.8848500
1761148800000,2025-10-22 16:00:00,0.0378500,0.0383000,0.0352200,0.0359600,22179245,1761163199999,2025-10-22 19:59:59,807476.9543300,17380,9716547,353707.9342700
1761163200000,2025-10-22 20:00:00,0.0359700,0.0371700,0.0340600,0.0369000,21307444,1761177599999,2025-10-22 23:59:59,750222.8243300,12692,10837617,381652.0022200
1761177600000,2025-10-23 00:00:00,0.0369000,0.0369700,0.0354500,0.0357900,12650239,1761191999999,2025-10-23 03:59:59,457508.5257000,9331,5506594,199295.3183500
1761192000000,2025-10-23 04:00:00,0.0358000,0.0372100,0.0353800,0.0365100,8432550,1761206399999,2025-10-23 07:59:59,305950.5868900,5738,3831934,139054.8737400
1761206400000,2025-10-23 08:00:00,0.0365000,0.0374600,0.0358000,0.0359800,11692374,1761220799999,2025-10-23 11:59:59,428276.0463100,6955,5310668,194829.9757000
1761220800000,2025-10-23 12:00:00,0.0359900,0.0375500,0.0350100,0.0372500,17837058,1761235199999,2025-10-23 15:59:59,642467.5847500,11097,8891854,320056.2475500
1761235200000,2025-10-23 16:00:00,0.0372500,0.0387000,0.0359700,0.0363400,18205579,1761249599999,2025-10-23 19:59:59,678054.0331800,11460,9499793,354058.8982400
1761249600000,2025-10-23 20:00:00,0.0363200,0.0370000,0.0357300,0.0368700,6984916,1761263999999,2025-10-23 23:59:59,252815.2430000,5048,3644522,131922.1342000
1761264000000,2025-10-24 00:00:00,0.0368700,0.0382700,0.0365100,0.0367200,9320153,1761278399999,2025-10-24 03:59:59,348727.5411100,6786,4414688,165071.5947100
1761278400000,2025-10-24 04:00:00,0.0367400,0.0376400,0.0365000,0.0370900,8397781,1761292799999,2025-10-24 07:59:59,311679.5731300,6321,4042940,150095.5997100
1761292800000,2025-10-24 08:00:00,0.0371200,0.0374500,0.0353200,0.0363100,24768654,1761307199999,2025-10-24 11:59:59,898844.2425100,9829,12900175,468270.3073300
1761307200000,2025-10-24 12:00:00,0.0363000,0.0394900,0.0359500,0.0384200,30015735,1761321599999,2025-10-24 15:59:59,1134734.1377100,19113,15201851,575680.1485200
1761321600000,2025-10-24 16:00:00,0.0384200,0.0396800,0.0369400,0.0373700,29664231,1761335999999,2025-10-24 19:59:59,1128966.7511500,28006,14521592,552963.0067600
1761336000000,2025-10-24 20:00:00,0.0373400,0.0389600,0.0372500,0.0387400,9573847,1761350399999,2025-10-24 23:59:59,366474.6054900,13636,5169827,197744.0298300
1761350400000,2025-10-25 00:00:00,0.0387000,0.0393800,0.0374400,0.0388400,17261109,1761364799999,2025-10-25 03:59:59,667048.9372800,12543,7998193,309371.8116500
1761364800000,2025-10-25 04:00:00,0.0388100,0.0394600,0.0374300,0.0385000,15510929,1761379199999,2025-10-25 07:59:59,596072.4904900,16847,7148255,274772.4555800
1761379200000,2025-10-25 08:00:00,0.0385000,0.0393700,0.0377800,0.0387900,10858130,1761393599999,2025-10-25 11:59:59,417857.3427500,11314,4346382,167495.3715900
1761393600000,2025-10-25 12:00:00,0.0387900,0.0416300,0.0383200,0.0413000,53035403,1761407999999,2025-10-25 15:59:59,2136164.9401700,49417,23812844,960477.7104100
1761408000000,2025-10-25 16:00:00,0.0412800,0.0439500,0.0404500,0.0409100,47302299,1761422399999,2025-10-25 19:59:59,1999954.0954000,48400,20755951,878540.5905200
1761422400000,2025-10-25 20:00:00,0.0409400,0.0430000,0.0407500,0.0417000,15322988,1761436799999,2025-10-25 23:59:59,643833.0502700,14326,6297834,264905.8593200
1761436800000,2025-10-26 00:00:00,0.0416700,0.0431000,0.0404100,0.0416200,17646157,1761451199999,2025-10-26 03:59:59,738928.9637100,12414,7187700,301181.2810000
1761451200000,2025-10-26 04:00:00,0.0416100,0.0434800,0.0412000,0.0422900,13913365,1761465599999,2025-10-26 07:59:59,589856.2760300,10631,5616028,237915.6728700
1761465600000,2025-10-26 08:00:00,0.0422900,0.0437200,0.0416500,0.0428200,11766189,1761479999999,2025-10-26 11:59:59,501190.1269800,8496,4674352,199170.9740000
1761480000000,2025-10-26 12:00:00,0.0428500,0.0439500,0.0411700,0.0424800,20008951,1761494399999,2025-10-26 15:59:59,848717.6412400,11590,9201282,389828.4682400
1761494400000,2025-10-26 16:00:00,0.0424600,0.0458100,0.0421200,0.0431900,22308634,1761508799999,2025-10-26 19:59:59,981016.3160600,22111,10701928,471581.7352400
1761508800000,2025-10-26 20:00:00,0.0431900,0.0451200,0.0417100,0.0436200,12321167,1761523199999,2025-10-26 23:59:59,531931.9095400,9534,5799391,251224.7561500
1761523200000,2025-10-27 00:00:00,0.0436200,0.0444700,0.0423200,0.0435000,8568929,1761537599999,2025-10-27 03:59:59,371068.9279800,10106,3667115,159131.8099600
1761537600000,2025-10-27 04:00:00,0.0434900,0.0436200,0.0420800,0.0428000,9826596,1761551999999,2025-10-27 07:59:59,420787.2658100,9054,3992467,171084.2155600
1761552000000,2025-10-27 08:00:00,0.0428100,0.0433200,0.0422700,0.0431800,6408295,1761566399999,2025-10-27 11:59:59,274388.0107300,6587,2226025,95368.8120800
1761566400000,2025-10-27 12:00:00,0.0431700,0.0435600,0.0390300,0.0398800,18103981,1761580799999,2025-10-27 15:59:59,741726.2019900,22755,8026441,328698.5404700
1761580800000,2025-10-27 16:00:00,0.0398600,0.0425800,0.0397500,0.0420700,6997771,1761595199999,2025-10-27 19:59:59,288506.1865400,10355,3422155,141103.4934100
1761595200000,2025-10-27 20:00:00,0.0420600,0.0430600,0.0413400,0.0421400,7460752,1761609599999,2025-10-27 23:59:59,314463.0482300,10101,3325425,140213.2138000
1761609600000,2025-10-28 00:00:00,0.0421200,0.0428200,0.0410900,0.0420300,9136148,1761623999999,2025-10-28 03:59:59,384777.5411000,7908,4548781,191616.8760700
1761624000000,2025-10-28 04:00:00,0.0420300,0.0420900,0.0405100,0.0412600,6046464,1761638399999,2025-10-28 07:59:59,250158.0428400,6791,2787972,115273.5761800
1761638400000,2025-10-28 08:00:00,0.0411800,0.0435700,0.0407300,0.0418400,16173474,1761652799999,2025-10-28 11:59:59,680366.9806200,11984,7865660,331220.5563400
1761652800000,2025-10-28 12:00:00,0.0417500,0.0433100,0.0407600,0.0417800,8023840,1761667199999,2025-10-28 15:59:59,337442.3141300,5565,3782982,159428.2353200
1761667200000,2025-10-28 16:00:00,0.0417200,0.0420600,0.0403100,0.0408000,3904817,1761681599999,2025-10-28 19:59:59,160757.7469900,3904,1703493,70136.1401200
1761681600000,2025-10-28 20:00:00,0.0407000,0.0410600,0.0383300,0.0399600,6995904,1761695999999,2025-10-28 23:59:59,276896.4864900,16371,3452793,136760.2300100
1761696000000,2025-10-29 00:00:00,0.0400200,0.0401100,0.0388000,0.0394100,5081057,1761710399999,2025-10-29 03:59:59,200140.3062000,18504,2573958,101434.3359600
1761710400000,2025-10-29 04:00:00,0.0393800,0.0404000,0.0393300,0.0399700,3812970,1761724799999,2025-10-29 07:59:59,152466.2234400,3603,1858361,74320.3829600
1761724800000,2025-10-29 08:00:00,0.0400700,0.0400900,0.0390600,0.0396500,4698115,1761739199999,2025-10-29 11:59:59,185617.2321800,5070,2474461,97765.7863800
1761739200000,2025-10-29 12:00:00,0.0396100,0.0404100,0.0370100,0.0377000,11784252,1761753599999,2025-10-29 15:59:59,455385.3433700,12063,5405841,208984.5246700
1761753600000,2025-10-29 16:00:00,0.0376800,0.0388400,0.0356700,0.0376200,20163062,1761767999999,2025-10-29 19:59:59,756817.8701900,22498,9163674,344827.3604300
1761768000000,2025-10-29 20:00:00,0.0376000,0.0390500,0.0374100,0.0376300,5723012,1761782399999,2025-10-29 23:59:59,218635.5112000,5884,2600606,99374.9179700
1761782400000,2025-10-30 00:00:00,0.0376700,0.0392400,0.0373800,0.0381600,5642610,1761796799999,2025-10-30 03:59:59,215871.0948700,9182,2960791,113383.4549300
1761796800000,2025-10-30 04:00:00,0.0381300,0.0381400,0.0358600,0.0374300,8444353,1761811199999,2025-10-30 07:59:59,311207.0619200,10768,4002490,147685.7565400
1761811200000,2025-10-30 08:00:00,0.0374400,0.0375500,0.0336500,0.0346700,34058585,1761825599999,2025-10-30 11:59:59,1201315.5551300,29595,14700579,519141.2464400
1761825600000,2025-10-30 12:00:00,0.0346700,0.0355500,0.0333000,0.0343200,17127933,1761839999999,2025-10-30 15:59:59,590028.4758100,28480,7451761,257351.4891600
1761840000000,2025-10-30 16:00:00,0.0343600,0.0344300,0.0319700,0.0332700,14600080,1761854399999,2025-10-30 19:59:59,485362.9910600,12339,6305682,210057.6289900
1761854400000,2025-10-30 20:00:00,0.0333200,0.0339600,0.0329400,0.0336100,6943511,1761868799999,2025-10-30 23:59:59,232108.5829600,8042,3731742,124751.2318100
1761868800000,2025-10-31 00:00:00,0.0336500,0.0346700,0.0333600,0.0345500,8646620,1761883199999,2025-10-31 03:59:59,295356.5968300,13706,4325152,147805.2734700
1761883200000,2025-10-31 04:00:00,0.0345500,0.0351500,0.0341000,0.0344300,4374398,1761897599999,2025-10-31 07:59:59,151523.9431900,4991,2105407,72969.6153300
1761897600000,2025-10-31 08:00:00,0.0344300,0.0354400,0.0340900,0.0348100,6255014,1761911999999,2025-10-31 11:59:59,217242.4601500,6318,3027238,105305.9492600
1761912000000,2025-10-31 12:00:00,0.0348800,0.0355100,0.0335000,0.0343200,10654614,1761926399999,2025-10-31 15:59:59,367719.0354300,12465,4939430,170453.8507200
1761926400000,2025-10-31 16:00:00,0.0343400,0.0347900,0.0333100,0.0346900,7132856,1761940799999,2025-10-31 19:59:59,242576.5274100,6651,3789683,128962.1150700
1761940800000,2025-10-31 20:00:00,0.0346300,0.0350000,0.0341600,0.0346400,3311114,1761955199999,2025-10-31 23:59:59,114470.1059100,3136,1643200,56818.7990200
1761955200000,2025-11-01 00:00:00,0.0346400,0.0358400,0.0342600,0.0353300,7149639,1761969599999,2025-11-01 03:59:59,250424.6551900,6396,3774671,132248.1840000
1761969600000,2025-11-01 04:00:00,0.0353100,0.0356000,0.0346600,0.0352900,8172165,1761983999999,2025-11-01 07:59:59,288038.3026100,6737,4012708,141400.0623900
1761984000000,2025-11-01 08:00:00,0.0352700,0.0355000,0.0347500,0.0348500,6767314,1761998399999,2025-11-01 11:59:59,237362.0442000,13996,3569670,125218.7634400
1761998400000,2025-11-01 12:00:00,0.0348700,0.0357700,0.0340000,0.0354600,7755461,1762012799999,2025-11-01 15:59:59,269831.8910800,8420,3626061,126163.6130100
1762012800000,2025-11-01 16:00:00,0.0354500,0.0354800,0.0348400,0.0351600,5201758,1762027199999,2025-11-01 19:59:59,182798.6468700,4534,2583755,90814.5446900
1762027200000,2025-11-01 20:00:00,0.0351600,0.0361200,0.0350100,0.0355200,3709308,1762041599999,2025-11-01 23:59:59,131614.1451200,4247,1945822,69055.3778300
1762041600000,2025-11-02 00:00:00,0.0355300,0.0362800,0.0346000,0.0347700,7310462,1762055999999,2025-11-02 03:59:59,257855.3427100,7659,3632241,128040.6770300
1762056000000,2025-11-02 04:00:00,0.0347700,0.0360400,0.0347000,0.0359300,4918681,1762070399999,2025-11-02 07:59:59,174646.3152800,4654,2162611,76783.9742000
1762070400000,2025-11-02 08:00:00,0.0359300,0.0361200,0.0338500,0.0344400,6912857,1762084799999,2025-11-02 11:59:59,240984.4738100,6303,3434080,119746.4747900
1762084800000,2025-11-02 12:00:00,0.0344000,0.0356400,0.0335900,0.0343400,9121932,1762099199999,2025-11-02 15:59:59,315736.8347300,8525,4288344,148407.2985200
1762099200000,2025-11-02 16:00:00,0.0342500,0.0345600,0.0338000,0.0339300,3580007,1762113599999,2025-11-02 19:59:59,122442.4465600,4628,1750494,59869.8525800
1762113600000,2025-11-02 20:00:00,0.0339300,0.0351100,0.0339000,0.0350000,3354012,1762127999999,2025-11-02 23:59:59,115865.0352800,3272,1524110,52642.6492400
1762128000000,2025-11-03 00:00:00,0.0350000,0.0352400,0.0321300,0.0327700,10606981,1762142399999,2025-11-03 03:59:59,356110.7013600,6181,4791067,161007.4152300
1762142400000,2025-11-03 04:00:00,0.0327700,0.0334500,0.0320700,0.0327500,12807866,1762156799999,2025-11-03 07:59:59,420381.1249800,8346,6354173,208566.1858000
1762156800000,2025-11-03 08:00:00,0.0327200,0.0334600,0.0316700,0.0325900,13019322,1762171199999,2025-11-03 11:59:59,423892.3288900,7674,6578945,213983.8498900
1762171200000,2025-11-03 12:00:00,0.0325900,0.0333000,0.0300000,0.0309700,18863645,1762185599999,2025-11-03 15:59:59,602331.8946300,8260,8244272,263861.4407900
1762185600000,2025-11-03 16:00:00,0.0309700,0.0322900,0.0307300,0.0314500,11941906,1762199999999,2025-11-03 19:59:59,378388.4672600,7952,5782109,183057.0840200
1762200000000,2025-11-03 20:00:00,0.0314000,0.0320300,0.0308900,0.0315600,8864503,1762214399999,2025-11-03 23:59:59,278393.9127500,5580,4365033,137001.2816700
1762214400000,2025-11-04 00:00:00,0.0315600,0.0329000,0.0311300,0.0326100,9932069,1762228799999,2025-11-04 03:59:59,317641.7628600,5692,4924083,157453.1261600
1762228800000,2025-11-04 04:00:00,0.0325700,0.0392600,0.0324700,0.0376500,102414322,1762243199999,2025-11-04 07:59:59,3759295.9364800,57989,48237810,1771145.5858000
1762243200000,2025-11-04 08:00:00,0.0376500,0.0388500,0.0353900,0.0373800,60780761,1762257599999,2025-11-04 11:59:59,2267397.2957200,32635,28962322,1080078.1194600
1762257600000,2025-11-04 12:00:00,0.0373900,0.0384800,0.0359700,0.0375400,52992600,1762271999999,2025-11-04 15:59:59,1972994.4242600,26761,24238300,903029.3703200
1762272000000,2025-11-04 16:00:00,0.0374900,0.0388000,0.0361800,0.0367500,54021580,1762286399999,2025-11-04 19:59:59,2022896.0569300,23603,23529010,881744.1539400
1762286400000,2025-11-04 20:00:00,0.0367500,0.0380400,0.0333100,0.0372800,53520335,1762300799999,2025-11-04 23:59:59,1908282.1241500,31727,24114939,860760.6589600
1762300800000,2025-11-05 00:00:00,0.0373500,0.0385300,0.0353100,0.0379600,32637968,1762315199999,2025-11-05 03:59:59,1210974.8394900,20443,14590536,542510.4305600
1762315200000,2025-11-05 04:00:00,0.0379700,0.0383400,0.0365700,0.0371300,18774600,1762329599999,2025-11-05 07:59:59,698484.4795700,15407,7498090,279033.0369600
1762329600000,2025-11-05 08:00:00,0.0371300,0.0378800,0.0352000,0.0376400,25693773,1762343999999,2025-11-05 11:59:59,933670.0984900,14406,11715789,426294.9460200
1762344000000,2025-11-05 12:00:00,0.0375600,0.0377600,0.0351200,0.0377000,17307922,1762358399999,2025-11-05 15:59:59,632615.5575800,8454,7970555,291318.6669500
1762358400000,2025-11-05 16:00:00,0.0377000,0.0377300,0.0361600,0.0368700,13211091,1762372799999,2025-11-05 19:59:59,484973.9739300,5880,6535250,239689.3665000
1762372800000,2025-11-05 20:00:00,0.0368700,0.0373000,0.0348400,0.0369700,29532702,1762387199999,2025-11-05 23:59:59,1062898.3159400,12257,13617150,490496.5698000
1762387200000,2025-11-06 00:00:00,0.0369100,0.0369100,0.0330700,0.0342600,27960057,1762401599999,2025-11-06 03:59:59,977189.3991600,15979,11176641,391656.9627300
1762401600000,2025-11-06 04:00:00,0.0342700,0.0348900,0.0324300,0.0333300,17871097,1762415999999,2025-11-06 07:59:59,598506.9152200,16608,8240291,276780.6966700
1762416000000,2025-11-06 08:00:00,0.0332800,0.0335900,0.0322600,0.0325100,12329809,1762430399999,2025-11-06 11:59:59,404726.1674500,8803,5699775,187161.3760700
1762430400000,2025-11-06 12:00:00,0.0325100,0.0342900,0.0312500,0.0319200,26127165,1762444799999,2025-11-06 15:59:59,857034.3468300,12845,12169787,399638.4527400
1762444800000,2025-11-06 16:00:00,0.0319600,0.0335400,0.0314600,0.0333200,13832981,1762459199999,2025-11-06 19:59:59,448588.7947300,7638,6550079,212426.0950600
1762459200000,2025-11-06 20:00:00,0.0332700,0.0336900,0.0321900,0.0334300,12133168,1762473599999,2025-11-06 23:59:59,400850.5713900,6959,5212256,172189.5041700
1762473600000,2025-11-07 00:00:00,0.0333900,0.0342000,0.0328900,0.0334100,12488424,1762487999999,2025-11-07 03:59:59,419299.4400600,7134,5635091,189090.3201700
1762488000000,2025-11-07 04:00:00,0.0334200,0.0372400,0.0333800,0.0365400,34533419,1762502399999,2025-11-07 07:59:59,1236788.4759400,18976,16282993,582593.2754000
1762502400000,2025-11-07 08:00:00,0.0365400,0.0372200,0.0341700,0.0347300,44314816,1762516799999,2025-11-07 11:59:59,1570364.0353500,28445,19304092,684782.4068000
1762516800000,2025-11-07 12:00:00,0.0346800,0.0360400,0.0334300,0.0359700,23726249,1762531199999,2025-11-07 15:59:59,822386.5960300,11185,11427508,396888.4252000
1762531200000,2025-11-07 16:00:00,0.0359700,0.0364500,0.0351000,0.0363100,19337501,1762545599999,2025-11-07 19:59:59,690047.0995100,11249,8870531,316630.2340700
1762545600000,2025-11-07 20:00:00,0.0363100,0.0366600,0.0353000,0.0360100,15498500,1762559999999,2025-11-07 23:59:59,558467.9622700,8991,7408121,266984.6229500
1762560000000,2025-11-08 00:00:00,0.0360000,0.0372300,0.0336100,0.0340100,24103519,1762574399999,2025-11-08 03:59:59,858512.2523900,10871,10631716,379304.0228100
1762574400000,2025-11-08 04:00:00,0.0339400,0.0349600,0.0320000,0.0334600,30663974,1762588799999,2025-11-08 07:59:59,1030265.6464300,16095,14099601,475888.6769900
1762588800000,2025-11-08 08:00:00,0.0334500,0.0343500,0.0332300,0.0339400,13995554,1762603199999,2025-11-08 11:59:59,473694.0465700,8716,6857753,232331.6765700
1762603200000,2025-11-08 12:00:00,0.0340000,0.0346500,0.0335200,0.0337600,13106623,1762617599999,2025-11-08 15:59:59,446618.4990100,7684,5410465,184547.5449900
1762617600000,2025-11-08 16:00:00,0.0337000,0.0346700,0.0335500,0.0339500,10377055,1762631999999,2025-11-08 19:59:59,353397.5341500,7373,5227085,178170.8347900
1762632000000,2025-11-08 20:00:00,0.0339500,0.0346500,0.0336700,0.0342300,3989894,1762646399999,2025-11-08 23:59:59,136427.9157000,4639,1710662,58547.0869100
1762646400000,2025-11-09 00:00:00,0.0342100,0.0348800,0.0331000,0.0333600,8551996,1762660799999,2025-11-09 03:59:59,290237.1181900,5786,4309091,146460.6564700
1762660800000,2025-11-09 04:00:00,0.0333600,0.0338700,0.0330100,0.0337400,5783952,1762675199999,2025-11-09 07:59:59,193243.8883900,5489,3155254,105459.7635000
1762675200000,2025-11-09 08:00:00,0.0337300,0.0348600,0.0332000,0.0341800,16878306,1762689599999,2025-11-09 11:59:59,571042.3842600,7003,8618859,291797.7880200
1762689600000,2025-11-09 12:00:00,0.0341200,0.0350000,0.0337100,0.0344400,9917353,1762703999999,2025-11-09 15:59:59,339942.0827800,7121,5039744,172832.2836500
1762704000000,2025-11-09 16:00:00,0.0343300,0.0348100,0.0342300,0.0344900,5432311,1762718399999,2025-11-09 19:59:59,187319.1282800,7621,2820257,97273.2653500
1762718400000,2025-11-09 20:00:00,0.0345200,0.0345900,0.0334100,0.0335300,4466394,1762732799999,2025-11-09 23:59:59,152013.7120400,4495,2150402,73216.8852800
1762732800000,2025-11-10 00:00:00,0.0335600,0.0344700,0.0330100,0.0337900,10322468,1762747199999,2025-11-10 03:59:59,349489.6248800,6257,5110344,173116.7021900
1762747200000,2025-11-10 04:00:00,0.0337300,0.0357800,0.0335000,0.0338500,14079987,1762761599999,2025-11-10 07:59:59,484660.5733800,8406,6951120,239417.8042600
1762761600000,2025-11-10 08:00:00,0.0338600,0.0349600,0.0332100,0.0341700,14354195,1762775999999,2025-11-10 11:59:59,488163.6038500,7912,6947972,236378.5355800
1762776000000,2025-11-10 12:00:00,0.0342100,0.0350000,0.0334700,0.0340000,12978494,1762790399999,2025-11-10 15:59:59,445622.9121800,7028,5900400,202194.8521500
1762790400000,2025-11-10 16:00:00,0.0340500,0.0355000,0.0339500,0.0351500,13155365,1762804799999,2025-11-10 19:59:59,458180.7615100,8940,5752424,200220.1270500
1762804800000,2025-11-10 20:00:00,0.0352000,0.0368300,0.0351700,0.0362100,17307326,1762819199999,2025-11-10 23:59:59,621659.6603100,12261,8861100,318362.3535400
1762819200000,2025-11-11 00:00:00,0.0362400,0.0382400,0.0355000,0.0366500,17079002,1762833599999,2025-11-11 03:59:59,623936.2623400,11329,8022252,293528.3031100
1762833600000,2025-11-11 04:00:00,0.0366000,0.0369500,0.0344500,0.0350100,12671772,1762847999999,2025-11-11 07:59:59,449587.5874500,9022,5850079,207707.1633900
1762848000000,2025-11-11 08:00:00,0.0349700,0.0358900,0.0342200,0.0350300,11237195,1762862399999,2025-11-11 11:59:59,392907.1965400,7023,5745802,200898.5374500
1762862400000,2025-11-11 12:00:00,0.0349700,0.0354900,0.0340600,0.0349000,12135227,1762876799999,2025-11-11 15:59:59,421249.2942000,6486,5824214,202297.3687600
1762876800000,2025-11-11 16:00:00,0.0348300,0.0357800,0.0341100,0.0341600,12751628,1762891199999,2025-11-11 19:59:59,445565.0713800,9002,6074209,212469.3196900
1762891200000,2025-11-11 20:00:00,0.0342100,0.0344700,0.0330600,0.0332300,9339299,1762905599999,2025-11-11 23:59:59,313604.9870800,6708,3855946,129418.6054800
1762905600000,2025-11-12 00:00:00,0.0332300,0.0340300,0.0325000,0.0336400,12559858,1762919999999,2025-11-12 03:59:59,416741.8207200,6999,6008807,199795.6503500
1762920000000,2025-11-12 04:00:00,0.0336500,0.0345300,0.0333300,0.0335200,5464547,1762934399999,2025-11-12 07:59:59,185531.1805500,3868,2416144,82027.0804400
1762934400000,2025-11-12 08:00:00,0.0334800,0.0344600,0.0334700,0.0338800,4504666,1762948799999,2025-11-12 11:59:59,153600.1382900,3456,2324760,79209.4357400
1762948800000,2025-11-12 12:00:00,0.0339200,0.0343000,0.0321100,0.0325700,10022651,1762963199999,2025-11-12 15:59:59,335306.4275200,5473,4254145,142583.7820400
1762963200000,2025-11-12 16:00:00,0.0325000,0.0326400,0.0302800,0.0309000,18360296,1762977599999,2025-11-12 19:59:59,574958.1877600,9271,7736526,242614.5366700
1762977600000,2025-11-12 20:00:00,0.0308700,0.0320100,0.0307600,0.0313300,6126356,1762991999999,2025-11-12 23:59:59,192586.7895000,4367,2748592,86335.9707700
1762992000000,2025-11-13 00:00:00,0.0313900,0.0321800,0.0308100,0.0314500,11772734,1763006399999,2025-11-13 03:59:59,372206.7896300,8442,5492949,173726.3802600
1763006400000,2025-11-13 04:00:00,0.0314700,0.0322700,0.0309400,0.0314400,7297103,1763020799999,2025-11-13 07:59:59,231046.3158900,9817,3679080,116527.7541600
1763020800000,2025-11-13 08:00:00,0.0314500,0.0320000,0.0312100,0.0313500,5514961,1763035199999,2025-11-13 11:59:59,174118.2154400,5927,2318387,73234.7791400
1763035200000,2025-11-13 12:00:00,0.0313000,0.0314800,0.0305900,0.0308300,11306301,1763049599999,2025-11-13 15:59:59,351247.5616600,7690,5429187,168788.7441300
1763049600000,2025-11-13 16:00:00,0.0308500,0.0308700,0.0265200,0.0268000,43392578,1763063999999,2025-11-13 19:59:59,1233095.5511100,30929,18715378,531413.1175300
1763064000000,2025-11-13 20:00:00,0.0268500,0.0278700,0.0264700,0.0276400,11282177,1763078399999,2025-11-13 23:59:59,304038.4171000,5984,5573701,150138.2229800
1763078400000,2025-11-14 00:00:00,0.0276400,0.0279000,0.0266500,0.0270900,12488662,1763092799999,2025-11-14 03:59:59,340475.6777900,5153,6057684,165035.3504600
1763092800000,2025-11-14 04:00:00,0.0271100,0.0279400,0.0257800,0.0260900,20012343,1763107199999,2025-11-14 07:59:59,537514.2598400,8173,8831913,237446.2186500
1763107200000,2025-11-14 08:00:00,0.0260700,0.0264200,0.0252500,0.0257700,16875655,1763121599999,2025-11-14 11:59:59,434251.9678200,7462,7930496,204020.2633100
1763121600000,2025-11-14 12:00:00,0.0257300,0.0265900,0.0250600,0.0265500,11613095,1763135999999,2025-11-14 15:59:59,300916.6448300,6462,5332152,138410.4684300
1763136000000,2025-11-14 16:00:00,0.0265300,0.0268800,0.0260200,0.0265800,6968038,1763150399999,2025-11-14 19:59:59,184366.1812200,4450,3918976,103777.6239200
1763150400000,2025-11-14 20:00:00,0.0265500,0.0266300,0.0250000,0.0257600,9388839,1763164799999,2025-11-14 23:59:59,241545.6544300,5197,4453195,114547.8611300
1763164800000,2025-11-15 00:00:00,0.0257700,0.0276000,0.0251200,0.0266800,28771797,1763179199999,2025-11-15 03:59:59,756824.1166800,20537,14463132,380371.5433400
1763179200000,2025-11-15 04:00:00,0.0266400,0.0268600,0.0258500,0.0267000,11849354,1763193599999,2025-11-15 07:59:59,312540.5807600,7724,5703004,150523.3000100
1763193600000,2025-11-15 08:00:00,0.0266300,0.0269100,0.0256400,0.0257900,9013573,1763207999999,2025-11-15 11:59:59,235592.7335100,5430,4103090,107106.6609200
1763208000000,2025-11-15 12:00:00,0.0258100,0.0262500,0.0256500,0.0259700,6524472,1763222399999,2025-11-15 15:59:59,169411.2056800,3659,3401303,88343.7337500
1763222400000,2025-11-15 16:00:00,0.0259100,0.0266400,0.0255300,0.0262300,9055649,1763236799999,2025-11-15 19:59:59,236670.3478700,4727,4395132,114866.2523000
1763236800000,2025-11-15 20:00:00,0.0262500,0.0263200,0.0256700,0.0261000,6238457,1763251199999,2025-11-15 23:59:59,162465.1614600,4156,3084672,80353.2809300
1763251200000,2025-11-16 00:00:00,0.0261200,0.0264300,0.0251000,0.0260000,11547381,1763265599999,2025-11-16 03:59:59,297177.4054100,6135,5464086,140790.4882100
1763265600000,2025-11-16 04:00:00,0.0259800,0.0263500,0.0256500,0.0259800,6209762,1763279999999,2025-11-16 07:59:59,161733.8466200,4034,3173867,82674.3276900
1763280000000,2025-11-16 08:00:00,0.0259800,0.0271200,0.0254400,0.0257000,22770447,1763294399999,2025-11-16 11:59:59,598922.7580100,10889,10435247,274302.1214300
1763294400000,2025-11-16 12:00:00,0.0257200,0.0260600,0.0242300,0.0244200,31592549,1763308799999,2025-11-16 15:59:59,792461.6048500,15003,15073968,378212.7946900
1763308800000,2025-11-16 16:00:00,0.0244700,0.0253600,0.0243800,0.0249800,11387631,1763323199999,2025-11-16 19:59:59,283513.0347700,6454,5830092,145162.8958700
1763323200000,2025-11-16 20:00:00,0.0249700,0.0255200,0.0244200,0.0251600,7961727,1763337599999,2025-11-16 23:59:59,198865.6981500,4898,3890316,97150.7700700
1763337600000,2025-11-17 00:00:00,0.0251600,0.0257200,0.0247100,0.0252800,9310183,1763351999999,2025-11-17 03:59:59,235428.0187700,4683,4462669,112809.1900100
1763352000000,2025-11-17 04:00:00,0.0253100,0.0253200,0.0246500,0.0248300,4312429,1763366399999,2025-11-17 07:59:59,107795.5778900,2966,2107321,52676.2073800
1763366400000,2025-11-17 08:00:00,0.0248200,0.0256100,0.0246800,0.0255000,4078081,1763380799999,2025-11-17 11:59:59,102305.3083900,2983,1741584,43672.4920800
1763380800000,2025-11-17 12:00:00,0.0254900,0.0258200,0.0240200,0.0241500,23973326,1763395199999,2025-11-17 15:59:59,598634.6268700,14528,11295380,282633.8265500
1763395200000,2025-11-17 16:00:00,0.0241400,0.0246500,0.0238400,0.0240100,6141680,1763409599999,2025-11-17 19:59:59,148401.4796000,3527,2827811,68302.1343000
1763409600000,2025-11-17 20:00:00,0.0240200,0.0244300,0.0237100,0.0243300,8382033,1763423999999,2025-11-17 23:59:59,202033.5809200,3751,3998210,96432.1432600
1763424000000,2025-11-18 00:00:00,0.0243100,0.0249100,0.0237300,0.0245300,4843959,1763438399999,2025-11-18 03:59:59,117748.3051400,3440,2034246,49513.7392800
1763438400000,2025-11-18 04:00:00,0.0245200,0.0249600,0.0241500,0.0244700,4445511,1763452799999,2025-11-18 07:59:59,109488.0276400,3211,2142857,52829.7181200
1763452800000,2025-11-18 08:00:00,0.0244800,0.0248600,0.0242200,0.0243400,4432415,1763467199999,2025-11-18 11:59:59,108901.0546000,3021,2004355,49188.2261900
1763467200000,2025-11-18 12:00:00,0.0243600,0.0247600,0.0240100,0.0245900,6374509,1763481599999,2025-11-18 15:59:59,155111.4757600,3536,3230144,78651.3261500
1763481600000,2025-11-18 16:00:00,0.0245300,0.0250700,0.0243900,0.0247400,5561357,1763495999999,2025-11-18 19:59:59,137937.2778400,3171,2860904,70963.9175600
1763496000000,2025-11-18 20:00:00,0.0247700,0.0248900,0.0242700,0.0243200,2276604,1763510399999,2025-11-18 23:59:59,55882.0116400,1936,965287,23705.3082400
1763510400000,2025-11-19 00:00:00,0.0243100,0.0251300,0.0240300,0.0244400,5507678,1763524799999,2025-11-19 03:59:59,135822.5076700,3325,2538750,62688.5390900
1763524800000,2025-11-19 04:00:00,0.0244200,0.0245100,0.0237400,0.0242500,5953426,1763539199999,2025-11-19 07:59:59,143436.4152800,3425,2763473,66605.1127400
1763539200000,2025-11-19 08:00:00,0.0242500,0.0248100,0.0239100,0.0247000,7367794,1763553599999,2025-11-19 11:59:59,179847.9160700,3309,2809833,68652.5376100
1763553600000,2025-11-19 12:00:00,0.0247000,0.0260100,0.0236800,0.0250000,87594244,1763567999999,2025-11-19 15:59:59,2180224.6010300,29347,42604531,1059063.0704900
1763568000000,2025-11-19 16:00:00,0.0250000,0.0259400,0.0226500,0.0231100,53984073,1763582399999,2025-11-19 19:59:59,1327425.8423500,17659,26353257,649961.7814300
1763582400000,2025-11-19 20:00:00,0.0231100,0.0242800,0.0231100,0.0242800,6663991,1763596799999,2025-11-19 23:59:59,158301.4141700,5542,3270592,77623.3561800
1763596800000,2025-11-20 00:00:00,0.0242800,0.0245100,0.0238800,0.0241500,4374884,1763611199999,2025-11-20 03:59:59,106101.8312800,3622,2140695,51975.7046800
1763611200000,2025-11-20 04:00:00,0.0241700,0.0250300,0.0241600,0.0248400,4766857,1763625599999,2025-11-20 07:59:59,117543.0589500,3691,2054935,50670.7825000
1763625600000,2025-11-20 08:00:00,0.0248200,0.0253900,0.0239800,0.0245400,43328113,1763639999999,2025-11-20 11:59:59,1072613.6807600,18993,21500608,532765.0991300
1763640000000,2025-11-20 12:00:00,0.0245400,0.0259700,0.0240100,0.0248100,28597857,1763654399999,2025-11-20 15:59:59,712867.6161500,12837,13259944,330223.3223100
1763654400000,2025-11-20 16:00:00,0.0248300,0.0250200,0.0233300,0.0241900,16582652,1763668799999,2025-11-20 19:59:59,399211.9650600,8893,7584425,182914.0969200
1763668800000,2025-11-20 20:00:00,0.0242100,0.0250200,0.0238100,0.0241100,10620912,1763683199999,2025-11-20 23:59:59,259816.7415600,7710,4831919,118222.1480700
1763683200000,2025-11-21 00:00:00,0.0241300,0.0247000,0.0235000,0.0238400,7028969,1763697599999,2025-11-21 03:59:59,169252.8229300,5140,3196727,77054.5838100
1763697600000,2025-11-21 04:00:00,0.0238400,0.0242600,0.0193800,0.0227600,21455992,1763711999999,2025-11-21 07:59:59,486417.9437000,10208,9861199,223622.4467200
1763712000000,2025-11-21 08:00:00,0.0227600,0.0230300,0.0215900,0.0216300,11505560,1763726399999,2025-11-21 11:59:59,255511.5664300,17284,5665411,126002.4282400
1763726400000,2025-11-21 12:00:00,0.0216400,0.0228600,0.0214300,0.0221500,7435374,1763740799999,2025-11-21 15:59:59,166117.3389600,14684,3516702,78514.3821100
1763740800000,2025-11-21 16:00:00,0.0221500,0.0232200,0.0220200,0.0223900,7937140,1763755199999,2025-11-21 19:59:59,180177.1486200,14587,3690316,83794.3766700
1763755200000,2025-11-21 20:00:00,0.0223900,0.0224500,0.0210400,0.0222100,8978653,1763769599999,2025-11-21 23:59:59,195674.8756000,16950,4669046,101848.3960700
1763769600000,2025-11-22 00:00:00,0.0222300,0.0235700,0.0220600,0.0231500,14963637,1763783999999,2025-11-22 03:59:59,341781.6707800,11880,7692010,175667.9303900
1763784000000,2025-11-22 04:00:00,0.0231500,0.0231500,0.0217300,0.0221000,9786646,1763798399999,2025-11-22 07:59:59,217161.7391900,5321,3948480,87617.2954900
1763798400000,2025-11-22 08:00:00,0.0221000,0.0221800,0.0210700,0.0215100,6221253,1763812799999,2025-11-22 11:59:59,133998.6072300,4573,3092412,66550.3883300
1763812800000,2025-11-22 12:00:00,0.0215100,0.0222800,0.0211800,0.0216000,7131595,1763827199999,2025-11-22 15:59:59,154484.9720400,4606,3257205,70451.3390700
1763827200000,2025-11-22 16:00:00,0.0215900,0.0221800,0.0215700,0.0220400,3305842,1763841599999,2025-11-22 19:59:59,72283.6898100,2973,1622036,35484.3867600
1763841600000,2025-11-22 20:00:00,0.0220200,0.0227500,0.0216700,0.0220800,9780760,1763855999999,2025-11-22 23:59:59,216669.7034200,6788,4728093,104828.7659100
1763856000000,2025-11-23 00:00:00,0.0220700,0.0223400,0.0215700,0.0220200,3746526,1763870399999,2025-11-23 03:59:59,82683.1134700,3490,1849400,40818.2582400
1763870400000,2025-11-23 04:00:00,0.0220500,0.0235800,0.0219700,0.0231400,14064214,1763884799999,2025-11-23 07:59:59,321329.3006400,7321,6591581,150526.2663900
1763884800000,2025-11-23 08:00:00,0.0231400,0.0232100,0.0223000,0.0226600,9864785,1763899199999,2025-11-23 11:59:59,224622.2189900,5285,4525348,103092.2192000
1763899200000,2025-11-23 12:00:00,0.0226500,0.0228800,0.0216000,0.0216900,13428036,1763913599999,2025-11-23 15:59:59,298302.6430600,6386,6579556,145881.7908900
1763913600000,2025-11-23 16:00:00,0.0216900,0.0219600,0.0210100,0.0211500,8459638,1763927999999,2025-11-23 19:59:59,180555.1431200,5161,4813358,102762.2869100
1763928000000,2025-11-23 20:00:00,0.0211200,0.0214400,0.0202700,0.0208300,16490497,1763942399999,2025-11-23 23:59:59,344844.6623400,7980,8170690,170802.3138800
1763942400000,2025-11-24 00:00:00,0.0208200,0.0210500,0.0202900,0.0208500,10931951,1763956799999,2025-11-24 03:59:59,226038.1139800,4973,5798446,119982.2226400
1763956800000,2025-11-24 04:00:00,0.0208400,0.0211700,0.0204000,0.0205900,8935460,1763971199999,2025-11-24 07:59:59,185445.5872100,4797,5204416,108129.5919300
1763971200000,2025-11-24 08:00:00,0.0205900,0.0206400,0.0197200,0.0199300,26748876,1763985599999,2025-11-24 11:59:59,537109.0805600,10172,13168550,264495.8623200
1763985600000,2025-11-24 12:00:00,0.0199200,0.0202000,0.0192300,0.0198100,31624644,1763999999999,2025-11-24 15:59:59,625615.9331900,11014,15315121,303303.5576800
1764000000000,2025-11-24 16:00:00,0.0198300,0.0205400,0.0197200,0.0203300,21123141,1764014399999,2025-11-24 19:59:59,426024.3601400,8722,11792668,237924.4501600
1764014400000,2025-11-24 20:00:00,0.0203500,0.0204900,0.0192500,0.0193800,17247932,1764028799999,2025-11-24 23:59:59,341204.6671600,6637,7855942,155903.7750500
1764028800000,2025-11-25 00:00:00,0.0193800,0.0195700,0.0186300,0.0189600,32298538,1764043199999,2025-11-25 03:59:59,616672.2446900,11345,15550359,297522.4831800
1764043200000,2025-11-25 04:00:00,0.0189500,0.0193400,0.0188100,0.0189400,19295978,1764057599999,2025-11-25 07:59:59,368078.5462900,7274,10753954,205310.8943900
1764057600000,2025-11-25 08:00:00,0.0189400,0.0193000,0.0178200,0.0179400,71627252,1764071999999,2025-11-25 11:59:59,1326651.9342200,14029,36184787,669648.2382100
1764072000000,2025-11-25 12:00:00,0.0179500,0.0190200,0.0176300,0.0180500,67808614,1764086399999,2025-11-25 15:59:59,1226284.8890300,15957,34550077,626154.6651200
1764086400000,2025-11-25 16:00:00,0.0180600,0.0185000,0.0178100,0.0183700,40390510,1764100799999,2025-11-25 19:59:59,735813.6187200,8904,20793715,379035.4473200
1764100800000,2025-11-25 20:00:00,0.0183800,0.0199000,0.0182200,0.0191600,42201735,1764115199999,2025-11-25 23:59:59,806649.1902100,10140,20332607,388579.8460900
1764115200000,2025-11-26 00:00:00,0.0191600,0.0191900,0.0184400,0.0188000,16493800,1764129599999,2025-11-26 03:59:59,309715.7174800,6838,8031391,150807.9167000
1764129600000,2025-11-26 04:00:00,0.0188000,0.0195100,0.0185000,0.0190700,21936139,1764143999999,2025-11-26 07:59:59,415582.4112200,8780,9993783,189616.5177100
1764144000000,2025-11-26 08:00:00,0.0190300,0.0192400,0.0182400,0.0188800,33741265,1764158399999,2025-11-26 11:59:59,634040.9275200,13809,14795372,277894.4369800
1764158400000,2025-11-26 12:00:00,0.0188800,0.0196700,0.0186500,0.0187700,39926077,1764172799999,2025-11-26 15:59:59,762436.8987500,12251,19846558,379163.1094700
1764172800000,2025-11-26 16:00:00,0.0187700,0.0199600,0.0186500,0.0189800,26921825,1764187199999,2025-11-26 19:59:59,517274.2104400,12809,13935458,267506.5919200
1764187200000,2025-11-26 20:00:00,0.0189800,0.0190700,0.0145400,0.0170800,244912848,1764201599999,2025-11-26 23:59:59,4162715.2223800,64812,105341085,1792121.4455300
1764201600000,2025-11-27 00:00:00,0.0170600,0.0188400,0.0169400,0.0183700,73712047,1764215999999,2025-11-27 03:59:59,1319988.0115700,19510,33976615,608409.8068000
1764216000000,2025-11-27 04:00:00,0.0183400,0.0186600,0.0177400,0.0181700,22095113,1764230399999,2025-11-27 07:59:59,401263.4980300,7249,9785073,178093.1400200
1764230400000,2025-11-27 08:00:00,0.0181500,0.0188900,0.0175800,0.0177300,54838259,1764244799999,2025-11-27 11:59:59,994364.9383800,12428,25445457,462177.4268900
1764244800000,2025-11-27 12:00:00,0.0177000,0.0181300,0.0173000,0.0178200,79818764,1764259199999,2025-11-27 15:59:59,1411070.5211200,22257,33002367,584368.4702100
1764259200000,2025-11-27 16:00:00,0.0178300,0.0181900,0.0170000,0.0180700,121186115,1764273599999,2025-11-27 19:59:59,2129895.5769000,36937,54115843,952145.2851100
1764273600000,2025-11-27 20:00:00,0.0180900,0.0188400,0.0174900,0.0179800,52108254,1764287999999,2025-11-27 23:59:59,944319.7052100,17030,27137020,491876.2252800
1764288000000,2025-11-28 00:00:00,0.0179700,0.0180900,0.0168500,0.0180600,33728358,1764302399999,2025-11-28 03:59:59,591196.6433800,10561,12318234,215568.4259700
1764302400000,2025-11-28 04:00:00,0.0180400,0.0180700,0.0168800,0.0171000,28860539,1764316799999,2025-11-28 07:59:59,499857.1237900,9813,11617958,201438.1749900
1764316800000,2025-11-28 08:00:00,0.0171100,0.0176700,0.0169400,0.0172700,13617902,1764331199999,2025-11-28 11:59:59,236717.3760500,5577,5482243,95411.7190300
1764331200000,2025-11-28 12:00:00,0.0172600,0.0180100,0.0172300,0.0177300,14712237,1764345599999,2025-11-28 15:59:59,259767.2273800,5151,6094190,107490.8291300
1764345600000,2025-11-28 16:00:00,0.0177300,0.0178100,0.0166600,0.0171500,31532730,1764359999999,2025-11-28 19:59:59,539019.7338700,8546,15614423,267462.2932800
1764360000000,2025-11-28 20:00:00,0.0171600,0.0173600,0.0169200,0.0172600,9488901,1764374399999,2025-11-28 23:59:59,162991.7769600,4995,4167173,71589.7485500
1764374400000,2025-11-29 00:00:00,0.0172300,0.0173500,0.0170400,0.0172100,6713502,1764388799999,2025-11-29 03:59:59,115382.0502000,2857,2871115,49377.0822800
1764388800000,2025-11-29 04:00:00,0.0172000,0.0177300,0.0168900,0.0171100,13444230,1764403199999,2025-11-29 07:59:59,232143.1195900,4263,5573684,96132.2340700
1764403200000,2025-11-29 08:00:00,0.0171200,0.0173500,0.0167100,0.0170600,13497071,1764417599999,2025-11-29 11:59:59,229298.9112500,4876,5640434,95846.0472300
1764417600000,2025-11-29 12:00:00,0.0170500,0.0178000,0.0170000,0.0173200,20347665,1764431999999,2025-11-29 15:59:59,354057.8328000,5478,8332280,144777.0110600
1764432000000,2025-11-29 16:00:00,0.0173200,0.0173500,0.0167300,0.0170600,23527777,1764446399999,2025-11-29 19:59:59,400663.8249200,8817,10794220,183984.4060400
1764446400000,2025-11-29 20:00:00,0.0170900,0.0177200,0.0168700,0.0175700,10220080,1764460799999,2025-11-29 23:59:59,178315.8795600,4586,4996044,87236.1984600
1764460800000,2025-11-30 00:00:00,0.0175700,0.0177300,0.0171000,0.0172800,5350399,1764475199999,2025-11-30 03:59:59,93462.2768700,2717,2077892,36334.3944200
1764475200000,2025-11-30 04:00:00,0.0172600,0.0175000,0.0168900,0.0173400,7212334,1764489599999,2025-11-30 07:59:59,124276.6122100,3123,2997722,51711.6855100
1764489600000,2025-11-30 08:00:00,0.0173400,0.0176500,0.0172000,0.0175300,9447043,1764503999999,2025-11-30 11:59:59,164911.8130800,4071,4393648,76724.0313400
1764504000000,2025-11-30 12:00:00,0.0175400,0.0191600,0.0172700,0.0186600,73744399,1764518399999,2025-11-30 15:59:59,1360706.4743300,18069,38317571,707493.4601400
1764518400000,2025-11-30 16:00:00,0.0186400,0.0186700,0.0180000,0.0182300,34493191,1764532799999,2025-11-30 19:59:59,631953.6222500,11676,15092888,276568.5835900
1764532800000,2025-11-30 20:00:00,0.0182200,0.0185500,0.0171400,0.0175900,21804374,1764547199999,2025-11-30 23:59:59,393397.3755600,7011,10129887,183263.8721700
1764547200000,2025-12-01 00:00:00,0.0175800,0.0176200,0.0158000,0.0162300,56224461,1764561599999,2025-12-01 03:59:59,922824.5311900,21877,25252483,414455.4277300
1764561600000,2025-12-01 04:00:00,0.0162300,0.0162700,0.0151100,0.0156900,29557756,1764575999999,2025-12-01 07:59:59,462733.3119200,8276,10438969,163731.9345300
1764576000000,2025-12-01 08:00:00,0.0156800,0.0159500,0.0153000,0.0156000,15100622,1764590399999,2025-12-01 11:59:59,236355.5695300,5723,6822200,106892.9069700
1764590400000,2025-12-01 12:00:00,0.0155800,0.0160200,0.0153400,0.0157000,16443960,1764604799999,2025-12-01 15:59:59,258299.3429800,11114,7908848,124366.4720900
1764604800000,2025-12-01 16:00:00,0.0157300,0.0166300,0.0153400,0.0157800,17363868,1764619199999,2025-12-01 19:59:59,273600.0535800,7025,9570508,150970.3140100
1764619200000,2025-12-01 20:00:00,0.0157900,0.0160800,0.0156600,0.0160200,7260187,1764633599999,2025-12-01 23:59:59,115253.2911500,3615,3528750,56036.4983000
1764633600000,2025-12-02 00:00:00,0.0160300,0.0160300,0.0152000,0.0154700,14058135,1764647999999,2025-12-02 03:59:59,219073.6646500,5194,5804528,90476.4654800
1764648000000,2025-12-02 04:00:00,0.0154500,0.0156100,0.0152600,0.0155100,7115116,1764662399999,2025-12-02 07:59:59,109951.5091100,3269,3230844,49949.4997300
1764662400000,2025-12-02 08:00:00,0.0155000,0.0155500,0.0151100,0.0154100,10506422,1764676799999,2025-12-02 11:59:59,161302.1413600,4371,4191960,64397.5989400
1764676800000,2025-12-02 12:00:00,0.0154200,0.0160300,0.0153000,0.0159700,14734953,1764691199999,2025-12-02 15:59:59,229978.2168600,5509,7378219,115089.5897700
1764691200000,2025-12-02 16:00:00,0.0159700,0.0161400,0.0157800,0.0159300,9139410,1764705599999,2025-12-02 19:59:59,146322.2302600,4277,5112993,81911.7974000
1764705600000,2025-12-02 20:00:00,0.0159300,0.0160300,0.0155000,0.0157600,12380296,1764719999999,2025-12-02 23:59:59,196071.7610800,6675,6393229,101343.5264200
1764720000000,2025-12-03 00:00:00,0.0157400,0.0159700,0.0154600,0.0158900,7322865,1764734399999,2025-12-03 03:59:59,115444.5475700,3391,4215493,66509.7808900
1764734400000,2025-12-03 04:00:00,0.0158900,0.0161300,0.0158200,0.0160100,9027622,1764748799999,2025-12-03 07:59:59,144090.3214400,3774,5158551,82385.3476200
1764748800000,2025-12-03 08:00:00,0.0160100,0.0160300,0.0155900,0.0157400,10629938,1764763199999,2025-12-03 11:59:59,168210.4017700,3818,5322979,84255.3700000
1764763200000,2025-12-03 12:00:00,0.0157500,0.0163500,0.0152900,0.0159600,27645986,1764777599999,2025-12-03 15:59:59,439410.9549000,7793,12762312,202942.3200200
1764777600000,2025-12-03 16:00:00,0.0159700,0.0162500,0.0157400,0.0162100,10721597,1764791999999,2025-12-03 19:59:59,171536.3738300,4636,5185817,83082.3013100
1764792000000,2025-12-03 20:00:00,0.0161900,0.0166200,0.0157500,0.0162100,34725812,1764806399999,2025-12-03 23:59:59,561553.3853800,16135,16772686,271513.5024300
1764806400000,2025-12-04 00:00:00,0.0162300,0.0166100,0.0159500,0.0159800,12415854,1764820799999,2025-12-04 03:59:59,201939.4163100,4985,6406665,104294.9678700
1764820800000,2025-12-04 04:00:00,0.0159700,0.0160700,0.0157900,0.0159800,6571593,1764835199999,2025-12-04 07:59:59,104796.3538400,3302,3015787,48142.3337900
1764835200000,2025-12-04 08:00:00,0.0159900,0.0161100,0.0156000,0.0156900,13908567,1764849599999,2025-12-04 11:59:59,219789.7285400,4233,6143210,97105.0716300
1764849600000,2025-12-04 12:00:00,0.0157000,0.0160800,0.0155500,0.0159100,14905690,1764863999999,2025-12-04 15:59:59,234732.9697300,13066,7451383,117405.7148800
1764864000000,2025-12-04 16:00:00,0.0159100,0.0163300,0.0153200,0.0156700,15667595,1764878399999,2025-12-04 19:59:59,245554.2036700,11405,7469168,117269.5487800
1764878400000,2025-12-04 20:00:00,0.0156700,0.0158000,0.0153100,0.0156100,10181452,1764892799999,2025-12-04 23:59:59,158850.1658800,6195,4961493,77491.8368800
1764892800000,2025-12-05 00:00:00,0.0156100,0.0159600,0.0154700,0.0159300,9182772,1764907199999,2025-12-05 03:59:59,143996.4960400,2988,5015605,78648.1817800
1764907200000,2025-12-05 04:00:00,0.0159300,0.0163600,0.0156800,0.0163000,12043643,1764921599999,2025-12-05 07:59:59,192865.0804500,4062,6779054,108648.8402000
1764921600000,2025-12-05 08:00:00,0.0162700,0.0166400,0.0156500,0.0158800,33120515,1764935999999,2025-12-05 11:59:59,532943.7671900,10314,13998274,225609.5297600
1764936000000,2025-12-05 12:00:00,0.0158700,0.0158900,0.0153200,0.0154500,13484924,1764950399999,2025-12-05 15:59:59,210355.4002200,6073,5451405,85185.0767100
1764950400000,2025-12-05 16:00:00,0.0154400,0.0154600,0.0147500,0.0151200,20373271,1764964799999,2025-12-05 19:59:59,308561.3832800,7255,7912924,119957.2624700
1764964800000,2025-12-05 20:00:00,0.0151300,0.0153400,0.0147400,0.0151200,10390325,1764979199999,2025-12-05 23:59:59,155802.9635200,5103,4613837,69227.1150300
1764979200000,2025-12-06 00:00:00,0.0151400,0.0156900,0.0150000,0.0156500,7358705,1764993599999,2025-12-06 03:59:59,113487.8840500,4545,3876214,59794.2197000
1764993600000,2025-12-06 04:00:00,0.0156500,0.0157300,0.0153600,0.0154500,5931863,1765007999999,2025-12-06 07:59:59,92094.0586600,4074,2682090,41677.5947000
1765008000000,2025-12-06 08:00:00,0.0154800,0.0156100,0.0151700,0.0156000,11086800,1765022399999,2025-12-06 11:59:59,170183.7106300,5757,5227829,80217.3491800
1765022400000,2025-12-06 12:00:00,0.0156000,0.0157600,0.0153800,0.0156700,6484204,1765036799999,2025-12-06 15:59:59,101079.4515800,8772,3281029,51202.5483500
1765036800000,2025-12-06 16:00:00,0.0156700,0.0166600,0.0155300,0.0158900,29611799,1765051199999,2025-12-06 19:59:59,475028.0770200,15359,16888849,271343.7415800
1765051200000,2025-12-06 20:00:00,0.0158900,0.0160900,0.0156300,0.0156900,6619393,1765065599999,2025-12-06 23:59:59,104794.7148500,3332,2898907,45959.2785000
1765065600000,2025-12-07 00:00:00,0.0156800,0.0225500,0.0155800,0.0223700,309472240,1765079999999,2025-12-07 03:59:59,6050779.4379600,85514,153121950,2987220.3824600
1765080000000,2025-12-07 04:00:00,0.0223300,0.0266400,0.0205000,0.0236300,2278217376,1765094399999,2025-12-07 07:59:59,53132366.9873200,507758,1136969595,26550786.3362500
1765094400000,2025-12-07 08:00:00,0.0236600,0.0262300,0.0218900,0.0235100,1793166112,1765108799999,2025-12-07 11:59:59,43529837.3360700,407275,913323030,22199119.6163700
1765108800000,2025-12-07 12:00:00,0.0235000,0.0375600,0.0231500,0.0369400,4991683192,1765123199999,2025-12-07 15:59:59,155261403.8757000,1586217,2617887091,81421581.7086200
1765123200000,2025-12-07 16:00:00,0.0369400,0.0500000,0.0318900,0.0348100,4948235574,1765137599999,2025-12-07 19:59:59,186032208.1769900,1927318,2538422004,95755268.4758800
1765137600000,2025-12-07 20:00:00,0.0347800,0.0409100,0.0335900,0.0389600,1737431546,1765151999999,2025-12-07 23:59:59,65882383.6275000,680725,882991462,33494091.4609200
1765152000000,2025-12-08 00:00:00,0.0389400,0.0448400,0.0350100,0.0416500,1162979332,1765166399999,2025-12-08 03:59:59,44247920.3878600,430520,600230107,22890277.5225500
1765166400000,2025-12-08 04:00:00,0.0416500,0.0496000,0.0280000,0.0310200,3705563909,1765180799999,2025-12-08 07:59:59,138400769.7829200,1269346,1870006533,70024209.2525300
1765180800000,2025-12-08 08:00:00,0.0310200,0.0346400,0.0271100,0.0308700,1598427681,1765195199999,2025-12-08 11:59:59,47770456.5256100,431259,808701267,24167149.6302600
1765195200000,2025-12-08 12:00:00,0.0308500,0.0329800,0.0282300,0.0300900,778827055,1765209599999,2025-12-08 15:59:59,23679167.7165100,259147,382008978,11615801.8506800
1765209600000,2025-12-08 16:00:00,0.0300900,0.0335600,0.0287800,0.0318600,387610295,1765223999999,2025-12-08 19:59:59,11944157.9205000,166312,192220632,5931610.2829000
1765224000000,2025-12-08 20:00:00,0.0318700,0.0344900,0.0313300,0.0331100,271463100,1765238399999,2025-12-08 23:59:59,8979801.9022100,128541,133447281,4415587.7402900
1765238400000,2025-12-09 00:00:00,0.0331000,0.0508500,0.0328400,0.0483100,1140919750,1765252799999,2025-12-09 03:59:59,49972158.2749300,479817,578188731,25299417.2046100
1765252800000,2025-12-09 04:00:00,0.0482800,0.0572000,0.0456600,0.0551000,2852912536,1765267199999,2025-12-09 07:59:59,148444171.2648500,1341651,1485416017,77412054.6884000
1765267200000,2025-12-09 08:00:00,0.0550500,0.0567200,0.0480900,0.0499600,1727713228,1765281599999,2025-12-09 11:59:59,89258689.2095700,802647,881294715,45562206.2345600
1765281600000,2025-12-09 12:00:00,0.0499500,0.0504000,0.0361800,0.0440600,2807038776,1765295999999,2025-12-09 15:59:59,118360380.9499900,1039868,1436175818,60503531.3909200
1765296000000,2025-12-09 16:00:00,0.0440700,0.0499700,0.0404100,0.0446900,1009120598,1765310399999,2025-12-09 19:59:59,44827506.0239200,461526,513427932,22826041.5772600
1765310400000,2025-12-09 20:00:00,0.0446900,0.0448000,0.0373900,0.0387600,482332893,1765324799999,2025-12-09 23:59:59,19357239.7044000,233261,236161364,9475773.5999300
1765324800000,2025-12-10 00:00:00,0.0387600,0.0455500,0.0386200,0.0453800,496536301,1765339199999,2025-12-10 03:59:59,20778858.7561800,253019,259151273,10859724.2723700
1765339200000,2025-12-10 04:00:00,0.0453800,0.0516600,0.0429000,0.0496000,646571296,1765353599999,2025-12-10 07:59:59,30532210.6094700,378130,328466314,15505330.2040100
1765353600000,2025-12-10 08:00:00,0.0495900,0.0550000,0.0490400,0.0519100,653663374,1765367999999,2025-12-10 11:59:59,33998582.0132600,367363,325057951,16911284.7488600
1765368000000,2025-12-10 12:00:00,0.0519100,0.0595400,0.0503000,0.0588900,815068077,1765382399999,2025-12-10 15:59:59,44816391.1928800,525203,419578648,23098885.1079000
1765382400000,2025-12-10 16:00:00,0.0588900,0.0648600,0.0581900,0.0617500,653258594,1765396799999,2025-12-10 19:59:59,39817270.7099700,492314,336444793,20518376.5087200
1765396800000,2025-12-10 20:00:00,0.0617400,0.0629500,0.0561800,0.0572700,272529451,1765411199999,2025-12-10 23:59:59,16190549.6233900,205501,132790861,7894890.0630300
1765411200000,2025-12-11 00:00:00,0.0572800,0.0647600,0.0540600,0.0570400,435126769,1765425599999,2025-12-11 03:59:59,25138723.4748800,352873,228638354,13229348.7216100
1765425600000,2025-12-11 04:00:00,0.0570500,0.0598300,0.0557400,0.0565300,191686935,1765439999999,2025-12-11 07:59:59,11105734.2827900,163283,97553808,5653846.4637000
1765440000000,2025-12-11 08:00:00,0.0565300,0.0571200,0.0516500,0.0526600,246193651,1765454399999,2025-12-11 11:59:59,13394875.4082800,202613,123453393,6722593.1180100
1765454400000,2025-12-11 12:00:00,0.0526600,0.0538000,0.0487000,0.0488800,191111913,1765468799999,2025-12-11 15:59:59,9806906.9378500,158372,96700800,4969504.0414300
1765468800000,2025-12-11 16:00:00,0.0488900,0.0497000,0.0459500,0.0473200,174350297,1765483199999,2025-12-11 19:59:59,8303107.9851700,128655,90028974,4288011.9504500
1765483200000,2025-12-11 20:00:00,0.0473400,0.0489000,0.0440000,0.0456000,140850326,1765497599999,2025-12-11 23:59:59,6574492.2855700,107826,72671167,3396834.9960900
1765497600000,2025-12-12 00:00:00,0.0455800,0.0458100,0.0400000,0.0407900,246817440,1765511999999,2025-12-12 03:59:59,10338954.9720200,169560,120591947,5050747.7033400
1765512000000,2025-12-12 04:00:00,0.0407900,0.0413200,0.0381500,0.0385700,206111541,1765526399999,2025-12-12 07:59:59,8146648.3601100,120461,103976372,4110189.3308200
1765526400000,2025-12-12 08:00:00,0.0385700,0.0420800,0.0374500,0.0397000,272706466,1765540799999,2025-12-12 11:59:59,10586676.6292400,134154,143076651,5566590.7360600
1765540800000,2025-12-12 12:00:00,0.0396900,0.0414200,0.0360900,0.0391600,393391934,1765555199999,2025-12-12 15:59:59,15223943.5517300,182560,193466299,7485280.0882600
1765555200000,2025-12-12 16:00:00,0.0391500,0.0397100,0.0333400,0.0371900,318239012,1765569599999,2025-12-12 19:59:59,11472688.3338300,176859,152674451,5500864.1305200
1765569600000,2025-12-12 20:00:00,0.0371900,0.0419300,0.0361700,0.0412300,202702511,1765583999999,2025-12-12 23:59:59,7949448.9227000,126360,105580012,4137847.7969700
1765584000000,2025-12-13 00:00:00,0.0412300,0.0425900,0.0391400,0.0400500,128350105,1765598399999,2025-12-13 03:59:59,5236869.9799200,93133,62777028,2562099.2208800
1765598400000,2025-12-13 04:00:00,0.0400500,0.0499200,0.0395500,0.0458400,601955158,1765612799999,2025-12-13 07:59:59,27962971.5891200,341500,298946980,13870035.8430800
1765612800000,2025-12-13 08:00:00,0.0458600,0.0496000,0.0444400,0.0448900,414796513,1765627199999,2025-12-13 11:59:59,19680534.5020300,248810,204160731,9689240.4452400
1765627200000,2025-12-13 12:00:00,0.0448900,0.0462900,0.0432100,0.0451000,253247548,1765641599999,2025-12-13 15:59:59,11337850.6109200,163374,125644699,5624803.4640600
1765641600000,2025-12-13 16:00:00,0.0451000,0.0481900,0.0427500,0.0429900,178370995,1765655999999,2025-12-13 19:59:59,8052984.3449900,128550,87401302,3952226.6209600
1765656000000,2025-12-13 20:00:00,0.0430000,0.0430000,0.0400100,0.0405100,101981626,1765670399999,2025-12-13 23:59:59,4238062.0673400,66873,48223949,2003998.1536700
1765670400000,2025-12-14 00:00:00,0.0405200,0.0415600,0.0397900,0.0406600,76616010,1765684799999,2025-12-14 03:59:59,3122179.3339200,58092,38462945,1568019.8041400
1765684800000,2025-12-14 04:00:00,0.0406800,0.0481300,0.0393500,0.0441000,235332765,1765699199999,2025-12-14 07:59:59,10374217.9220100,173957,118877799,5238095.0260800
1765699200000,2025-12-14 08:00:00,0.0441200,0.0447200,0.0401200,0.0402700,148101600,1765713599999,2025-12-14 11:59:59,6256757.6480100,108755,70128943,2964971.3342800
1765713600000,2025-12-14 12:00:00,0.0402700,0.0906600,0.0399300,0.0812700,1166731522,1765727999999,2025-12-14 15:59:59,76249557.7265500,750746,598046269,39099971.1724600
1765728000000,2025-12-14 16:00:00,0.0812600,0.0894100,0.0690000,0.0795400,1347578604,1765742399999,2025-12-14 19:59:59,106451774.8965100,1211649,676825695,53546158.3360300
1765742400000,2025-12-14 20:00:00,0.0795300,0.0861700,0.0760200,0.0805500,588182150,1765756799999,2025-12-14 23:59:59,47353584.2929000,529837,304547090,24544530.8461300
1765756800000,2025-12-15 00:00:00,0.0805300,0.0893300,0.0533500,0.0566100,1486305790,1765771199999,2025-12-15 03:59:59,102664434.1778100,1090818,747341681,51748658.0376800
1765771200000,2025-12-15 04:00:00,0.0565700,0.0859000,0.0552100,0.0820100,1215919086,1765785599999,2025-12-15 07:59:59,87628110.8616800,934434,625310178,45108697.5920400
1765785600000,2025-12-15 08:00:00,0.0820200,0.0845500,0.0734300,0.0776000,843963536,1765799999999,2025-12-15 11:59:59,66563932.7592600,698491,432148416,34114280.6698200
1765800000000,2025-12-15 12:00:00,0.0775900,0.0885200,0.0643400,0.0730300,1212165468,1765814399999,2025-12-15 15:59:59,92943181.2390900,977007,628762013,48324563.1133200
1765814400000,2025-12-15 16:00:00,0.0730100,0.1044400,0.0700000,0.1020700,1115642354,1765828799999,2025-12-15 19:59:59,101455657.1928800,1124590,585985964,53317636.9006900
1765828800000,2025-12-15 20:00:00,0.1020800,0.1088800,0.0977900,0.0994200,427627033,1765843199999,2025-12-15 23:59:59,44272355.6303700,489628,218956780,22690980.4018200
1765843200000,2025-12-16 00:00:00,0.0994000,0.1460000,0.0987700,0.1250200,1061244842,1765857599999,2025-12-16 03:59:59,133103611.0667200,1364112,556896244,69850142.3845200
1765857600000,2025-12-16 04:00:00,0.1250400,0.1297000,0.1068700,0.1086500,554637405,1765871999999,2025-12-16 07:59:59,64234849.7472800,844050,278577659,32302871.7954000
1765872000000,2025-12-16 08:00:00,0.1086500,0.1116000,0.0932500,0.1001900,517427820,1765886399999,2025-12-16 11:59:59,53124145.1876700,683714,260796191,26793863.2694400
1765886400000,2025-12-16 12:00:00,0.1001900,0.1059500,0.0905700,0.0912200,404838546,1765900799999,2025-12-16 15:59:59,39649844.6729200,505326,207895215,20371200.0613600
1765900800000,2025-12-16 16:00:00,0.0912300,0.1067200,0.0903400,0.0959500,270047890,1765915199999,2025-12-16 19:59:59,26508839.9041700,385993,141091003,13850726.2602700
1765915200000,2025-12-16 20:00:00,0.0959600,0.0965900,0.0819500,0.0825200,130321581,1765929599999,2025-12-16 23:59:59,11548949.5003200,174330,63264418,5614591.4789100
1765929600000,2025-12-17 00:00:00,0.0825200,0.1036100,0.0810200,0.0977900,304140785,1765943999999,2025-12-17 03:59:59,29077731.1188500,423430,161194278,15400235.2917600
1765944000000,2025-12-17 04:00:00,0.0978200,0.1009800,0.0887500,0.0983900,174830507,1765958399999,2025-12-17 07:59:59,16643790.8434700,259690,91337821,8697051.8537100
1765958400000,2025-12-17 08:00:00,0.0983400,0.0996300,0.0892000,0.0899400,133919435,1765972799999,2025-12-17 11:59:59,12648718.8164000,204334,68299942,6450825.6991100
1765972800000,2025-12-17 12:00:00,0.0899300,0.0975800,0.0881400,0.0887300,141670914,1765987199999,2025-12-17 15:59:59,13115681.0741100,214548,71759685,6646191.8533200
1765987200000,2025-12-17 16:00:00,0.0887300,0.0925900,0.0841100,0.0862400,108070756,1766001599999,2025-12-17 19:59:59,9534386.2679200,166686,57077998,5034849.2278000
1766001600000,2025-12-17 20:00:00,0.0862200,0.1099000,0.0847500,0.1084200,208951584,1766015999999,2025-12-17 23:59:59,20904177.7264900,357728,112509885,11272683.8902800
1766016000000,2025-12-18 00:00:00,0.1083700,0.1128200,0.0913200,0.0926500,245183515,1766030399999,2025-12-18 03:59:59,24848791.5593700,372939,127628336,12957151.3449200
1766030400000,2025-12-18 04:00:00,0.0926500,0.0928400,0.0653000,0.0729900,252133482,1766044799999,2025-12-18 07:59:59,19977543.1369600,284660,120727257,9624253.5849400
1766044800000,2025-12-18 08:00:00,0.0730000,0.0755500,0.0669100,0.0717200,264009101,1766059199999,2025-12-18 11:59:59,18819414.2301900,294127,132116676,9425709.7578500
1766059200000,2025-12-18 12:00:00,0.0717200,0.0883200,0.0703900,0.0827700,254545288,1766073599999,2025-12-18 15:59:59,20619909.7289300,324344,132434036,10738036.8461700
1766073600000,2025-12-18 16:00:00,0.0827800,0.0865800,0.0749200,0.0755500,113336876,1766087999999,2025-12-18 19:59:59,9108855.8072600,171375,58607772,4713666.6124300
1766088000000,2025-12-18 20:00:00,0.0755400,0.0784800,0.0716400,0.0751100,78094211,1766102399999,2025-12-18 23:59:59,5842810.6104500,119274,40164525,3006910.3639200
1766102400000,2025-12-19 00:00:00,0.0751100,0.0755100,0.0687400,0.0710900,112326634,1766116799999,2025-12-19 03:59:59,8068767.4690000,134281,54700572,3932410.9923000
1766116800000,2025-12-19 04:00:00,0.0710800,0.0777400,0.0655000,0.0712600,217914963,1766131199999,2025-12-19 07:59:59,15434776.2337400,221106,113050469,8024009.5258600
1766131200000,2025-12-19 08:00:00,0.0712600,0.0714400,0.0640000,0.0670400,148129460,1766145599999,2025-12-19 11:59:59,9956172.6046200,184112,73312723,4930169.1297200
1766145600000,2025-12-19 12:00:00,0.0670600,0.1040800,0.0659400,0.0869300,617190304,1766159999999,2025-12-19 15:59:59,54322683.4599900,725516,316517696,27882497.7062000
1766160000000,2025-12-19 16:00:00,0.0869000,0.1203400,0.0788000,0.0940200,470013979,1766174399999,2025-12-19 19:59:59,46023432.1177000,608835,243139291,23979918.1033200
1766174400000,2025-12-19 20:00:00,0.0939700,0.0971000,0.0789700,0.0789700,247369513,1766188799999,2025-12-19 23:59:59,21535329.1245400,317571,130436451,11389502.4589300
1766188800000,2025-12-20 00:00:00,0.0789700,0.0844100,0.0617400,0.0675300,329920216,1766203199999,2025-12-20 03:59:59,24509185.7964900,336093,167777652,12458460.6557100
1766203200000,2025-12-20 04:00:00,0.0675300,0.0683300,0.0450300,0.0485600,1054827610,1766217599999,2025-12-20 07:59:59,55305671.4188100,686794,526620745,27673764.8052900
1766217600000,2025-12-20 08:00:00,0.0485100,0.0510700,0.0433600,0.0497200,683802059,1766231999999,2025-12-20 11:59:59,32105632.1184500,443059,313470269,14737690.0463100
1766232000000,2025-12-20 12:00:00,0.0497200,0.0538500,0.0445000,0.0478000,390880413,1766246399999,2025-12-20 15:59:59,19420614.5141600,304244,186817821,9305290.9111600
1766246400000,2025-12-20 16:00:00,0.0478000,0.0565500,0.0475400,0.0513900,311268660,1766260799999,2025-12-20 19:59:59,16211089.5672800,240192,148935459,7759746.8615400
1766260800000,2025-12-20 20:00:00,0.0514000,0.0517400,0.0482800,0.0490900,155415767,1766275199999,2025-12-20 23:59:59,7746128.8415200,146954,74955141,3737569.1348100
1766275200000,2025-12-21 00:00:00,0.0490900,0.0551500,0.0480800,0.0512400,208457186,1766289599999,2025-12-21 03:59:59,10686269.5359900,184411,98440652,5050747.4236700
1766289600000,2025-12-21 04:00:00,0.0512200,0.0555300,0.0504100,0.0509000,135099234,1766303999999,2025-12-21 07:59:59,7114396.6030900,148620,64259616,3385592.3736400
1766304000000,2025-12-21 08:00:00,0.0509000,0.0528900,0.0463900,0.0477600,161794332,1766318399999,2025-12-21 11:59:59,8131774.4742300,139758,71616782,3605837.0639500
1766318400000,2025-12-21 12:00:00,0.0477500,0.0480400,0.0405000,0.0438700,288729993,1766332799999,2025-12-21 15:59:59,12611946.6842700,202293,129171306,5638737.3461700
1766332800000,2025-12-21 16:00:00,0.0438800,0.0532400,0.0431200,0.0528500,201388494,1766347199999,2025-12-21 19:59:59,9618968.4549100,179641,95966837,4582465.6912400
1766347200000,2025-12-21 20:00:00,0.0528400,0.0535700,0.0432900,0.0460300,182041433,1766361599999,2025-12-21 23:59:59,8481196.4143800,162322,83371611,3877548.7589200
1766361600000,2025-12-22 00:00:00,0.0460200,0.0500000,0.0455200,0.0467700,110866782,1766375999999,2025-12-22 03:59:59,5274652.9299100,128020,53322068,2538844.7782900
1766376000000,2025-12-22 04:00:00,0.0467700,0.0467800,0.0442000,0.0456200,72216783,1766390399999,2025-12-22 07:59:59,3296643.4366400,74026,34257787,1564536.3175000
1766390400000,2025-12-22 08:00:00,0.0456200,0.0462600,0.0434600,0.0456800,59958643,1766404799999,2025-12-22 11:59:59,2688230.0394900,58503,29871288,1340471.8535600
1766404800000,2025-12-22 12:00:00,0.0456600,0.0476400,0.0440600,0.0443500,103701323,1766419199999,2025-12-22 15:59:59,4755501.4979100,87893,49761157,2281250.8750500
1766419200000,2025-12-22 16:00:00,0.0443300,0.0459100,0.0435600,0.0439600,57962710,1766433599999,2025-12-22 19:59:59,2586588.1170800,53278,27723056,1238069.8915700
1766433600000,2025-12-22 20:00:00,0.0439500,0.0474200,0.0432400,0.0467500,63957343,1766447999999,2025-12-22 23:59:59,2901809.0201100,61344,31128948,1412300.7099900
1766448000000,2025-12-23 00:00:00,0.0467400,0.0471800,0.0453100,0.0464800,45916116,1766462399999,2025-12-23 03:59:59,2114459.2813700,46370,22787258,1049309.2610300
1766462400000,2025-12-23 04:00:00,0.0464700,0.0499300,0.0458300,0.0465100,90061256,1766476799999,2025-12-23 07:59:59,4290467.5219700,77030,44042124,2099077.8391600
1766476800000,2025-12-23 08:00:00,0.0465100,0.0487400,0.0451200,0.0451600,66330118,1766491199999,2025-12-23 11:59:59,3091920.0005900,53016,32440084,1513733.0862500
1766491200000,2025-12-23 12:00:00,0.0451600,0.0456900,0.0413700,0.0423400,110878456,1766505599999,2025-12-23 15:59:59,4761057.4706100,73131,52226563,2242323.8602900
1766505600000,2025-12-23 16:00:00,0.0423400,0.0442800,0.0419100,0.0436800,56933981,1766519999999,2025-12-23 19:59:59,2439863.2416000,48661,28021909,1200233.2749800
1766520000000,2025-12-23 20:00:00,0.0436800,0.0445400,0.0426800,0.0429300,48962502,1766534399999,2025-12-23 23:59:59,2137382.7185700,42592,23976102,1046949.3823200
1766534400000,2025-12-24 00:00:00,0.0429400,0.0438300,0.0413000,0.0421400,41381686,1766548799999,2025-12-24 03:59:59,1757212.3076200,34536,19840374,842569.5628300
1766548800000,2025-12-24 04:00:00,0.0421300,0.0423900,0.0406000,0.0413400,36471770,1766563199999,2025-12-24 07:59:59,1510025.8177600,32056,16847099,698303.3622100
1766563200000,2025-12-24 08:00:00,0.0413400,0.0419300,0.0402600,0.0407600,39049311,1766577599999,2025-12-24 11:59:59,1609781.5644800,30968,17578152,725170.4308500
1766577600000,2025-12-24 12:00:00,0.0407700,0.0463600,0.0402500,0.0449700,96998727,1766591999999,2025-12-24 15:59:59,4218543.7800200,68810,45235243,1966791.0302000
1766592000000,2025-12-24 16:00:00,0.0449800,0.0450000,0.0405000,0.0409800,64730018,1766606399999,2025-12-24 19:59:59,2726854.7869400,48600,30219866,1272562.1999000
1766606400000,2025-12-24 20:00:00,0.0410000,0.0416800,0.0408000,0.0410700,24389273,1766620799999,2025-12-24 23:59:59,1007786.4098400,22421,12614848,521390.0883200
1766620800000,2025-12-25 00:00:00,0.0410800,0.0434100,0.0408900,0.0420500,33601182,1766635199999,2025-12-25 03:59:59,1413625.2621500,25777,15170336,637941.0561400
1766635200000,2025-12-25 04:00:00,0.0420600,0.0429800,0.0409100,0.0414500,32075052,1766649599999,2025-12-25 07:59:59,1339242.6985500,24229,15939315,665719.5322600
1766649600000,2025-12-25 08:00:00,0.0414200,0.0419700,0.0379900,0.0384800,61941127,1766663999999,2025-12-25 11:59:59,2467918.0977400,35737,27090198,1080493.3997000
1766664000000,2025-12-25 12:00:00,0.0384800,0.0387200,0.0356000,0.0368400,79512411,1766678399999,2025-12-25 15:59:59,2953147.9668300,42580,38337667,1424217.5493100
1766678400000,2025-12-25 16:00:00,0.0368500,0.0410800,0.0367000,0.0409100,74528742,1766692799999,2025-12-25 19:59:59,2888713.0114700,48176,37808236,1464566.5648600
1766692800000,2025-12-25 20:00:00,0.0409100,0.0421700,0.0377500,0.0378700,51398499,1766707199999,2025-12-25 23:59:59,2055861.2524800,38610,21990296,880442.6381000
1766707200000,2025-12-26 00:00:00,0.0378700,0.0386700,0.0370800,0.0371100,39910833,1766721599999,2025-12-26 03:59:59,1510511.2835800,27015,19758919,748374.1866100
1766721600000,2025-12-26 04:00:00,0.0371100,0.0381200,0.0366600,0.0372600,25997916,1766735999999,2025-12-26 07:59:59,972290.0362500,20448,13218209,494449.1777000
1766736000000,2025-12-26 08:00:00,0.0372800,0.0383900,0.0370800,0.0373800,23068630,1766750399999,2025-12-26 11:59:59,869234.8801300,17011,10589844,398899.2794200
1766750400000,2025-12-26 12:00:00,0.0373800,0.0376600,0.0352600,0.0364100,45565910,1766764799999,2025-12-26 15:59:59,1656773.1872800,26265,22101545,803677.9564700
1766764800000,2025-12-26 16:00:00,0.0364100,0.0384500,0.0355000,0.0369500,44897677,1766779199999,2025-12-26 19:59:59,1655726.2670000,27870,18803867,692901.5226600
1766779200000,2025-12-26 20:00:00,0.0369500,0.0380300,0.0363900,0.0364900,19217500,1766793599999,2025-12-26 23:59:59,712653.5677400,16111,8902266,330375.2579600
1766793600000,2025-12-27 00:00:00,0.0364800,0.0378100,0.0360200,0.0374700,18177571,1766807999999,2025-12-27 03:59:59,672341.7184600,16486,9314022,344419.8554500
1766808000000,2025-12-27 04:00:00,0.0374700,0.0399200,0.0373300,0.0379100,37603267,1766822399999,2025-12-27 07:59:59,1448555.1628900,27998,18820338,725464.0839800
1766822400000,2025-12-27 08:00:00,0.0379000,0.0380900,0.0369000,0.0373700,27902772,1766836799999,2025-12-27 11:59:59,1043835.0747700,20094,13998084,523666.1417800
1766836800000,2025-12-27 12:00:00,0.0373700,0.0383100,0.0370900,0.0371900,29690898,1766851199999,2025-12-27 15:59:59,1118259.1528400,19438,15298433,576061.0017200
1766851200000,2025-12-27 16:00:00,0.0371900,0.0384700,0.0363900,0.0376300,26762484,1766865599999,2025-12-27 19:59:59,1001950.1779600,17779,13080528,489487.9686700
1766865600000,2025-12-27 20:00:00,0.0376400,0.0384900,0.0372100,0.0382400,12754244,1766879999999,2025-12-27 23:59:59,483936.0880200,11272,5776503,219068.6798700
1766880000000,2025-12-28 00:00:00,0.0382400,0.0384300,0.0365300,0.0365500,15333870,1766894399999,2025-12-28 03:59:59,574562.5342900,10687,8021793,300039.9094600
1766894400000,2025-12-28 04:00:00,0.0365600,0.0371000,0.0360500,0.0365200,18922438,1766908799999,2025-12-28 07:59:59,690846.4868100,14781,10075992,367765.0820600
1766908800000,2025-12-28 08:00:00,0.0365300,0.0375000,0.0360500,0.0366400,14039831,1766923199999,2025-12-28 11:59:59,515210.6212400,10199,5718385,209622.6109200
1766923200000,2025-12-28 12:00:00,0.0366500,0.0372600,0.0361100,0.0363500,20537958,1766937599999,2025-12-28 15:59:59,752271.8898600,12910,9855694,360631.4240300
1766937600000,2025-12-28 16:00:00,0.0363500,0.0377300,0.0344000,0.0349700,39502650,1766951999999,2025-12-28 19:59:59,1429052.2824900,23397,18326095,663180.8871600
1766952000000,2025-12-28 20:00:00,0.0349600,0.0352900,0.0338000,0.0345600,27242182,1766966399999,2025-12-28 23:59:59,938899.9207800,20187,13222868,456199.8206800
1766966400000,2025-12-29 00:00:00,0.0345500,0.0366400,0.0343300,0.0355500,34491726,1766980799999,2025-12-29 03:59:59,1219088.5275400,21753,16422411,579298.4128100
1766980800000,2025-12-29 04:00:00,0.0355400,0.0376200,0.0352100,0.0372900,32937224,1766995199999,2025-12-29 07:59:59,1202816.8718300,25253,13723192,501310.4245000
1766995200000,2025-12-29 08:00:00,0.0372900,0.0405000,0.0367100,0.0390200,98075587,1767009599999,2025-12-29 11:59:59,3824109.6125100,67690,48137559,1877946.3666600
1767009600000,2025-12-29 12:00:00,0.0390300,0.0394000,0.0342900,0.0347100,67285584,1767023999999,2025-12-29 15:59:59,2460269.0038000,44996,31762660,1160927.5073300
1767024000000,2025-12-29 16:00:00,0.0347100,0.0358400,0.0334900,0.0353000,35288460,1767038399999,2025-12-29 19:59:59,1223033.3808800,25928,18127615,628789.0303600
1767038400000,2025-12-29 20:00:00,0.0353000,0.0395000,0.0345200,0.0391400,63385283,1767052799999,2025-12-29 23:59:59,2383750.4017000,48055,28626076,1076931.2876700
1767052800000,2025-12-30 00:00:00,0.0391300,0.0396500,0.0353700,0.0356100,57063100,1767067199999,2025-12-30 03:59:59,2152033.3078700,43135,24393216,919479.2848900
1767067200000,2025-12-30 04:00:00,0.0356300,0.0364600,0.0341500,0.0342000,33797635,1767081599999,2025-12-30 07:59:59,1185041.5372200,26686,17098193,600100.9699100
1767081600000,2025-12-30 08:00:00,0.0342000,0.0356700,0.0338900,0.0349600,28035711,1767095999999,2025-12-30 11:59:59,975720.1805800,21437,13699529,476628.4547900
1767096000000,2025-12-30 12:00:00,0.0349400,0.0363500,0.0344200,0.0361700,24902581,1767110399999,2025-12-30 15:59:59,878731.5578300,20063,11519731,406576.7816200
1767110400000,2025-12-30 16:00:00,0.0361500,0.0385600,0.0355200,0.0381700,47872411,1767124799999,2025-12-30 19:59:59,1782108.1129300,36730,21766145,810484.4709700
1767124800000,2025-12-30 20:00:00,0.0381600,0.0403800,0.0371400,0.0375400,56842056,1767139199999,2025-12-30 23:59:59,2197308.9525500,41644,25378501,982704.8992100
1767139200000,2025-12-31 00:00:00,0.0375100,0.0385500,0.0363000,0.0366600,22559251,1767153599999,2025-12-31 03:59:59,843285.8992800,19171,10987028,411123.3364400
1767153600000,2025-12-31 04:00:00,0.0366700,0.0374000,0.0358300,0.0361700,19302511,1767167999999,2025-12-31 07:59:59,704021.6794300,16737,10381219,379111.6596500
1767168000000,2025-12-31 08:00:00,0.0361600,0.0368000,0.0342500,0.0344000,39652642,1767182399999,2025-12-31 11:59:59,1400063.7494900,26725,18893005,667947.1464800
1767182400000,2025-12-31 12:00:00,0.0343900,0.0360400,0.0342200,0.0356200,24892082,1767196799999,2025-12-31 15:59:59,873593.2946900,18623,13016914,456378.3037800
1767196800000,2025-12-31 16:00:00,0.0356100,0.0376500,0.0351400,0.0371000,16755394,1767211199999,2025-12-31 19:59:59,609800.4427400,15542,7628367,277426.7290400
1767211200000,2025-12-31 20:00:00,0.0371100,0.0386900,0.0363000,0.0364700,27247866,1767225599999,2025-12-31 23:59:59,1021484.1537100,21391,13528858,507287.2945500
1767225600000,2026-01-01 00:00:00,0.0364600,0.0369800,0.0353500,0.0354200,15612849,1767239999999,2026-01-01 03:59:59,560715.5133000,12473,8022751,288360.9821700
1767240000000,2026-01-01 04:00:00,0.0354200,0.0368700,0.0347800,0.0353100,25604301,1767254399999,2026-01-01 07:59:59,912274.5360800,18937,12379040,441686.7104300
1767254400000,2026-01-01 08:00:00,0.0353000,0.0366600,0.0350400,0.0364600,16612774,1767268799999,2026-01-01 11:59:59,593370.8994200,18677,6870992,245512.3900200
1767268800000,2026-01-01 12:00:00,0.0364300,0.0365300,0.0350000,0.0358900,18757745,1767283199999,2026-01-01 15:59:59,666259.7910900,17404,8652298,307119.4896700
1767283200000,2026-01-01 16:00:00,0.0358900,0.0369900,0.0356500,0.0363800,15416992,1767297599999,2026-01-01 19:59:59,557796.5494100,14825,6422853,232187.2540300
1767297600000,2026-01-01 20:00:00,0.0364600,0.0366800,0.0347000,0.0350600,13069047,1767311999999,2026-01-01 23:59:59,467239.0987800,11492,6010775,215255.4145900
1767312000000,2026-01-02 00:00:00,0.0350600,0.0351100,0.0335000,0.0341300,29207394,1767326399999,2026-01-02 03:59:59,999237.9417100,19972,15156734,518441.2415700
1767326400000,2026-01-02 04:00:00,0.0341300,0.0349600,0.0339000,0.0345400,15764657,1767340799999,2026-01-02 07:59:59,543300.5192400,11961,6828798,235123.9652700
1767340800000,2026-01-02 08:00:00,0.0345300,0.0356300,0.0342700,0.0351200,19579679,1767355199999,2026-01-02 11:59:59,683613.4901700,18940,8405774,293488.7069600
1767355200000,2026-01-02 12:00:00,0.0351200,0.0352900,0.0342900,0.0345300,15484727,1767369599999,2026-01-02 15:59:59,538002.7761100,13425,6618031,229842.6958200
1767369600000,2026-01-02 16:00:00,0.0345300,0.0371800,0.0343400,0.0365700,33558062,1767383999999,2026-01-02 19:59:59,1211132.9650100,24944,14470670,522059.9352500
1767384000000,2026-01-02 20:00:00,0.0365500,0.0367600,0.0350900,0.0352700,13284186,1767398399999,2026-01-02 23:59:59,478928.4111200,12010,5634455,203219.7055900
1767398400000,2026-01-03 00:00:00,0.0352600,0.0352700,0.0337100,0.0347900,24953551,1767412799999,2026-01-03 03:59:59,860363.6038000,17992,13924848,480050.2479700
1767412800000,2026-01-03 04:00:00,0.0347600,0.0359100,0.0344000,0.0349000,18336822,1767427199999,2026-01-03 07:59:59,641440.5750900,13742,8642297,302627.3217500
1767427200000,2026-01-03 08:00:00,0.0349100,0.0355200,0.0348300,0.0353900,13126274,1767441599999,2026-01-03 11:59:59,462449.0387100,11476,5120284,180455.9142900
1767441600000,2026-01-03 12:00:00,0.0354000,0.0356600,0.0347000,0.0352600,9722687,1767455999999,2026-01-03 15:59:59,342405.9908600,8850,3917208,138038.4774500
1767456000000,2026-01-03 16:00:00,0.0352500,0.0362000,0.0350100,0.0361500,9691273,1767470399999,2026-01-03 19:59:59,343956.8070800,10121,4019631,142832.8892300
1767470400000,2026-01-03 20:00:00,0.0361600,0.0369300,0.0347000,0.0358800,26406789,1767484799999,2026-01-03 23:59:59,949211.3580500,18981,12684765,454864.3335600
1767484800000,2026-01-04 00:00:00,0.0358800,0.0375600,0.0349800,0.0364300,31058678,1767499199999,2026-01-04 03:59:59,1127909.3047500,22925,15922839,579024.5427500
1767499200000,2026-01-04 04:00:00,0.0364300,0.0390700,0.0356500,0.0360000,35123335,1767513599999,2026-01-04 07:59:59,1309223.0712900,20421,17654679,658171.3322800
1767513600000,2026-01-04 08:00:00,0.0360000,0.0361400,0.0350400,0.0356600,19593886,1767527999999,2026-01-04 11:59:59,697078.4334100,12562,9355470,332992.9008000
1767528000000,2026-01-04 12:00:00,0.0356400,0.0364700,0.0354400,0.0356900,12346870,1767542399999,2026-01-04 15:59:59,443795.7517100,8742,5035041,181129.2930600
1767542400000,2026-01-04 16:00:00,0.0356900,0.0381800,0.0355300,0.0370400,22972834,1767556799999,2026-01-04 19:59:59,844992.0849300,15626,9330284,343202.9374000
1767556800000,2026-01-04 20:00:00,0.0370300,0.0391600,0.0357700,0.0359500,29469190,1767571199999,2026-01-04 23:59:59,1105812.3560100,20190,15770700,592946.3319800
1767571200000,2026-01-05 00:00:00,0.0359400,0.0370100,0.0357600,0.0364900,19148206,1767585599999,2026-01-05 03:59:59,695838.6185200,13935,9025076,327898.6913100
1767585600000,2026-01-05 04:00:00,0.0364900,0.0370300,0.0355000,0.0361900,19690306,1767599999999,2026-01-05 07:59:59,711559.5551400,13422,8472929,306282.3189000
1767600000000,2026-01-05 08:00:00,0.0361900,0.0370200,0.0361100,0.0362900,18762102,1767614399999,2026-01-05 11:59:59,685339.5324200,11629,9039570,330162.7358700
1767614400000,2026-01-05 12:00:00,0.0362900,0.0367600,0.0356100,0.0361400,19427345,1767628799999,2026-01-05 15:59:59,700660.6738900,12570,8665828,312510.4904600
1767628800000,2026-01-05 16:00:00,0.0361500,0.0378300,0.0358900,0.0375500,30148232,1767643199999,2026-01-05 19:59:59,1116093.9125700,18353,12588654,465885.3526600
1767643200000,2026-01-05 20:00:00,0.0375600,0.0379000,0.0357900,0.0358300,19289072,1767657599999,2026-01-05 23:59:59,705296.0677200,12463,10417015,380337.4008000
1767657600000,2026-01-06 00:00:00,0.0358200,0.0368300,0.0348000,0.0366700,23282450,1767671999999,2026-01-06 03:59:59,828517.8588700,12812,10231139,363936.0638000
1767672000000,2026-01-06 04:00:00,0.0366600,0.0375000,0.0356400,0.0359000,28380667,1767686399999,2026-01-06 07:59:59,1036094.6339800,14914,13360486,487902.5969200
1767686400000,2026-01-06 08:00:00,0.0359000,0.0369000,0.0355000,0.0358800,26267651,1767700799999,2026-01-06 11:59:59,948038.5062200,11255,12304912,444451.2195600
1767700800000,2026-01-06 12:00:00,0.0358800,0.0366000,0.0356100,0.0364600,17863013,1767715199999,2026-01-06 15:59:59,644537.4289300,10946,8198012,296015.1850000
1767715200000,2026-01-06 16:00:00,0.0364400,0.0372800,0.0356500,0.0370400,20068977,1767729599999,2026-01-06 19:59:59,731901.7176300,12435,9668558,352961.5374700
1767729600000,2026-01-06 20:00:00,0.0370500,0.0392600,0.0365200,0.0379400,31154310,1767743999999,2026-01-06 23:59:59,1179324.0021400,20023,14255955,539546.3534600
1767744000000,2026-01-07 00:00:00,0.0379500,0.0491900,0.0378700,0.0449700,567691135,1767758399999,2026-01-07 03:59:59,25765759.8914200,262535,278317201,12625504.3620600
1767758400000,2026-01-07 04:00:00,0.0449400,0.0469800,0.0412000,0.0454300,390588848,1767772799999,2026-01-07 07:59:59,17508162.3635800,164509,195208599,8752049.8483000
1767772800000,2026-01-07 08:00:00,0.0454000,0.0478800,0.0431500,0.0443500,457397532,1767787199999,2026-01-07 11:59:59,21069765.1334800,210301,227761800,10501022.6796600
1767787200000,2026-01-07 12:00:00,0.0443800,0.0454700,0.0412200,0.0417800,201080992,1767801599999,2026-01-07 15:59:59,8685931.1123600,104770,93634834,4046077.8647800
1767801600000,2026-01-07 16:00:00,0.0418000,0.0419600,0.0380200,0.0397800,112094978,1767815999999,2026-01-07 19:59:59,4458070.8645800,58481,51646832,2052815.0125200
1767816000000,2026-01-07 20:00:00,0.0397700,0.0398800,0.0387700,0.0392600,26479192,1767830399999,2026-01-07 23:59:59,1040887.8053000,22274,13429101,527995.7996000
1767830400000,2026-01-08 00:00:00,0.0392700,0.0412500,0.0381100,0.0395700,67774934,1767844799999,2026-01-08 03:59:59,2702960.4654500,43596,33585536,1342512.9805900
1767844800000,2026-01-08 04:00:00,0.0395800,0.0419000,0.0391200,0.0414200,48649387,1767859199999,2026-01-08 07:59:59,1981074.9801600,35062,23721195,967605.5825100
1767859200000,2026-01-08 08:00:00,0.0414100,0.0425400,0.0405000,0.0414700,48656824,1767873599999,2026-01-08 11:59:59,2023053.4306800,35946,21634635,900213.6120900
1767873600000,2026-01-08 12:00:00,0.0414800,0.0424300,0.0405900,0.0411300,38584613,1767887999999,2026-01-08 15:59:59,1592474.8646400,28870,17948414,741199.6227100
1767888000000,2026-01-08 16:00:00,0.0411200,0.0417200,0.0403600,0.0414100,24932730,1767902399999,2026-01-08 19:59:59,1025807.5195300,20065,12486730,513968.4319200
1767902400000,2026-01-08 20:00:00,0.0414000,0.0426000,0.0401500,0.0404700,28385236,1767916799999,2026-01-08 23:59:59,1175441.3173800,23180,13099558,542930.6861300
1767916800000,2026-01-09 00:00:00,0.0404700,0.0413200,0.0380200,0.0397900,48224835,1767931199999,2026-01-09 03:59:59,1898384.2561200,37912,22668091,893417.3514400
1767931200000,2026-01-09 04:00:00,0.0397900,0.0414100,0.0397900,0.0411500,25940821,1767945599999,2026-01-09 07:59:59,1058771.2714400,26884,11883306,484725.1119000
1767945600000,2026-01-09 08:00:00,0.0411400,0.0412200,0.0400400,0.0404000,18723880,1767959999999,2026-01-09 11:59:59,759981.0959800,17136,8175034,331847.9055900
1767960000000,2026-01-09 12:00:00,0.0404000,0.0409300,0.0392400,0.0393700,20113654,1767974399999,2026-01-09 15:59:59,805498.3697500,19734,9680534,387680.2219100
1767974400000,2026-01-09 16:00:00,0.0393900,0.0398700,0.0377700,0.0385200,23528935,1767988799999,2026-01-09 19:59:59,913708.1202900,22247,10190847,395809.9434200
1767988800000,2026-01-09 20:00:00,0.0385200,0.0398300,0.0385100,0.0393000,9819389,1768003199999,2026-01-09 23:59:59,384470.8610600,11517,4805771,188087.8058000
1768003200000,2026-01-10 00:00:00,0.0392900,0.0393400,0.0385900,0.0387100,11142681,1768017599999,2026-01-10 03:59:59,434338.3033300,8761,5666069,220839.5360700
1768017600000,2026-01-10 04:00:00,0.0387100,0.0399600,0.0383000,0.0391600,12916018,1768031999999,2026-01-10 07:59:59,503506.2902000,10064,6473611,252384.1439900
1768032000000,2026-01-10 08:00:00,0.0391500,0.0407500,0.0388000,0.0405900,19985649,1768046399999,2026-01-10 11:59:59,797650.1717100,14714,10803866,430829.0691400
1768046400000,2026-01-10 12:00:00,0.0405900,0.0411900,0.0400600,0.0404800,13482490,1768060799999,2026-01-10 15:59:59,546224.5482800,10647,5973856,242252.1038800
1768060800000,2026-01-10 16:00:00,0.0404800,0.0416000,0.0400200,0.0411700,12640297,1768075199999,2026-01-10 19:59:59,515753.2132100,11435,6984348,285184.8839500
1768075200000,2026-01-10 20:00:00,0.0411800,0.0417300,0.0396600,0.0405800,15797565,1768089599999,2026-01-10 23:59:59,643658.3765400,12818,7498931,305946.7902500
1768089600000,2026-01-11 00:00:00,0.0405900,0.0407200,0.0400800,0.0402300,8688881,1768103999999,2026-01-11 03:59:59,350567.8492300,8022,4703275,189791.5034200
1768104000000,2026-01-11 04:00:00,0.0402300,0.0403900,0.0394200,0.0401200,8033231,1768118399999,2026-01-11 07:59:59,320102.8456300,7461,3915979,156137.4246800
1768118400000,2026-01-11 08:00:00,0.0401300,0.0438000,0.0398000,0.0415000,39293147,1768132799999,2026-01-11 11:59:59,1648331.0819500,26005,19091139,799575.9077800
1768132800000,2026-01-11 12:00:00,0.0415000,0.0431000,0.0413300,0.0418400,20752521,1768147199999,2026-01-11 15:59:59,874938.9220700,17956,8931132,376493.3424700
1768147200000,2026-01-11 16:00:00,0.0418200,0.0431900,0.0417000,0.0423100,19273356,1768161599999,2026-01-11 19:59:59,820920.1507800,16032,9115848,388305.4025400
1768161600000,2026-01-11 20:00:00,0.0423100,0.0423700,0.0408800,0.0416000,16828073,1768175999999,2026-01-11 23:59:59,700462.4874300,15658,8178715,340546.7988600
1768176000000,2026-01-12 00:00:00,0.0416100,0.0435900,0.0414800,0.0423400,17558347,1768190399999,2026-01-12 03:59:59,749693.3957300,17600,7878756,336713.7969100
1768190400000,2026-01-12 04:00:00,0.0423300,0.0428700,0.0416600,0.0422800,14555040,1768204799999,2026-01-12 07:59:59,615890.5184700,12240,6951355,294224.5852700
1768204800000,2026-01-12 08:00:00,0.0423000,0.0433500,0.0414000,0.0433100,27124157,1768219199999,2026-01-12 11:59:59,1150638.2385200,19746,14018071,594962.9121800
1768219200000,2026-01-12 12:00:00,0.0433100,0.0451500,0.0427700,0.0450600,22369486,1768233599999,2026-01-12 15:59:59,976226.8888800,20078,11205115,489353.8437000
1768233600000,2026-01-12 16:00:00,0.0450700,0.0453500,0.0432200,0.0443000,17706287,1768247999999,2026-01-12 19:59:59,780583.0483800,17370,8717821,384550.4377500
1768248000000,2026-01-12 20:00:00,0.0443100,0.0457200,0.0424600,0.0425200,23704268,1768262399999,2026-01-12 23:59:59,1041468.8136500,19057,10866034,477938.0360100
1768262400000,2026-01-13 00:00:00,0.0425200,0.0445800,0.0424000,0.0437400,17059299,1768276799999,2026-01-13 03:59:59,740212.4629800,15827,8463131,367445.9817400
1768276800000,2026-01-13 04:00:00,0.0437400,0.0448500,0.0431100,0.0441300,13591787,1768291199999,2026-01-13 07:59:59,597638.7728700,13375,6003292,264147.3600800
1768291200000,2026-01-13 08:00:00,0.0441400,0.0444000,0.0426700,0.0430200,11108260,1768305599999,2026-01-13 11:59:59,483850.5971800,12125,5308414,231302.3028700
1768305600000,2026-01-13 12:00:00,0.0430200,0.0432000,0.0407300,0.0420800,20980409,1768319999999,2026-01-13 15:59:59,884735.1133000,17197,9571671,403896.9067800
1768320000000,2026-01-13 16:00:00,0.0420800,0.0432200,0.0415300,0.0426500,12556136,1768334399999,2026-01-13 19:59:59,531061.5940900,13103,6409679,271315.3136300
1768334400000,2026-01-13 20:00:00,0.0426400,0.0446500,0.0420200,0.0445800,18338119,1768348799999,2026-01-13 23:59:59,796775.8891700,14324,8809115,382924.8727100
1768348800000,2026-01-14 00:00:00,0.0445600,0.0453000,0.0431200,0.0439600,20347562,1768363199999,2026-01-14 03:59:59,900862.3473300,17126,9695673,429399.5382800
1768363200000,2026-01-14 04:00:00,0.0439700,0.0449900,0.0437300,0.0438300,10419809,1768377599999,2026-01-14 07:59:59,461418.2022200,10901,4696129,207955.3457000
1768377600000,2026-01-14 08:00:00,0.0438400,0.0446500,0.0438000,0.0443300,7655646,1768391999999,2026-01-14 11:59:59,338386.5957100,8872,3323662,146975.7157800
1768392000000,2026-01-14 12:00:00,0.0442900,0.0554100,0.0438300,0.0502400,180848115,1768406399999,2026-01-14 15:59:59,9118897.0857400,122707,89952722,4528383.5800200
1768406400000,2026-01-14 16:00:00,0.0502900,0.0601700,0.0500700,0.0564400,197270106,1768420799999,2026-01-14 19:59:59,11050329.2156300,147244,93936606,5266315.3141900
1768420800000,2026-01-14 20:00:00,0.0564500,0.0590000,0.0523700,0.0580300,84585427,1768435199999,2026-01-14 23:59:59,4734308.6556900,74539,39699719,2224833.2314700
1768435200000,2026-01-15 00:00:00,0.0580400,0.0666500,0.0561300,0.0630500,325135132,1768449599999,2026-01-15 03:59:59,20383735.9235900,247669,162003096,10165743.9463100
1768449600000,2026-01-15 04:00:00,0.0630600,0.0707900,0.0617900,0.0690600,377817095,1768463999999,2026-01-15 07:59:59,25117573.8667300,286209,195065498,12984777.4222200
1768464000000,2026-01-15 08:00:00,0.0690700,0.0750000,0.0671300,0.0734100,421666083,1768478399999,2026-01-15 11:59:59,29842196.6931100,323340,218942814,15513585.0224100
1768478400000,2026-01-15 12:00:00,0.0734000,0.0844000,0.0646600,0.0815100,1280209840,1768492799999,2026-01-15 15:59:59,96900690.1645500,905850,653467029,49589965.3664300
1768492800000,2026-01-15 16:00:00,0.0814800,0.0945000,0.0798300,0.0842200,873346172,1768507199999,2026-01-15 19:59:59,77309341.2609500,716912,460113119,40737011.0435300
1768507200000,2026-01-15 20:00:00,0.0842300,0.0908700,0.0779300,0.0867600,531674671,1768521599999,2026-01-15 23:59:59,44821154.8510000,483809,278179131,23480263.5103100
1768521600000,2026-01-16 00:00:00,0.0867800,0.0913100,0.0840500,0.0865200,277507075,1768535999999,2026-01-16 03:59:59,24236477.6112000,351808,143372418,12531691.3673800
1768536000000,2026-01-16 04:00:00,0.0865200,0.1158000,0.0845600,0.0978700,610123185,1768550399999,2026-01-16 07:59:59,57982956.1140600,818474,321475347,30643538.4200600
1768550400000,2026-01-16 08:00:00,0.0978700,0.1050000,0.0958500,0.1000800,378174500,1768564799999,2026-01-16 11:59:59,38191151.6787000,557450,193069196,19505364.9937200
1768564800000,2026-01-16 12:00:00,0.1001000,0.1070000,0.0970500,0.1043100,354624857,1768579199999,2026-01-16 15:59:59,36449017.3155400,475744,181741321,18688945.2882300
1768579200000,2026-01-16 16:00:00,0.1043400,0.1127000,0.1026800,0.1036500,294321183,1768593599999,2026-01-16 19:59:59,31490348.7002200,394347,153284628,16408801.5527700
1768593600000,2026-01-16 20:00:00,0.1036500,0.1064200,0.0980000,0.1009300,203019354,1768607999999,2026-01-16 23:59:59,20678556.9108700,295014,100547076,10246077.2668600
1768608000000,2026-01-17 00:00:00,0.1009300,0.1064600,0.0977400,0.1003100,159430715,1768622399999,2026-01-17 03:59:59,16242675.6128200,267550,80427376,8199894.3696600
1768622400000,2026-01-17 04:00:00,0.1003200,0.1032000,0.0944300,0.0948600,139358543,1768636799999,2026-01-17 07:59:59,13923620.8395300,232297,69322527,6936537.3595400
1768636800000,2026-01-17 08:00:00,0.0948600,0.1223800,0.0922500,0.1216100,448264737,1768651199999,2026-01-17 11:59:59,49267761.2524300,725402,241031799,26543976.8112900
1768651200000,2026-01-17 12:00:00,0.1215700,0.1486900,0.1211600,0.1427700,641783030,1768665599999,2026-01-17 15:59:59,86847586.5100100,1259368,340282214,46064692.2559300
1768665600000,2026-01-17 16:00:00,0.1427700,0.1672800,0.1281300,0.1430500,757376685,1768679999999,2026-01-17 19:59:59,110592344.2510100,1522889,397373498,58143328.3577000
1768680000000,2026-01-17 20:00:00,0.1430200,0.1497200,0.1374800,0.1381300,209565165,1768694399999,2026-01-17 23:59:59,30262594.8760600,605544,107126254,15479327.7550100
1768694400000,2026-01-18 00:00:00,0.1381800,0.1429000,0.1248000,0.1406000,251959844,1768708799999,2026-01-18 03:59:59,34030907.3490200,673704,128880761,17421088.8228300
1768708800000,2026-01-18 04:00:00,0.1405700,0.1579700,0.1356300,0.1363000,386959692,1768723199999,2026-01-18 07:59:59,57469816.2865800,920807,193639342,28788411.9391100
1768723200000,2026-01-18 08:00:00,0.1363200,0.1435500,0.1215000,0.1334300,540187577,1768737599999,2026-01-18 11:59:59,71793019.3459000,1091304,271162566,36077005.0935400
1768737600000,2026-01-18 12:00:00,0.1333700,0.1501000,0.1314200,0.1458800,215327171,1768751999999,2026-01-18 15:59:59,30726651.6523700,546950,107010412,15273351.6883300
1768752000000,2026-01-18 16:00:00,0.1458000,0.1738000,0.1452600,0.1499600,404530077,1768766399999,2026-01-18 19:59:59,64127405.0304500,989224,207328892,32907751.7839100
1768766400000,2026-01-18 20:00:00,0.1500000,0.1623200,0.1476600,0.1543800,123813886,1768780799999,2026-01-18 23:59:59,19177969.6548900,392757,63218701,9796392.1817100
1768780800000,2026-01-19 00:00:00,0.1543700,0.1700000,0.1524000,0.1583600,219724166,1768795199999,2026-01-19 03:59:59,35529374.2568700,655655,112929368,18267708.7189900
1768795200000,2026-01-19 04:00:00,0.1583600,0.1914000,0.1570000,0.1867000,296943460,1768809599999,2026-01-19 07:59:59,52368839.0801100,879763,160758904,28345022.4989200
1768809600000,2026-01-19 08:00:00,0.1866800,0.1939200,0.1782100,0.1861100,266654002,1768823999999,2026-01-19 11:59:59,49432555.1051200,787147,136544921,25331787.1625900
1768824000000,2026-01-19 12:00:00,0.1861300,0.2248900,0.1816800,0.2069200,571644933,1768838399999,2026-01-19 15:59:59,116746570.6782400,1627100,300794634,61473043.4890300
1768838400000,2026-01-19 16:00:00,0.2068700,0.2154600,0.1958500,0.1971900,172024654,1768852799999,2026-01-19 19:59:59,35276668.4319800,627807,86647789,17773285.4510100
1768852800000,2026-01-19 20:00:00,0.1972200,0.2130000,0.1905600,0.1935100,178317868,1768867199999,2026-01-19 23:59:59,35886330.5104500,606842,89369284,18007820.5824700
1768867200000,2026-01-20 00:00:00,0.1935100,0.2095600,0.1886100,0.1937000,142169665,1768881599999,2026-01-20 03:59:59,28194020.6251800,550832,70576036,14014167.7508300
1768881600000,2026-01-20 04:00:00,0.1937000,0.2166000,0.1810500,0.1894600,244277787,1768895999999,2026-01-20 07:59:59,48400157.0601700,869049,122785414,24350595.4890300
1768896000000,2026-01-20 08:00:00,0.1894700,0.2125000,0.1860500,0.2075800,161941953,1768910399999,2026-01-20 11:59:59,32561386.1111800,648830,82234183,16543042.3109100
1768910400000,2026-01-20 12:00:00,0.2075800,0.2390000,0.1939900,0.2331100,310261892,1768924799999,2026-01-20 15:59:59,67491245.3988900,1223590,162375720,35395838.9516400
1768924800000,2026-01-20 16:00:00,0.2331300,0.2448900,0.2202400,0.2399200,181317869,1768939199999,2026-01-20 19:59:59,42117275.3274900,790588,95595098,22228601.9721800
1768939200000,2026-01-20 20:00:00,0.2398900,0.2417000,0.2187200,0.2296900,126694936,1768953599999,2026-01-20 23:59:59,29005806.4818500,584155,65432561,14981442.4644700
1768953600000,2026-01-21 00:00:00,0.2296900,0.2357200,0.2175000,0.2218600,96014201,1768967999999,2026-01-21 03:59:59,21753002.0275400,476746,48853489,11071099.7491500
1768968000000,2026-01-21 04:00:00,0.2218600,0.3797700,0.1801200,0.1976300,677427357,1768982399999,2026-01-21 07:59:59,162936762.4017100,2370784,360166722,87495929.9426500
1768982400000,2026-01-21 08:00:00,0.1976300,0.2339900,0.1460300,0.2025400,877577139,1768996799999,2026-01-21 11:59:59,163789382.5655300,2788491,450373607,84212814.4226100
1768996800000,2026-01-21 12:00:00,0.2025400,0.2203800,0.1350000,0.1365400,570802040,1769011199999,2026-01-21 15:59:59,95788358.9303400,1950389,281981770,47461263.0212900
1769011200000,2026-01-21 16:00:00,0.1365900,0.1762000,0.1310000,0.1719100,263764919,1769025599999,2026-01-21 19:59:59,38867637.6276100,867443,137647555,20349746.9337700
1769025600000,2026-01-21 20:00:00,0.1719400,0.1827600,0.1470000,0.1502900,176449784,1769039999999,2026-01-21 23:59:59,28820832.0171800,648229,85638872,14003072.9707600
1769040000000,2026-01-22 00:00:00,0.1502700,0.1645900,0.1421100,0.1605200,125863148,1769054399999,2026-01-22 03:59:59,19670438.2253000,513334,63587267,9949542.7241800
1769054400000,2026-01-22 04:00:00,0.1605200,0.1749200,0.1458900,0.1477000,146866036,1769068799999,2026-01-22 07:59:59,22839821.9986900,562829,73406371,11445179.6088600
1769068800000,2026-01-22 08:00:00,0.1477000,0.1684700,0.1331400,0.1567000,232799701,1769083199999,2026-01-22 11:59:59,35040143.5681500,782090,118444340,17856971.9362800
1769083200000,2026-01-22 12:00:00,0.1567000,0.1668300,0.1273000,0.1332000,169371187,1769097599999,2026-01-22 15:59:59,26017619.0344800,622072,80620210,12496372.9964900
1769097600000,2026-01-22 16:00:00,0.1330700,0.1485000,0.1150000,0.1287100,299165428,1769111999999,2026-01-22 19:59:59,37080296.1805600,810004,148720365,18478379.6930700
1769112000000,2026-01-22 20:00:00,0.1287000,0.1287900,0.1182200,0.1213700,67832041,1769126399999,2026-01-22 23:59:59,8310219.0226500,236446,32284923,3955493.2475700
1769126400000,2026-01-23 00:00:00,0.1213800,0.1249600,0.1154000,0.1155700,70644450,1769140799999,2026-01-23 03:59:59,8518638.0448100,211466,33697047,4067369.9747700
1769140800000,2026-01-23 04:00:00,0.1155600,0.1305000,0.1130200,0.1219100,126665730,1769155199999,2026-01-23 07:59:59,15555380.1608700,364493,62017680,7622903.7506200
1769155200000,2026-01-23 08:00:00,0.1218900,0.1347400,0.1205400,0.1335800,81739329,1769169599999,2026-01-23 11:59:59,10422310.7373300,296275,41355357,5280292.6918900
1769169600000,2026-01-23 12:00:00,0.1335700,0.1369800,0.1219000,0.1253500,74905785,1769183999999,2026-01-23 15:59:59,9566746.3420900,264201,36950683,4720627.5420900
1769184000000,2026-01-23 16:00:00,0.1253500,0.1470000,0.1226100,0.1444800,76877379,1769198399999,2026-01-23 19:59:59,10327380.0062200,274172,39016404,5260313.2069900
1769198400000,2026-01-23 20:00:00,0.1444900,0.1584100,0.1428400,0.1497800,116722168,1769212799999,2026-01-23 23:59:59,17583586.8357100,438344,58920197,8881089.8791000
1769212800000,2026-01-24 00:00:00,0.1497700,0.1656700,0.1420000,0.1498500,134483181,1769227199999,2026-01-24 03:59:59,20843487.2358600,494565,66969262,10398074.0123400
1769227200000,2026-01-24 04:00:00,0.1498400,0.1598000,0.1462200,0.1592000,67107507,1769241599999,2026-01-24 07:59:59,10302810.8873100,296024,33181266,5097507.5453200
1769241600000,2026-01-24 08:00:00,0.1592800,0.1593600,0.1434000,0.1461100,77024160,1769255999999,2026-01-24 11:59:59,11475436.8117000,272925,37051067,5520633.6392900
1769256000000,2026-01-24 12:00:00,0.1461300,0.1483000,0.1346700,0.1367000,63564947,1769270399999,2026-01-24 15:59:59,8946329.2275400,191522,28711723,4043647.9423200
1769270400000,2026-01-24 16:00:00,0.1367000,0.1396000,0.1315800,0.1330600,35038196,1769284799999,2026-01-24 19:59:59,4736897.4796600,130927,16859734,2281706.6848700
1769284800000,2026-01-24 20:00:00,0.1330500,0.1343700,0.1300000,0.1320800,22932905,1769299199999,2026-01-24 23:59:59,3024041.8908300,94872,11365964,1498878.6397500
1769299200000,2026-01-25 00:00:00,0.1320800,0.1349600,0.1241200,0.1294800,51681818,1769313599999,2026-01-25 03:59:59,6696902.2097800,200570,25652830,3327376.0427800
1769313600000,2026-01-25 04:00:00,0.1294800,0.1352600,0.1247600,0.1279000,37762419,1769327999999,2026-01-25 07:59:59,4911737.6256900,154610,19023864,2476825.9734600
1769328000000,2026-01-25 08:00:00,0.1279100,0.1348000,0.1200000,0.1245800,46298941,1769342399999,2026-01-25 11:59:59,5793765.3498800,183509,23250856,2913214.8738800
1769342400000,2026-01-25 12:00:00,0.1245600,0.1271100,0.1202800,0.1257000,24717826,1769356799999,2026-01-25 15:59:59,3076595.6694200,118482,12500634,1557442.2676600
1769356800000,2026-01-25 16:00:00,0.1256900,0.1264900,0.1182800,0.1192700,26790511,1769371199999,2026-01-25 19:59:59,3274392.7093200,110745,12984169,1588497.6823900
1769371200000,2026-01-25 20:00:00,0.1192600,0.1263700,0.1192100,0.1215700,20376018,1769385599999,2026-01-25 23:59:59,2497231.4267500,90060,10831284,1327488.9782400
1769385600000,2026-01-26 00:00:00,0.1215700,0.1259600,0.1201400,0.1206100,17467351,1769399999999,2026-01-26 03:59:59,2145567.2121500,90960,8849114,1087000.1942800
1769400000000,2026-01-26 04:00:00,0.1206100,0.1226600,0.1169200,0.1190400,18993104,1769414399999,2026-01-26 07:59:59,2271075.9256400,80572,8414636,1006909.9853500
1769414400000,2026-01-26 08:00:00,0.1190400,0.1229400,0.1188100,0.1205000,16612758,1769428799999,2026-01-26 11:59:59,2009413.5590000,72078,7972444,964221.1930000
1769428800000,2026-01-26 12:00:00,0.1204900,0.1389000,0.1183200,0.1323800,48183051,1769443199999,2026-01-26 15:59:59,6213461.9923500,160458,24987803,3216100.4582800
1769443200000,2026-01-26 16:00:00,0.1324500,0.1520000,0.1286800,0.1489100,125734570,1769457599999,2026-01-26 19:59:59,18055267.6492900,489999,63523505,9123551.7719300
1769457600000,2026-01-26 20:00:00,0.1488600,0.1506300,0.1409300,0.1432200,48062397,1769471999999,2026-01-26 23:59:59,7032788.8097900,190092,23175784,3394245.0804400
1769472000000,2026-01-27 00:00:00,0.1432000,0.1487500,0.1310500,0.1313900,49744801,1769486399999,2026-01-27 03:59:59,6988037.1286100,178711,22898798,3223845.6686700
1769486400000,2026-01-27 04:00:00,0.1313900,0.1375000,0.1301800,0.1312700,31572070,1769500799999,2026-01-27 07:59:59,4211521.8734300,134075,16775286,2238808.6233400
1769500800000,2026-01-27 08:00:00,0.1312500,0.1359400,0.1271600,0.1297200,28580130,1769515199999,2026-01-27 11:59:59,3723319.0895200,120298,14087368,1836323.2428700
1769515200000,2026-01-27 12:00:00,0.1297100,0.1318200,0.1282500,0.1297600,16522081,1769529599999,2026-01-27 15:59:59,2144107.4606200,81643,8485876,1101261.3886900
1769529600000,2026-01-27 16:00:00,0.1297700,0.1384800,0.1289900,0.1346300,28739442,1769543999999,2026-01-27 19:59:59,3841588.8988500,132565,14230189,1904075.4162500
1769544000000,2026-01-27 20:00:00,0.1346200,0.1416000,0.1340200,0.1378600,16415865,1769558399999,2026-01-27 23:59:59,2269915.6279800,85232,7850171,1085608.2737500
1769558400000,2026-01-28 00:00:00,0.1378500,0.1434700,0.1373400,0.1426200,18617834,1769572799999,2026-01-28 03:59:59,2620625.2040900,112617,9308706,1311011.8149100
1769572800000,2026-01-28 04:00:00,0.1426300,0.1480000,0.1411000,0.1471900,23042844,1769587199999,2026-01-28 07:59:59,3337726.7548100,114236,11721036,1698070.3241400
1769587200000,2026-01-28 08:00:00,0.1471900,0.1650000,0.1301600,0.1349400,150301978,1769601599999,2026-01-28 11:59:59,21780764.6193400,547053,74372488,10789235.3384900
1769601600000,2026-01-28 12:00:00,0.1349300,0.1412000,0.1332400,0.1339500,24458230,1769615999999,2026-01-28 15:59:59,3335169.0526800,124099,12032455,1642761.4830700
1769616000000,2026-01-28 16:00:00,0.1339600,0.1345000,0.1285000,0.1317600,21084607,1769630399999,2026-01-28 19:59:59,2776807.1734300,90406,9935181,1309044.7538100
1769630400000,2026-01-28 20:00:00,0.1317700,0.1343300,0.1255100,0.1259000,14241736,1769644799999,2026-01-28 23:59:59,1851261.1085700,61934,6794899,886359.1190300
1769644800000,2026-01-29 00:00:00,0.1259000,0.1296300,0.1242800,0.1257100,18725622,1769659199999,2026-01-29 03:59:59,2373994.4649500,83917,8773413,1112835.3442800
1769659200000,2026-01-29 04:00:00,0.1257100,0.1299700,0.1223100,0.1263400,21643780,1769673599999,2026-01-29 07:59:59,2720963.2652100,84166,10816610,1360684.5574900
1769673600000,2026-01-29 08:00:00,0.1263700,0.1321300,0.1260300,0.1286100,19046310,1769687999999,2026-01-29 11:59:59,2471326.9251100,90131,8578316,1114207.7381400
1769688000000,2026-01-29 12:00:00,0.1286100,0.1324300,0.1204800,0.1277800,28571399,1769702399999,2026-01-29 15:59:59,3607796.7566600,110946,14343165,1813963.7548700
1769702400000,2026-01-29 16:00:00,0.1277200,0.1294700,0.1243100,0.1260500,14994314,1769716799999,2026-01-29 19:59:59,1895856.7902500,76368,7122721,900984.5658400
1769716800000,2026-01-29 20:00:00,0.1260500,0.1300000,0.1195600,0.1198200,10791675,1769731199999,2026-01-29 23:59:59,1335848.7754700,45241,5017249,623501.2440400
1769731200000,2026-01-30 00:00:00,0.1198200,0.1273200,0.1195500,0.1247200,20503974,1769745599999,2026-01-30 03:59:59,2503987.8823000,80514,10028339,1227426.5799200
1769745600000,2026-01-30 04:00:00,0.1247300,0.1271100,0.1224000,0.1257300,12467661,1769759999999,2026-01-30 07:59:59,1553043.2728800,60859,6195696,771940.3453200
1769760000000,2026-01-30 08:00:00,0.1257400,0.1291300,0.1243900,0.1280800,10171202,1769774399999,2026-01-30 11:59:59,1285884.6585300,47051,5158607,652524.7455700
1769774400000,2026-01-30 12:00:00,0.1280700,0.1312500,0.1272300,0.1288600,16313037,1769788799999,2026-01-30 15:59:59,2110452.0847100,69702,7757235,1003985.7807000
1769788800000,2026-01-30 16:00:00,0.1288600,0.1353600,0.1285300,0.1326000,11707748,1769803199999,2026-01-30 19:59:59,1538631.1611700,56279,5725423,752929.9445400
1769803200000,2026-01-30 20:00:00,0.1326100,0.1336100,0.1266600,0.1284400,8900599,1769817599999,2026-01-30 23:59:59,1162633.3390200,39363,3729370,487630.0905500
1769817600000,2026-01-31 00:00:00,0.1284600,0.1312800,0.1268200,0.1300400,9383418,1769831999999,2026-01-31 03:59:59,1207408.1063100,41088,4452944,573307.8370100
1769832000000,2026-01-31 04:00:00,0.1300400,0.1358700,0.1290500,0.1345300,12298910,1769846399999,2026-01-31 07:59:59,1631838.4234600,62543,6246862,829416.0065600
1769846400000,2026-01-31 08:00:00,0.1345500,0.1394900,0.1297100,0.1306300,23817729,1769860799999,2026-01-31 11:59:59,3205549.4961700,118480,11344322,1528678.2463500
1769860800000,2026-01-31 12:00:00,0.1306400,0.1320300,0.1274300,0.1293700,18048031,1769875199999,2026-01-31 15:59:59,2337007.1397300,77579,8089705,1048669.8889000
1769875200000,2026-01-31 16:00:00,0.1293500,0.1666600,0.1280000,0.1561500,113291451,1769889599999,2026-01-31 19:59:59,16557135.4452700,309312,56345083,8252420.8600200
1769889600000,2026-01-31 20:00:00,0.1561500,0.1609200,0.1468600,0.1602700,44621681,1769903999999,2026-01-31 23:59:59,6860748.8739500,190499,21661906,3332459.0877700
1769904000000,2026-02-01 00:00:00,0.1602700,0.1618300,0.1407800,0.1531700,60024095,1769918399999,2026-02-01 03:59:59,8943206.5709400,292126,29415774,4380717.6602600
1769918400000,2026-02-01 04:00:00,0.1531700,0.1561900,0.1431700,0.1478400,31044398,1769932799999,2026-02-01 07:59:59,4628989.6985000,169964,14582444,2176804.4100300
1769932800000,2026-02-01 08:00:00,0.1478400,0.1580000,0.1451200,0.1504000,40344275,1769947199999,2026-02-01 11:59:59,6170390.4241800,221907,20586967,3152326.9940900
1769947200000,2026-02-01 12:00:00,0.1504000,0.1566600,0.1440300,0.1548400,39638810,1769961599999,2026-02-01 15:59:59,5955739.9672000,208360,19994740,3005825.2950000
1769961600000,2026-02-01 16:00:00,0.1548400,0.1583700,0.1367600,0.1428300,41329950,1769975999999,2026-02-01 19:59:59,6110892.0478900,202330,18802476,2788157.7097700
1769976000000,2026-02-01 20:00:00,0.1428300,0.1449700,0.1368200,0.1392700,19716533,1769990399999,2026-02-01 23:59:59,2771006.5443100,101840,9231341,1298086.9108300
1769990400000,2026-02-02 00:00:00,0.1392700,0.1465500,0.1342400,0.1452900,19929808,1770004799999,2026-02-02 03:59:59,2785869.4829100,113272,9687123,1357557.6588600
1770004800000,2026-02-02 04:00:00,0.1451800,0.1646600,0.1440000,0.1623900,46163428,1770019199999,2026-02-02 07:59:59,7276285.5505100,195401,24062337,3791482.7874900
1770019200000,2026-02-02 08:00:00,0.1624000,0.1697900,0.1513100,0.1528600,45325056,1770033599999,2026-02-02 11:59:59,7202789.1334100,193981,22381681,3565756.9584400
1770033600000,2026-02-02 12:00:00,0.1528600,0.1602800,0.1507300,0.1600100,21216777,1770047999999,2026-02-02 15:59:59,3278594.7908200,127066,11817150,1828315.7453900
1770048000000,2026-02-02 16:00:00,0.1600700,0.1766900,0.1222400,0.1317300,177432457,1770062399999,2026-02-02 19:59:59,25670187.6142000,524430,90451020,13123722.7478300
1770062400000,2026-02-02 20:00:00,0.1317300,0.1412800,0.1250100,0.1255000,47429948,1770076799999,2026-02-02 23:59:59,6300441.5631400,176209,24015385,3193395.9576500
1770076800000,2026-02-03 00:00:00,0.1254800,0.1387000,0.1106500,0.1325000,86471520,1770091199999,2026-02-03 03:59:59,10605810.0794200,265143,41260857,5078218.5622400
1770091200000,2026-02-03 04:00:00,0.1325000,0.1421400,0.1279700,0.1357500,78282331,1770105599999,2026-02-03 07:59:59,10608278.0095700,337546,38474787,5216083.1176000
1770105600000,2026-02-03 08:00:00,0.1357200,0.1418000,0.1350000,0.1405500,26191651,1770119999999,2026-02-03 11:59:59,3624774.9678400,148572,12793897,1771407.0423700
1770120000000,2026-02-03 12:00:00,0.1405700,0.1555000,0.1345500,0.1412000,88013229,1770134399999,2026-02-03 15:59:59,12749943.3866100,376599,48130363,6980348.4599400
1770134400000,2026-02-03 16:00:00,0.1412400,0.1468700,0.1172400,0.1254700,96642508,1770148799999,2026-02-03 19:59:59,12250628.7606300,336500,49979825,6344214.1575500
1770148800000,2026-02-03 20:00:00,0.1253700,0.1292000,0.1215300,0.1235100,22802260,1770163199999,2026-02-03 23:59:59,2856269.9888100,112882,11591994,1452269.3159900
1770163200000,2026-02-04 00:00:00,0.1235200,0.1243200,0.1175900,0.1188800,18640112,1770177599999,2026-02-04 03:59:59,2245520.1124500,79128,9015254,1087039.3572500
1770177600000,2026-02-04 04:00:00,0.1188800,0.1332900,0.1144900,0.1328400,38933883,1770191999999,2026-02-04 07:59:59,4709205.2311000,149500,18392466,2229913.8714800
1770192000000,2026-02-04 08:00:00,0.1328800,0.1386000,0.0962900,0.1091400,201232157,1770206399999,2026-02-04 11:59:59,22646441.4619000,568529,99616664,11222839.2316700
1770206400000,2026-02-04 12:00:00,0.1091700,0.1107400,0.0963200,0.0995500,78841546,1770220799999,2026-02-04 15:59:59,7966520.5815500,241372,38404093,3883270.3682800
1770220800000,2026-02-04 16:00:00,0.0995500,0.0996000,0.0901300,0.0964000,53678222,1770235199999,2026-02-04 19:59:59,5116665.7075000,169714,25975286,2478833.6342200
1770235200000,2026-02-04 20:00:00,0.0964000,0.1070100,0.0956500,0.1032300,35656140,1770249599999,2026-02-04 23:59:59,3621196.8960100,96020,17288684,1757135.7142000
1770249600000,2026-02-05 00:00:00,0.1032200,0.1047900,0.0964200,0.1005700,36168454,1770263999999,2026-02-05 03:59:59,3641895.7299800,129954,17965092,1809018.2849100
1770264000000,2026-02-05 04:00:00,0.1005600,0.1031800,0.0959100,0.0970500,25670556,1770278399999,2026-02-05 07:59:59,2571184.2070300,105120,12508069,1254030.4821100
1770278400000,2026-02-05 08:00:00,0.0970200,0.1036500,0.0931400,0.0998500,45023064,1770292799999,2026-02-05 11:59:59,4470232.1033300,148775,21272908,2111731.6295600
1770292800000,2026-02-05 12:00:00,0.0998500,0.1050000,0.0975400,0.1048000,44905829,1770307199999,2026-02-05 15:59:59,4560723.8484500,173725,22947877,2332264.0094500
1770307200000,2026-02-05 16:00:00,0.1048000,0.1106500,0.1033600,0.1066500,56167119,1770321599999,2026-02-05 19:59:59,6019566.7824100,236025,28384280,3042737.7535100
1770321600000,2026-02-05 20:00:00,0.1066800,0.1070600,0.1001800,0.1033300,37927642,1770335999999,2026-02-05 23:59:59,3930903.6065500,171548,19475464,2019488.0079800
1770336000000,2026-02-06 00:00:00,0.1033200,0.1129500,0.0991200,0.1122000,54971394,1770350399999,2026-02-06 03:59:59,5878812.3512200,222200,27293362,2920084.2230100
1770350400000,2026-02-06 04:00:00,0.1122000,0.1325000,0.1094800,0.1260000,130208980,1770364799999,2026-02-06 07:59:59,16103777.0962700,394357,64813622,8019917.4993800
1770364800000,2026-02-06 08:00:00,0.1260000,0.1296600,0.1016800,0.1041900,179679753,1770379199999,2026-02-06 11:59:59,20784364.0135100,494634,88289515,10208416.6639200
1770379200000,2026-02-06 12:00:00,0.1041100,0.1135400,0.0993000,0.1100200,72527991,1770393599999,2026-02-06 15:59:59,7729903.0005100,231991,36272334,3866833.3076600
1770393600000,2026-02-06 16:00:00,0.1100500,0.1115800,0.1059600,0.1075400,28188060,1770407999999,2026-02-06 19:59:59,3067783.7301700,92072,12974079,1412077.0166300
1770408000000,2026-02-06 20:00:00,0.1075800,0.1076500,0.0991200,0.1010500,32018580,1770422399999,2026-02-06 23:59:59,3296308.8077300,92828,16489229,1697666.4620900
1770422400000,2026-02-07 00:00:00,0.1011500,0.1032500,0.0972500,0.0979100,27468220,1770436799999,2026-02-07 03:59:59,2745048.2799600,97456,12859450,1285014.1640700
1770436800000,2026-02-07 04:00:00,0.0979000,0.1004100,0.0953600,0.0990600,30018965,1770451199999,2026-02-07 07:59:59,2933408.8942700,113438,14961425,1462878.2313700
1770451200000,2026-02-07 08:00:00,0.0990700,0.0992600,0.0925300,0.0937200,30545873,1770465599999,2026-02-07 11:59:59,2910406.4289100,104324,16486729,1570670.8559700
1770465600000,2026-02-07 12:00:00,0.0937300,0.0969800,0.0882300,0.0908100,28621951,1770479999999,2026-02-07 15:59:59,2675941.2302100,97011,14182561,1328390.2155400
1770480000000,2026-02-07 16:00:00,0.0908000,0.0968700,0.0904300,0.0945400,28262628,1770494399999,2026-02-07 19:59:59,2636879.2613100,105422,14682555,1370611.5389700
1770494400000,2026-02-07 20:00:00,0.0945100,0.0952600,0.0925000,0.0931900,14273369,1770508799999,2026-02-07 23:59:59,1336533.3682300,61835,6903518,646537.4679800
1770508800000,2026-02-08 00:00:00,0.0931600,0.0948400,0.0895000,0.0900400,18324643,1770523199999,2026-02-08 03:59:59,1677749.0949300,75188,9340427,855377.9145100
1770523200000,2026-02-08 04:00:00,0.0900700,0.0921900,0.0872400,0.0874700,16805019,1770537599999,2026-02-08 07:59:59,1504568.8068100,61796,7579767,679867.1278400
1770537600000,2026-02-08 08:00:00,0.0874600,0.0903300,0.0853500,0.0862600,26059738,1770551999999,2026-02-08 11:59:59,2284383.6125800,88271,12340817,1081863.8432600
1770552000000,2026-02-08 12:00:00,0.0862800,0.1088800,0.0844800,0.0868100,131867439,1770566399999,2026-02-08 15:59:59,12627036.8913900,341895,68409236,6555073.1171500
1770566400000,2026-02-08 16:00:00,0.0868100,0.0919400,0.0845000,0.0893400,44681498,1770580799999,2026-02-08 19:59:59,3952571.0245200,158942,23451300,2074338.3219300
1770580800000,2026-02-08 20:00:00,0.0893300,0.0896700,0.0802000,0.0842700,32310522,1770595199999,2026-02-08 23:59:59,2741542.0381500,112052,15061721,1279540.0534900
1770595200000,2026-02-09 00:00:00,0.0842500,0.0883000,0.0830400,0.0880800,16028079,1770609599999,2026-02-09 03:59:59,1377213.1083300,73259,7974337,685252.6869600
1770609600000,2026-02-09 04:00:00,0.0881000,0.0888500,0.0831400,0.0863800,14757627,1770623999999,2026-02-09 07:59:59,1274827.6085000,55933,6813732,588699.1718300
1770624000000,2026-02-09 08:00:00,0.0863800,0.0870000,0.0840000,0.0841900,13437889,1770638399999,2026-02-09 11:59:59,1145754.6797700,57574,6784602,578673.4643400
1770638400000,2026-02-09 12:00:00,0.0842100,0.0916000,0.0786000,0.0901500,100353423,1770652799999,2026-02-09 15:59:59,8371546.1927400,229528,46435959,3873923.6690800
1770652800000,2026-02-09 16:00:00,0.0901100,0.1057100,0.0899400,0.1019600,168722188,1770667199999,2026-02-09 19:59:59,16760547.9258300,464498,80537492,8014049.4814200
1770667200000,2026-02-09 20:00:00,0.1019800,0.1020300,0.0974700,0.1002000,48040866,1770681599999,2026-02-09 23:59:59,4798138.5694200,130165,23410583,2340032.0529800
1770681600000,2026-02-10 00:00:00,0.1002100,0.1036700,0.0961700,0.1001500,36656278,1770695999999,2026-02-10 03:59:59,3673978.3850800,120189,17461145,1751968.2518500
1770696000000,2026-02-10 04:00:00,0.1001200,0.1048600,0.0985000,0.1010100,42558251,1770710399999,2026-02-10 07:59:59,4311868.9141700,139210,20614075,2089837.9784300
1770710400000,2026-02-10 08:00:00,0.1010200,0.1088700,0.0987400,0.1071500,69761325,1770724799999,2026-02-10 11:59:59,7353088.2956900,207048,33674075,3554105.9544100
1770724800000,2026-02-10 12:00:00,0.1071100,0.1265600,0.1070300,0.1227400,174512703,1770739199999,2026-02-10 15:59:59,20499297.7419400,495460,86640556,10180360.2350300
1770739200000,2026-02-10 16:00:00,0.1228200,0.1349900,0.1185300,0.1276400,132923589,1770753599999,2026-02-10 19:59:59,16996904.5786300,448596,65888318,8429315.7912900
1770753600000,2026-02-10 20:00:00,0.1276800,0.1348500,0.1258800,0.1271300,83388531,1770767999999,2026-02-10 23:59:59,10862303.9869500,249594,41282218,5378445.0179100
1770768000000,2026-02-11 00:00:00,0.1271400,0.1380000,0.1270800,0.1331500,78641855,1770782399999,2026-02-11 03:59:59,10476287.8471000,301563,40521523,5401335.6546700
1770782400000,2026-02-11 04:00:00,0.1331600,0.1415500,0.1259000,0.1413100,85165560,1770796799999,2026-02-11 07:59:59,11413453.3015500,285092,43596469,5850333.3342300
1770796800000,2026-02-11 08:00:00,0.1413300,0.1568800,0.1181000,0.1388500,323809227,1770811199999,2026-02-11 11:59:59,45057598.1831000,886899,164437698,22893216.6262300
1770811200000,2026-02-11 12:00:00,0.1388300,0.1635200,0.1139400,0.1376600,441463918,1770825599999,2026-02-11 15:59:59,60373704.6643500,1113076,224959687,30786727.1283300
1770825600000,2026-02-11 16:00:00,0.1376700,0.1445900,0.0890800,0.0905700,445140539,1770839999999,2026-02-11 19:59:59,48639677.5447300,955034,227506248,24821956.6204000
1770840000000,2026-02-11 20:00:00,0.0905400,0.0916600,0.0705000,0.0780500,278727175,1770854399999,2026-02-11 23:59:59,22140566.5151900,494831,135589543,10785771.5970600
1770854400000,2026-02-12 00:00:00,0.0780500,0.0818200,0.0753500,0.0795700,98455502,1770868799999,2026-02-12 03:59:59,7692683.1753900,234349,47957527,3747877.4638100
1770868800000,2026-02-12 04:00:00,0.0795600,0.0812100,0.0672800,0.0699500,149328540,1770883199999,2026-02-12 07:59:59,11016480.7348700,265071,70603395,5211351.8432800
1770883200000,2026-02-12 08:00:00,0.0699600,0.0705500,0.0540200,0.0556300,356375639,1770897599999,2026-02-12 11:59:59,21321495.6123800,495577,175463071,10508966.9307000
1770897600000,2026-02-12 12:00:00,0.0556500,0.0587800,0.0436100,0.0449900,560729082,1770911999999,2026-02-12 15:59:59,27937909.2923000,565921,263812260,13146185.2663200
1770912000000,2026-02-12 16:00:00,0.0450000,0.0535000,0.0449300,0.0518600,367714671,1770926399999,2026-02-12 19:59:59,18327385.6047500,353766,178547746,8912138.5421000
1770926400000,2026-02-12 20:00:00,0.0518700,0.0549700,0.0496300,0.0530700,151366682,1770940799999,2026-02-12 23:59:59,7924189.3549000,163711,72783348,3813765.5933600
1770940800000,2026-02-13 00:00:00,0.0530600,0.0530600,0.0471200,0.0472500,131503080,1770955199999,2026-02-13 03:59:59,6561628.8544600,158468,60502709,3019658.8443300
1770955200000,2026-02-13 04:00:00,0.0472600,0.0493900,0.0425900,0.0447000,335612985,1770969599999,2026-02-13 07:59:59,15440611.0392100,313795,155361378,7157348.0488900
1770969600000,2026-02-13 08:00:00,0.0447000,0.0461000,0.0440400,0.0447600,92157368,1770983999999,2026-02-13 11:59:59,4141146.5630500,102415,45805758,2058667.0354300
1770984000000,2026-02-13 12:00:00,0.0447500,0.0454900,0.0434000,0.0442800,101099900,1770998399999,2026-02-13 15:59:59,4509085.7169700,109297,45795631,2042877.9194800
1770998400000,2026-02-13 16:00:00,0.0442800,0.0461100,0.0434000,0.0450500,94875124,1771012799999,2026-02-13 19:59:59,4258111.6363600,111473,48319649,2170066.7111800
1771012800000,2026-02-13 20:00:00,0.0450500,0.0454600,0.0440200,0.0443500,36225887,1771027199999,2026-02-13 23:59:59,1625646.8187600,42595,17463156,784438.8067200
1771027200000,2026-02-14 00:00:00,0.0443500,0.0443500,0.0394000,0.0402000,141880643,1771041599999,2026-02-14 03:59:59,5795719.6716000,127855,64982269,2651605.3775500
1771041600000,2026-02-14 04:00:00,0.0402000,0.0429300,0.0388300,0.0423000,94307491,1771055999999,2026-02-14 07:59:59,3846901.0215100,98258,46399476,1894988.8552300
1771056000000,2026-02-14 08:00:00,0.0423000,0.0435800,0.0406200,0.0412400,62180247,1771070399999,2026-02-14 11:59:59,2606833.0252900,70629,29616113,1243152.9892100
1771070400000,2026-02-14 12:00:00,0.0412400,0.0413300,0.0390000,0.0398400,58818476,1771084799999,2026-02-14 15:59:59,2354361.6330800,58370,28729168,1151048.0199300
1771084800000,2026-02-14 16:00:00,0.0398600,0.0422000,0.0398000,0.0413900,58147982,1771099199999,2026-02-14 19:59:59,2395784.1268600,63330,28541980,1176406.9313600
1771099200000,2026-02-14 20:00:00,0.0414000,0.0422800,0.0399700,0.0400300,36616690,1771113599999,2026-02-14 23:59:59,1506721.1250200,40772,17362632,715364.6370200
1771113600000,2026-02-15 00:00:00,0.0400400,0.0435400,0.0391600,0.0406700,90443868,1771127999999,2026-02-15 03:59:59,3721391.6455900,79887,40493143,1664001.4304800
1771128000000,2026-02-15 04:00:00,0.0406600,0.0427400,0.0391900,0.0411900,62854513,1771142399999,2026-02-15 07:59:59,2562310.9013100,61790,29346795,1197991.8633400
1771142400000,2026-02-15 08:00:00,0.0412000,0.0420800,0.0397500,0.0417500,44230066,1771156799999,2026-02-15 11:59:59,1802859.1506700,48895,21912309,893505.9457200
1771156800000,2026-02-15 12:00:00,0.0417600,0.0450500,0.0371200,0.0440100,150107159,1771171199999,2026-02-15 15:59:59,6196136.1797600,138537,70692885,2928936.1949500
1771171200000,2026-02-15 16:00:00,0.0440400,0.0498300,0.0400000,0.0422200,301399196,1771185599999,2026-02-15 19:59:59,13625372.9065700,276619,145776638,6588943.9679700
1771185600000,2026-02-15 20:00:00,0.0422100,0.0459800,0.0419200,0.0448700,64104070,1771199999999,2026-02-15 23:59:59,2825498.5554500,84069,31383725,1382641.3646500
1771200000000,2026-02-16 00:00:00,0.0448800,0.0516600,0.0443400,0.0508000,187233805,1771214399999,2026-02-16 03:59:59,8962677.6091300,183337,90687087,4346319.9307100
1771214400000,2026-02-16 04:00:00,0.0507900,0.0547700,0.0437900,0.0483600,674169581,1771228799999,2026-02-16 07:59:59,34042414.1676700,524361,318821216,16128800.4444700
1771228800000,2026-02-16 08:00:00,0.0483800,0.0485900,0.0402500,0.0404400,231908000,1771243199999,2026-02-16 11:59:59,10076388.6659600,204522,111890527,4861145.8380300
1771243200000,2026-02-16 12:00:00,0.0404400,0.0416500,0.0374400,0.0392900,207902215,1771257599999,2026-02-16 15:59:59,8129129.2860800,150666,103677763,4058003.3665300
1771257600000,2026-02-16 16:00:00,0.0393000,0.0415100,0.0382400,0.0413300,141347683,1771271999999,2026-02-16 19:59:59,5610161.4793300,114847,64708697,2571620.1156000
1771272000000,2026-02-16 20:00:00,0.0413300,0.0440000,0.0411300,0.0416700,96923539,1771286399999,2026-02-16 23:59:59,4103100.9984800,88797,42010375,1779879.3198600
1771286400000,2026-02-17 00:00:00,0.0416700,0.0421200,0.0402700,0.0413600,54110844,1771300799999,2026-02-17 03:59:59,2228096.3939300,58893,23989773,988129.4274500
1771300800000,2026-02-17 04:00:00,0.0413700,0.0450900,0.0405100,0.0415900,143711039,1771315199999,2026-02-17 07:59:59,6115625.1038200,135418,72680533,3095791.8654100
1771315200000,2026-02-17 08:00:00,0.0415900,0.0427600,0.0400100,0.0421800,101278240,1771329599999,2026-02-17 11:59:59,4204586.2239700,91621,48453795,2011773.8612000
1771329600000,2026-02-17 12:00:00,0.0421800,0.0442100,0.0406700,0.0421500,92359884,1771343999999,2026-02-17 15:59:59,3945513.3594900,89892,44437156,1900778.9711300
1771344000000,2026-02-17 16:00:00,0.0421400,0.0429200,0.0412100,0.0424300,74492289,1771358399999,2026-02-17 19:59:59,3132023.0713400,66528,36943678,1553606.0500800
1771358400000,2026-02-17 20:00:00,0.0423900,0.0435600,0.0413100,0.0434700,37320719,1771372799999,2026-02-17 23:59:59,1585101.1672000,42264,17114390,727043.7212600
1771372800000,2026-02-18 00:00:00,0.0434700,0.0442200,0.0413600,0.0428200,36558497,1771387199999,2026-02-18 03:59:59,1555682.5479200,40845,17582516,747954.5280900
1771387200000,2026-02-18 04:00:00,0.0428100,0.0429500,0.0413100,0.0418100,37788251,1771401599999,2026-02-18 07:59:59,1584490.1676300,40234,18518476,776262.4536000
1771401600000,2026-02-18 08:00:00,0.0418000,0.0422600,0.0410000,0.0415700,33148147,1771415999999,2026-02-18 11:59:59,1384839.7068900,31812,15454275,645701.2395400
1771416000000,2026-02-18 12:00:00,0.0415600,0.0424700,0.0399200,0.0410400,32512476,1771430399999,2026-02-18 15:59:59,1343560.2482500,37728,13840064,572392.9744000
1771430400000,2026-02-18 16:00:00,0.0410300,0.0423500,0.0386800,0.0405400,60780779,1771444799999,2026-02-18 19:59:59,2462820.8060300,63087,28048859,1137941.0925600
1771444800000,2026-02-18 20:00:00,0.0405400,0.0422400,0.0395900,0.0406800,27098740,1771459199999,2026-02-18 23:59:59,1102721.2041600,33097,13311137,541972.6252000
1771459200000,2026-02-19 00:00:00,0.0406700,0.0412300,0.0398400,0.0403300,15309935,1771473599999,2026-02-19 03:59:59,622105.5005000,20874,6815629,276940.9472200
1771473600000,2026-02-19 04:00:00,0.0403400,0.0405400,0.0392200,0.0393500,26316987,1771487999999,2026-02-19 07:59:59,1052127.3862200,30164,11649630,465929.2890800
1771488000000,2026-02-19 08:00:00,0.0393400,0.0407500,0.0393100,0.0400000,18778086,1771502399999,2026-02-19 11:59:59,753408.6292700,23183,9398142,376853.1876000
1771502400000,2026-02-19 12:00:00,0.0400000,0.0404700,0.0386000,0.0390900,31476228,1771516799999,2026-02-19 15:59:59,1248572.7563200,32467,14609789,580318.6442200
1771516800000,2026-02-19 16:00:00,0.0390700,0.0409100,0.0388800,0.0403800,22256205,1771531199999,2026-02-19 19:59:59,887575.2830400,30262,10267605,409411.6209000
1771531200000,2026-02-19 20:00:00,0.0403800,0.0420400,0.0400100,0.0414400,14641201,1771545599999,2026-02-19 23:59:59,598012.8472900,20882,7171524,293211.6450400
1771545600000,2026-02-20 00:00:00,0.0414400,0.0422000,0.0403900,0.0415600,23271988,1771559999999,2026-02-20 03:59:59,966739.5298000,34083,9735063,404793.3874100
1771560000000,2026-02-20 04:00:00,0.0415500,0.0417900,0.0398000,0.0407200,31981242,1771574399999,2026-02-20 07:59:59,1304657.5246000,41119,16169687,659885.6567800
1771574400000,2026-02-20 08:00:00,0.0407100,0.0417900,0.0403100,0.0406400,15465113,1771588799999,2026-02-20 11:59:59,633952.3227900,23081,7071302,289913.5416600
1771588800000,2026-02-20 12:00:00,0.0406300,0.0409600,0.0400000,0.0406200,19361790,1771603199999,2026-02-20 15:59:59,782699.0270500,25920,9267505,374642.4482500
1771603200000,2026-02-20 16:00:00,0.0406400,0.0414300,0.0394200,0.0397600,22454661,1771617599999,2026-02-20 19:59:59,900563.8645200,22687,11065136,444246.5412500
1771617600000,2026-02-20 20:00:00,0.0397600,0.0415600,0.0393600,0.0415200,14471003,1771631999999,2026-02-20 23:59:59,582251.1602300,19645,6509213,261870.7319900
1771632000000,2026-02-21 00:00:00,0.0415000,0.0417000,0.0403000,0.0409000,12994758,1771646399999,2026-02-21 03:59:59,530804.0238600,15538,5674465,231788.7642200
1771646400000,2026-02-21 04:00:00,0.0409100,0.0409200,0.0396000,0.0401800,29395598,1771660799999,2026-02-21 07:59:59,1185012.8667800,23891,15446151,622725.4990300
1771660800000,2026-02-21 08:00:00,0.0401800,0.0406900,0.0399300,0.0404600,11888345,1771675199999,2026-02-21 11:59:59,479228.0944300,13710,5008714,201932.3109700
1771675200000,2026-02-21 12:00:00,0.0404600,0.0407700,0.0394100,0.0397300,12406597,1771689599999,2026-02-21 15:59:59,496823.7606900,12696,5554378,222419.6594100
1771689600000,2026-02-21 16:00:00,0.0397300,0.0405800,0.0394500,0.0395500,15800688,1771703999999,2026-02-21 19:59:59,631022.6200000,15316,8341626,333058.3525000
1771704000000,2026-02-21 20:00:00,0.0395500,0.0396700,0.0381900,0.0393900,17893342,1771718399999,2026-02-21 23:59:59,695127.2978900,19395,7777031,302150.6086000
1771718400000,2026-02-22 00:00:00,0.0394000,0.0394000,0.0384200,0.0388400,12475952,1771732799999,2026-02-22 03:59:59,483205.5525000,14790,5700139,220849.0101300
1771732800000,2026-02-22 04:00:00,0.0388400,0.0394400,0.0382700,0.0392700,16534351,1771747199999,2026-02-22 07:59:59,640961.0852400,15192,7833806,303426.7545600
1771747200000,2026-02-22 08:00:00,0.0392500,0.0402500,0.0390600,0.0392800,11828617,1771761599999,2026-02-22 11:59:59,467736.5146500,13265,4786856,189444.4924600
1771761600000,2026-02-22 12:00:00,0.0392800,0.0393800,0.0380200,0.0383600,13933934,1771775999999,2026-02-22 15:59:59,537862.8237800,14969,6303376,243244.4183200
1771776000000,2026-02-22 16:00:00,0.0383600,0.0389700,0.0380800,0.0382100,11428740,1771790399999,2026-02-22 19:59:59,440124.4692400,12034,5119957,197179.7365600
1771790400000,2026-02-22 20:00:00,0.0382100,0.0385300,0.0350500,0.0356300,50916335,1771804799999,2026-02-22 23:59:59,1841451.4632700,28002,20896681,755225.4930200
1771804800000,2026-02-23 00:00:00,0.0356300,0.0361200,0.0291500,0.0293400,138565436,1771819199999,2026-02-23 03:59:59,4464887.6295300,65586,59771007,1923142.9534500
1771819200000,2026-02-23 04:00:00,0.0293600,0.0312500,0.0282600,0.0302200,201216649,1771833599999,2026-02-23 07:59:59,5991600.2241000,98443,97916915,2917552.2101000
1771833600000,2026-02-23 08:00:00,0.0302200,0.0313100,0.0294800,0.0306400,66546698,1771847999999,2026-02-23 11:59:59,2014514.6946600,37898,32825033,995061.1426200
1771848000000,2026-02-23 12:00:00,0.0306400,0.0308900,0.0283600,0.0286000,66946813,1771862399999,2026-02-23 15:59:59,1979196.4880000,35963,29731704,879285.3198400
1771862400000,2026-02-23 16:00:00,0.0286000,0.0293200,0.0270200,0.0288800,90623184,1771876799999,2026-02-23 19:59:59,2535656.5473400,45210,45605391,1276357.2585900
1771876800000,2026-02-23 20:00:00,0.0288700,0.0306600,0.0287900,0.0301100,52806866,1771891199999,2026-02-23 23:59:59,1582320.7991200,33247,25137729,753244.4295200
1771891200000,2026-02-24 00:00:00,0.0301100,0.0307400,0.0295600,0.0302300,28331969,1771905599999,2026-02-24 03:59:59,856006.8142700,19453,14049024,424883.2977800
1771905600000,2026-02-24 04:00:00,0.0302200,0.0302700,0.0281200,0.0283600,57072996,1771919999999,2026-02-24 07:59:59,1651904.8991300,30824,26005060,752445.1848700
1771920000000,2026-02-24 08:00:00,0.0283600,0.0286100,0.0275400,0.0277400,31607799,1771934399999,2026-02-24 11:59:59,889338.2465800,20905,14186838,399380.6251800
1771934400000,2026-02-24 12:00:00,0.0277600,0.0287400,0.0275400,0.0283600,28403653,1771948799999,2026-02-24 15:59:59,801248.2753500,17379,13720811,387058.4677800
1771948800000,2026-02-24 16:00:00,0.0283600,0.0311000,0.0283100,0.0306900,47611050,1771963199999,2026-02-24 19:59:59,1418180.4010200,28191,26614318,791817.2179700
1771963200000,2026-02-24 20:00:00,0.0306900,0.0309600,0.0288300,0.0290000,25521771,1771977599999,2026-02-24 23:59:59,766165.0833900,18462,10565441,317866.2727400
1771977600000,2026-02-25 00:00:00,0.0290100,0.0305300,0.0281900,0.0284500,28444022,1771991999999,2026-02-25 03:59:59,838427.6140900,22416,12969809,382281.1185800
1771992000000,2026-02-25 04:00:00,0.0284500,0.0295400,0.0281900,0.0294000,23897624,1772006399999,2026-02-25 07:59:59,688179.6299500,19848,12947105,372677.9748100
1772006400000,2026-02-25 08:00:00,0.0294300,0.0301000,0.0291800,0.0295000,19043550,1772020799999,2026-02-25 11:59:59,565674.4005000,18755,7750605,230299.2193300
1772020800000,2026-02-25 12:00:00,0.0294900,0.0298000,0.0287500,0.0295800,23503220,1772035199999,2026-02-25 15:59:59,689678.8401100,19127,10060596,295233.7357900
1772035200000,2026-02-25 16:00:00,0.0295800,0.0328200,0.0291400,0.0306900,87230678,1772049599999,2026-02-25 19:59:59,2718631.0856200,60722,43080528,1341489.1436600
1772049600000,2026-02-25 20:00:00,0.0306800,0.0319200,0.0303100,0.0307300,31283067,1772063999999,2026-02-25 23:59:59,975424.0788300,28118,14972385,467088.2462700
1772064000000,2026-02-26 00:00:00,0.0307200,0.0318400,0.0300000,0.0301300,26483182,1772078399999,2026-02-26 03:59:59,816311.5567900,18338,12262747,377900.7019400
1772078400000,2026-02-26 04:00:00,0.0301300,0.0304500,0.0278100,0.0286200,48748923,1772092799999,2026-02-26 07:59:59,1402495.0799400,25663,22145687,636843.0641000
1772092800000,2026-02-26 08:00:00,0.0286300,0.0289300,0.0277000,0.0283100,31976269,1772107199999,2026-02-26 11:59:59,902802.0090100,17490,13874253,391882.5373900
1772107200000,2026-02-26 12:00:00,0.0283100,0.0293000,0.0279900,0.0284900,24663664,1772121599999,2026-02-26 15:59:59,702118.9232300,14766,12041731,343047.1535400
1772121600000,2026-02-26 16:00:00,0.0284800,0.0296700,0.0278100,0.0293600,23711259,1772135999999,2026-02-26 19:59:59,677695.1431500,15246,11841680,338989.4089500
1772136000000,2026-02-26 20:00:00,0.0293600,0.0305400,0.0293100,0.0299200,16846085,1772150399999,2026-02-26 23:59:59,503306.6372300,13259,7309414,218460.8640500
1772150400000,2026-02-27 00:00:00,0.0299100,0.0305400,0.0295600,0.0298100,15711790,1772164799999,2026-02-27 03:59:59,471704.3941000,11771,5877341,176415.7410400
1772164800000,2026-02-27 04:00:00,0.0298000,0.0303400,0.0290400,0.0294900,12274340,1772179199999,2026-02-27 07:59:59,364141.9902800,10082,5907029,175331.6226300
1772179200000,2026-02-27 08:00:00,0.0295000,0.0303400,0.0291800,0.0295500,26346493,1772193599999,2026-02-27 11:59:59,784158.5149700,17417,13965052,415593.2576500
1772193600000,2026-02-27 12:00:00,0.0295600,0.0296000,0.0281600,0.0284800,26126110,1772207999999,2026-02-27 15:59:59,751035.4295000,18046,10246520,294566.7632900
1772208000000,2026-02-27 16:00:00,0.0284700,0.0290200,0.0281300,0.0285200,12376791,1772222399999,2026-02-27 19:59:59,353712.0428300,11011,6413463,183324.3722400
1772222400000,2026-02-27 20:00:00,0.0285200,0.0299300,0.0280800,0.0297100,12110056,1772236799999,2026-02-27 23:59:59,350007.2791200,11302,6062772,175520.9874400
1772236800000,2026-02-28 00:00:00,0.0297100,0.0303200,0.0288900,0.0297500,14125260,1772251199999,2026-02-28 03:59:59,419510.5963100,12373,6561452,195043.4584100
1772251200000,2026-02-28 04:00:00,0.0297700,0.0301900,0.0272300,0.0276900,31221421,1772265599999,2026-02-28 07:59:59,890613.2825800,21234,13464168,383446.8307600
1772265600000,2026-02-28 08:00:00,0.0276900,0.0279500,0.0264100,0.0267900,30053595,1772279999999,2026-02-28 11:59:59,816159.7729200,20731,14857387,403595.2729800
1772280000000,2026-02-28 12:00:00,0.0267900,0.0289200,0.0267600,0.0288200,24923263,1772294399999,2026-02-28 15:59:59,698229.8850900,17044,11984670,335581.9255300
1772294400000,2026-02-28 16:00:00,0.0288200,0.0301600,0.0281500,0.0298300,18556278,1772308799999,2026-02-28 19:59:59,536780.6459600,13821,9873768,286113.1723200
1772308800000,2026-02-28 20:00:00,0.0298200,0.0301000,0.0290000,0.0291800,20722649,1772323199999,2026-02-28 23:59:59,614266.9253900,13866,9338980,276787.2152600
1772323200000,2026-03-01 00:00:00,0.0291800,0.0295200,0.0282300,0.0284600,17443258,1772337599999,2026-03-01 03:59:59,504873.9586800,11694,7281218,210870.7505900
1772337600000,2026-03-01 04:00:00,0.0284700,0.0287700,0.0282800,0.0285500,8723301,1772351999999,2026-03-01 07:59:59,248892.3225700,6830,4091794,116726.3795700
1772352000000,2026-03-01 08:00:00,0.0285500,0.0292100,0.0277800,0.0290800,19798528,1772366399999,2026-03-01 11:59:59,563063.5573100,11904,10056925,286351.9206600
1772366400000,2026-03-01 12:00:00,0.0290600,0.0293000,0.0283800,0.0289200,15323614,1772380799999,2026-03-01 15:59:59,443267.4509600,10453,7225484,209114.7695300
1772380800000,2026-03-01 16:00:00,0.0289300,0.0290600,0.0278300,0.0279400,12934723,1772395199999,2026-03-01 19:59:59,367962.0554000,9359,6056724,172106.5241600
1772395200000,2026-03-01 20:00:00,0.0279300,0.0288900,0.0273300,0.0286900,15134841,1772409599999,2026-03-01 23:59:59,426794.1984600,10558,8355798,235652.0192300
1772409600000,2026-03-02 00:00:00,0.0286800,0.0290900,0.0283800,0.0289500,10603257,1772423999999,2026-03-02 03:59:59,305095.9555000,7765,4534872,130583.7632500
1772424000000,2026-03-02 04:00:00,0.0289600,0.0290000,0.0278400,0.0281500,10353938,1772438399999,2026-03-02 07:59:59,294490.5657200,7083,4992705,142120.5768300
1772438400000,2026-03-02 08:00:00,0.0281600,0.0284100,0.0275100,0.0281100,8232380,1772452799999,2026-03-02 11:59:59,231288.6016200,6672,4107127,115505.4193500
1772452800000,2026-03-02 12:00:00,0.0281100,0.0295400,0.0277900,0.0290000,19592315,1772467199999,2026-03-02 15:59:59,562163.8380200,11758,9899799,283698.1885900
1772467200000,2026-03-02 16:00:00,0.0290100,0.0292400,0.0280100,0.0285900,17696376,1772481599999,2026-03-02 19:59:59,503854.8670600,11138,8916932,253919.5739600
1772481600000,2026-03-02 20:00:00,0.0286000,0.0290500,0.0260000,0.0277100,42851970,1772495999999,2026-03-02 23:59:59,1193270.1361700,18266,18007619,503120.8265300
1772496000000,2026-03-03 00:00:00,0.0277200,0.0280900,0.0271200,0.0276000,15579482,1772510399999,2026-03-03 03:59:59,429216.8288500,11022,8207217,226225.3203400
1772510400000,2026-03-03 04:00:00,0.0276000,0.0282600,0.0274700,0.0280400,12378487,1772524799999,2026-03-03 07:59:59,345340.4967800,8273,5234880,146011.5317400
1772524800000,2026-03-03 08:00:00,0.0280300,0.0283500,0.0274000,0.0278400,14276243,1772539199999,2026-03-03 11:59:59,396968.0641700,10043,6544636,181973.4008200
1772539200000,2026-03-03 12:00:00,0.0278300,0.0281200,0.0272300,0.0276100,16996517,1772553599999,2026-03-03 15:59:59,468620.3062800,10907,8027370,221468.8596500
1772553600000,2026-03-03 16:00:00,0.0276200,0.0280300,0.0270100,0.0272000,16627229,1772567999999,2026-03-03 19:59:59,459226.6985900,10137,7415534,204696.1777000
1772568000000,2026-03-03 20:00:00,0.0272000,0.0275800,0.0268500,0.0273400,11585517,1772582399999,2026-03-03 23:59:59,315075.6187100,7431,6496528,176743.9442400
1772582400000,2026-03-04 00:00:00,0.0273500,0.0274000,0.0262800,0.0267500,14106176,1772596799999,2026-03-04 03:59:59,378773.5370000,8900,6463859,173630.0667100
1772596800000,2026-03-04 04:00:00,0.0267600,0.0269900,0.0264100,0.0269800,8337893,1772611199999,2026-03-04 07:59:59,222673.3111500,5975,4119146,109985.4543100
1772611200000,2026-03-04 08:00:00,0.0269800,0.0279800,0.0267900,0.0270400,18711035,1772625599999,2026-03-04 11:59:59,512599.2230600,10717,7788326,213384.0474300
1772625600000,2026-03-04 12:00:00,0.0270400,0.0279900,0.0268000,0.0278900,15163413,1772639999999,2026-03-04 15:59:59,415872.3626200,8706,8181724,224441.2114200
1772640000000,2026-03-04 16:00:00,0.0279000,0.0292600,0.0274400,0.0288600,34874038,1772654399999,2026-03-04 19:59:59,995083.6530400,17633,17470356,498989.8604800
1772654400000,2026-03-04 20:00:00,0.0288800,0.0293800,0.0280100,0.0283300,15179093,1772668799999,2026-03-04 23:59:59,436777.9068000,9153,6195752,178382.4003500
1772668800000,2026-03-05 00:00:00,0.0283300,0.0284900,0.0277700,0.0282300,11801792,1772683199999,2026-03-05 03:59:59,332440.7270800,8040,5909364,166561.1831800
1772683200000,2026-03-05 04:00:00,0.0282400,0.0284300,0.0278400,0.0281800,9164158,1772697599999,2026-03-05 07:59:59,257773.4320800,6546,4578265,128797.9616300
1772697600000,2026-03-05 08:00:00,0.0281800,0.0295100,0.0280800,0.0292700,22342550,1772711999999,2026-03-05 11:59:59,647002.0109300,14166,11054948,319671.0413800
1772712000000,2026-03-05 12:00:00,0.0292800,0.0323600,0.0292100,0.0312700,89580914,1772726399999,2026-03-05 15:59:59,2770291.0291600,45096,43212830,1337618.9879600
1772726400000,2026-03-05 16:00:00,0.0312700,0.0339600,0.0308000,0.0329800,105233051,1772740799999,2026-03-05 19:59:59,3436260.9899800,58415,49175386,1606794.1622800
1772740800000,2026-03-05 20:00:00,0.0329800,0.0349300,0.0311900,0.0317000,82016955,1772755199999,2026-03-05 23:59:59,2720209.2268200,46618,37644854,1250430.5381300
1772755200000,2026-03-06 00:00:00,0.0317100,0.0372100,0.0315700,0.0370300,116712876,1772769599999,2026-03-06 03:59:59,4090795.1645800,65013,59548375,2083854.9655800
1772769600000,2026-03-06 04:00:00,0.0370300,0.0396600,0.0340300,0.0358500,268589321,1772783999999,2026-03-06 07:59:59,9737021.2791200,131172,126749852,4600408.6065200
1772784000000,2026-03-06 08:00:00,0.0358500,0.0367700,0.0294200,0.0297700,194386752,1772798399999,2026-03-06 11:59:59,6429423.4498400,91293,85748291,2832583.4822900
1772798400000,2026-03-06 12:00:00,0.0297600,0.0309500,0.0272300,0.0277300,96096784,1772812799999,2026-03-06 15:59:59,2800880.6004300,49021,45698926,1333455.0307700
1772812800000,2026-03-06 16:00:00,0.0277600,0.0290000,0.0267000,0.0271900,85749250,1772827199999,2026-03-06 19:59:59,2374949.5435700,34621,44702236,1239911.7100500
1772827200000,2026-03-06 20:00:00,0.0271900,0.0276900,0.0268100,0.0272000,38082223,1772841599999,2026-03-06 23:59:59,1035109.7189400,20823,21493772,584576.2150800
1772841600000,2026-03-07 00:00:00,0.0271800,0.0272500,0.0211400,0.0217600,227104075,1772855999999,2026-03-07 03:59:59,5290106.4017500,81254,105437278,2444068.2729200
1772856000000,2026-03-07 04:00:00,0.0217500,0.0227900,0.0212900,0.0219500,139770985,1772870399999,2026-03-07 07:59:59,3078626.0720300,61996,74324707,1638519.8675100
1772870400000,2026-03-07 08:00:00,0.0219500,0.0224500,0.0177800,0.0178200,466228680,1772884799999,2026-03-07 11:59:59,9167197.0698000,159772,211597801,4177884.6673800
1772884800000,2026-03-07 12:00:00,0.0178200,0.0198600,0.0157900,0.0197900,1210876888,1772899199999,2026-03-07 15:59:59,21213495.0335100,300021,596964316,10477900.2442400
1772899200000,2026-03-07 16:00:00,0.0197900,0.0221200,0.0192500,0.0217200,540639186,1772913599999,2026-03-07 19:59:59,11022576.9217000,157931,265329324,5411098.6669700
1772913600000,2026-03-07 20:00:00,0.0217200,0.0261900,0.0206700,0.0237400,883284322,1772927999999,2026-03-07 23:59:59,20623636.0842500,326558,433333227,10119983.4947100
1772928000000,2026-03-08 00:00:00,0.0237400,0.0268700,0.0215800,0.0221400,509374972,1772942399999,2026-03-08 03:59:59,12266536.0307600,218389,245931186,5922780.9576100
1772942400000,2026-03-08 04:00:00,0.0221400,0.0232500,0.0201800,0.0202800,203500212,1772956799999,2026-03-08 07:59:59,4484061.0770400,85693,97150503,2145926.2230000
1772956800000,2026-03-08 08:00:00,0.0202600,0.0234700,0.0191100,0.0225200,476290239,1772971199999,2026-03-08 11:59:59,10264610.3562300,180730,234913933,5064648.7913400
1772971200000,2026-03-08 12:00:00,0.0225300,0.0248200,0.0216600,0.0244600,414500599,1772985599999,2026-03-08 15:59:59,9574868.9220900,160229,206309098,4769993.8618600
1772985600000,2026-03-08 16:00:00,0.0244900,0.0250800,0.0226600,0.0232900,251295032,1772999999999,2026-03-08 19:59:59,5977150.9801400,97658,121324145,2889517.2689100
1773000000000,2026-03-08 20:00:00,0.0232900,0.0233400,0.0211100,0.0216800,141733753,1773014399999,2026-03-08 23:59:59,3105362.1623200,51353,69436798,1520051.5703400
1773014400000,2026-03-09 00:00:00,0.0216700,0.0229700,0.0214800,0.0228200,90650899,1773028799999,2026-03-09 03:59:59,2007933.8788300,41390,46212819,1024445.7916100
1773028800000,2026-03-09 04:00:00,0.0228200,0.0233400,0.0218000,0.0220600,75524838,1773043199999,2026-03-09 07:59:59,1703400.4226400,34557,36189949,817491.4747700
1773043200000,2026-03-09 08:00:00,0.0220500,0.0221600,0.0211500,0.0213100,58459431,1773057599999,2026-03-09 11:59:59,1270045.5981300,23102,28919665,629074.2953800
1773057600000,2026-03-09 12:00:00,0.0213000,0.0219000,0.0208700,0.0212500,69962460,1773071999999,2026-03-09 15:59:59,1491335.4885600,24443,36098703,770142.4494300
1773072000000,2026-03-09 16:00:00,0.0212400,0.0217600,0.0204700,0.0207300,57608541,1773086399999,2026-03-09 19:59:59,1213421.3138100,22592,27724335,584841.5411600
1773086400000,2026-03-09 20:00:00,0.0207200,0.0208000,0.0202800,0.0206100,37779114,1773100799999,2026-03-09 23:59:59,775174.6087900,15568,18587617,381725.2965200
1773100800000,2026-03-10 00:00:00,0.0206100,0.0217200,0.0201400,0.0211000,89459125,1773115199999,2026-03-10 03:59:59,1871329.4853500,29599,45411614,951224.6182100
1773115200000,2026-03-10 04:00:00,0.0211100,0.0224000,0.0210600,0.0214400,61303345,1773129599999,2026-03-10 07:59:59,1331013.5719800,25297,29922974,649216.7308200
1773129600000,2026-03-10 08:00:00,0.0214500,0.0222700,0.0213500,0.0222400,50072806,1773143999999,2026-03-10 11:59:59,1085267.7598300,17503,24034343,521366.3106300
1773144000000,2026-03-10 12:00:00,0.0222300,0.0222300,0.0201800,0.0209300,72183424,1773158399999,2026-03-10 15:59:59,1522205.6514200,28562,30708191,647770.3065500
1773158400000,2026-03-10 16:00:00,0.0209300,0.0214800,0.0203300,0.0204800,38967973,1773172799999,2026-03-10 19:59:59,814086.0714900,16740,18817737,393166.3556300
1773172800000,2026-03-10 20:00:00,0.0204800,0.0208500,0.0203500,0.0205500,23520473,1773187199999,2026-03-10 23:59:59,483731.4933200,11783,12285481,252843.4917100
1773187200000,2026-03-11 00:00:00,0.0205400,0.0207100,0.0200800,0.0203200,24965817,1773201599999,2026-03-11 03:59:59,510238.5296100,10605,11185424,228873.3246700
1773201600000,2026-03-11 04:00:00,0.0203100,0.0203400,0.0196600,0.0198900,42813675,1773215999999,2026-03-11 07:59:59,853229.9034700,14880,21068320,419927.0119100
1773216000000,2026-03-11 08:00:00,0.0198900,0.0203900,0.0195500,0.0200200,43895643,1773230399999,2026-03-11 11:59:59,875751.6540600,14898,20883019,417016.0021200
1773230400000,2026-03-11 12:00:00,0.0200100,0.0204300,0.0195400,0.0196400,31943559,1773244799999,2026-03-11 15:59:59,638709.5243700,13015,15041775,300842.6735300
1773244800000,2026-03-11 16:00:00,0.0196500,0.0201300,0.0193300,0.0199400,24841193,1773259199999,2026-03-11 19:59:59,491122.3275700,11966,12297782,243104.0882700
1773259200000,2026-03-11 20:00:00,0.0199400,0.0199500,0.0193900,0.0196200,22792778,1773273599999,2026-03-11 23:59:59,447153.3127600,10288,11715607,229850.8248200
1773273600000,2026-03-12 00:00:00,0.0196300,0.0204100,0.0193800,0.0196900,45716084,1773287999999,2026-03-12 03:59:59,911498.5222300,23035,21055227,419627.2947600
1773288000000,2026-03-12 04:00:00,0.0196900,0.0208800,0.0195800,0.0206000,33296785,1773302399999,2026-03-12 07:59:59,671881.3052700,15942,16653389,335994.5914100
1773302400000,2026-03-12 08:00:00,0.0206000,0.0208600,0.0200900,0.0203600,29834201,1773316799999,2026-03-12 11:59:59,608400.4032300,13261,14981131,305343.5468600
1773316800000,2026-03-12 12:00:00,0.0203600,0.0212700,0.0202700,0.0207100,38642481,1773331199999,2026-03-12 15:59:59,801397.3977900,17874,18622308,386261.8937000
1773331200000,2026-03-12 16:00:00,0.0207000,0.0211200,0.0198400,0.0199400,29212593,1773345599999,2026-03-12 19:59:59,595737.5755300,13245,13768939,280827.3692200
1773345600000,2026-03-12 20:00:00,0.0199300,0.0204700,0.0196200,0.0200000,24026404,1773359999999,2026-03-12 23:59:59,481604.4789000,11218,11169865,223989.9147800
1773360000000,2026-03-13 00:00:00,0.0199900,0.0205700,0.0199000,0.0203000,28375732,1773374399999,2026-03-13 03:59:59,573529.6076600,10432,13266145,268076.7919200
1773374400000,2026-03-13 04:00:00,0.0203300,0.0206500,0.0194600,0.0201500,38146964,1773388799999,2026-03-13 07:59:59,762806.3352300,12450,17500107,350330.4401800
1773388800000,2026-03-13 08:00:00,0.0201600,0.0203300,0.0186400,0.0198200,41527088,1773403199999,2026-03-13 11:59:59,819072.8433500,14208,15780820,311764.7720600
1773403200000,2026-03-13 12:00:00,0.0198200,0.0220600,0.0198100,0.0212700,93741425,1773417599999,2026-03-13 15:59:59,1964393.3578000,27879,42333480,887720.2927700
1773417600000,2026-03-13 16:00:00,0.0212700,0.0217200,0.0203100,0.0206600,40350733,1773431999999,2026-03-13 19:59:59,847548.3379600,16600,17966014,377886.1089500
1773432000000,2026-03-13 20:00:00,0.0206600,0.0220700,0.0206400,0.0217700,45737180,1773446399999,2026-03-13 23:59:59,979693.5412000,21131,22144298,474259.5806500
1773446400000,2026-03-14 00:00:00,0.0217600,0.0233100,0.0215200,0.0224400,92219066,1773460799999,2026-03-14 03:59:59,2074790.7060700,33510,43868970,987826.9260300
1773460800000,2026-03-14 04:00:00,0.0224500,0.0237600,0.0211200,0.0216600,173746235,1773475199999,2026-03-14 07:59:59,3917127.5570600,52646,82117844,1852067.9903400
1773475200000,2026-03-14 08:00:00,0.0216700,0.0223700,0.0214600,0.0220000,64628265,1773489599999,2026-03-14 11:59:59,1419023.1737800,24050,29044044,638041.6599200
1773489600000,2026-03-14 12:00:00,0.0220000,0.0220500,0.0208100,0.0214200,49740810,1773503999999,2026-03-14 15:59:59,1071544.1956300,17760,23331467,503052.5797400
1773504000000,2026-03-14 16:00:00,0.0214200,0.0219400,0.0211700,0.0215400,19492416,1773518399999,2026-03-14 19:59:59,420489.9783900,8466,9872807,213056.1029700
1773518400000,2026-03-14 20:00:00,0.0215300,0.0216000,0.0209300,0.0211800,28041309,1773532799999,2026-03-14 23:59:59,595439.8535000,12279,11966878,254179.8485600
1773532800000,2026-03-15 00:00:00,0.0211800,0.0213800,0.0204900,0.0209600,31289797,1773547199999,2026-03-15 03:59:59,656965.1500200,10177,13634527,286482.6097500
1773547200000,2026-03-15 04:00:00,0.0209700,0.0222100,0.0206300,0.0215000,34026597,1773561599999,2026-03-15 07:59:59,728366.5729900,11151,16460240,352896.9512100
1773561600000,2026-03-15 08:00:00,0.0215000,0.0225000,0.0214500,0.0215500,35810243,1773575999999,2026-03-15 11:59:59,786893.2505400,13430,15718457,345681.2933300
1773576000000,2026-03-15 12:00:00,0.0215400,0.0221000,0.0209500,0.0216900,32886336,1773590399999,2026-03-15 15:59:59,707026.0219800,12417,15659609,336415.1791800
1773590400000,2026-03-15 16:00:00,0.0217000,0.0227000,0.0215200,0.0222700,27794499,1773604799999,2026-03-15 19:59:59,616971.8021900,12215,11271028,250301.6117200
1773604800000,2026-03-15 20:00:00,0.0222700,0.0232200,0.0222600,0.0225700,30772831,1773619199999,2026-03-15 23:59:59,697164.2245100,14342,14581989,330512.0657400
1773619200000,2026-03-16 00:00:00,0.0225800,0.0228100,0.0217300,0.0222100,23928061,1773633599999,2026-03-16 03:59:59,533380.1898900,10909,11367005,253342.1804400
1773633600000,2026-03-16 04:00:00,0.0222200,0.0232200,0.0221300,0.0227100,24288217,1773647999999,2026-03-16 07:59:59,548320.3149400,11190,12017923,271396.1155200
1773648000000,2026-03-16 08:00:00,0.0227200,0.0229500,0.0216200,0.0219200,25105102,1773662399999,2026-03-16 11:59:59,559463.0894600,11528,13141167,292968.3804700
1773662400000,2026-03-16 12:00:00,0.0219300,0.0220300,0.0209000,0.0209900,41764046,1773676799999,2026-03-16 15:59:59,892152.7033100,16536,21971383,469706.6613000
1773676800000,2026-03-16 16:00:00,0.0209900,0.0212800,0.0207300,0.0207900,22627949,1773691199999,2026-03-16 19:59:59,475732.5765900,10257,11626929,244639.8045100
1773691200000,2026-03-16 20:00:00,0.0208200,0.0211300,0.0204100,0.0205500,29751476,1773705599999,2026-03-16 23:59:59,617891.5026700,16104,14682598,305159.3948200
1773705600000,2026-03-17 00:00:00,0.0205500,0.0211300,0.0202900,0.0208100,29231165,1773719999999,2026-03-17 03:59:59,604964.0551200,10965,15553415,321963.2139400
1773720000000,2026-03-17 04:00:00,0.0208100,0.0215200,0.0206300,0.0211100,30672121,1773734399999,2026-03-17 07:59:59,645139.9784600,10885,14524560,305598.9186900
1773734400000,2026-03-17 08:00:00,0.0211100,0.0214500,0.0204200,0.0209900,46807552,1773748799999,2026-03-17 11:59:59,977570.2939800,15278,21126743,441409.6108100
1773748800000,2026-03-17 12:00:00,0.0210000,0.0211400,0.0202300,0.0204100,17242250,1773763199999,2026-03-17 15:59:59,356244.1326300,7496,7553224,156082.6201300
1773763200000,2026-03-17 16:00:00,0.0204000,0.0206000,0.0195700,0.0197300,28013855,1773777599999,2026-03-17 19:59:59,564480.2091300,9847,11652622,235214.1196700
1773777600000,2026-03-17 20:00:00,0.0197400,0.0201100,0.0197400,0.0198900,16159392,1773791999999,2026-03-17 23:59:59,322070.9455400,6792,8487009,169196.2689200
1773792000000,2026-03-18 00:00:00,0.0198800,0.0201000,0.0196600,0.0199700,24229431,1773806399999,2026-03-18 03:59:59,482500.7085200,11813,12089633,240657.0330900
1773806400000,2026-03-18 04:00:00,0.0199700,0.0200700,0.0196500,0.0199000,15158083,1773820799999,2026-03-18 07:59:59,301302.7817400,5644,6479769,128857.8708700
1773820800000,2026-03-18 08:00:00,0.0199000,0.0200600,0.0188300,0.0193200,32100367,1773835199999,2026-03-18 11:59:59,626441.6013700,10748,13355085,261183.0158000
1773835200000,2026-03-18 12:00:00,0.0193200,0.0193300,0.0171100,0.0179700,68909598,1773849599999,2026-03-18 15:59:59,1267926.6616000,19701,26040802,481367.0953400
1773849600000,2026-03-18 16:00:00,0.0179700,0.0184400,0.0178400,0.0180800,32029674,1773863999999,2026-03-18 19:59:59,581709.6717900,11239,16600155,301706.1319000
1773864000000,2026-03-18 20:00:00,0.0181000,0.0184900,0.0179200,0.0181500,14683347,1773878399999,2026-03-18 23:59:59,267146.1139200,5981,8866364,161441.7040500
1773878400000,2026-03-19 00:00:00,0.0181500,0.0187400,0.0180100,0.0185200,30481449,1773892799999,2026-03-19 03:59:59,558310.1762000,12075,15909392,291794.7629900
1773892800000,2026-03-19 04:00:00,0.0185300,0.0189900,0.0181800,0.0183400,28227784,1773907199999,2026-03-19 07:59:59,524562.8563000,10902,12275514,228547.2707500
1773907200000,2026-03-19 08:00:00,0.0183400,0.0185300,0.0182200,0.0183800,13454353,1773921599999,2026-03-19 11:59:59,247311.1721900,5434,5663951,104154.4572300
1773921600000,2026-03-19 12:00:00,0.0183800,0.0184200,0.0177500,0.0180200,29277604,1773935999999,2026-03-19 15:59:59,530004.3030800,9034,13297128,240978.5236300
1773936000000,2026-03-19 16:00:00,0.0180200,0.0181400,0.0178500,0.0179600,11576735,1773950399999,2026-03-19 19:59:59,208310.5185700,5069,5356447,96417.5706500
1773950400000,2026-03-19 20:00:00,0.0179700,0.0182100,0.0178400,0.0180500,12920835,1773964799999,2026-03-19 23:59:59,232999.0131300,4517,7431977,134015.8174000
1773964800000,2026-03-20 00:00:00,0.0180400,0.0181900,0.0179400,0.0180400,13260678,1773979199999,2026-03-20 03:59:59,239655.7982300,5597,6852470,123865.3754200
1773979200000,2026-03-20 04:00:00,0.0180400,0.0181400,0.0175900,0.0177400,16132407,1773993599999,2026-03-20 07:59:59,288018.3754200,5356,6989186,124926.2222800
1773993600000,2026-03-20 08:00:00,0.0177400,0.0179600,0.0175600,0.0178100,13657392,1774007999999,2026-03-20 11:59:59,242740.4951000,5063,6795882,120856.6189500
1774008000000,2026-03-20 12:00:00,0.0178000,0.0181300,0.0176400,0.0180900,18619998,1774022399999,2026-03-20 15:59:59,332241.7211900,5722,9123714,162821.6188100
1774022400000,2026-03-20 16:00:00,0.0180900,0.0182700,0.0177800,0.0178900,14697039,1774036799999,2026-03-20 19:59:59,264826.3386900,8866,6690573,120621.6638900
1774036800000,2026-03-20 20:00:00,0.0179000,0.0181100,0.0177800,0.0179700,8286882,1774051199999,2026-03-20 23:59:59,148987.8979700,4527,4003755,71959.6104600
1774051200000,2026-03-21 00:00:00,0.0179800,0.0179800,0.0176800,0.0177900,6930695,1774065599999,2026-03-21 03:59:59,123708.3879100,2698,3481436,62200.7474800
1774065600000,2026-03-21 04:00:00,0.0177800,0.0179600,0.0176700,0.0177200,10781226,1774079999999,2026-03-21 07:59:59,191776.8928600,3962,5623846,100096.6720200
1774080000000,2026-03-21 08:00:00,0.0177300,0.0178500,0.0176100,0.0176600,8895599,1774094399999,2026-03-21 11:59:59,157747.1245900,3264,4940159,87653.3622700
1774094400000,2026-03-21 12:00:00,0.0176600,0.0182400,0.0175100,0.0181200,16640243,1774108799999,2026-03-21 15:59:59,296660.6713900,5450,8070896,143922.0767000
1774108800000,2026-03-21 16:00:00,0.0181200,0.0183200,0.0178500,0.0181200,11888379,1774123199999,2026-03-21 19:59:59,214632.2512500,4320,5532581,100019.3139500
1774123200000,2026-03-21 20:00:00,0.0181200,0.0186900,0.0177400,0.0178600,21394838,1774137599999,2026-03-21 23:59:59,390229.4326600,7325,9468360,172806.7241000
1774137600000,2026-03-22 00:00:00,0.0178700,0.0183800,0.0176400,0.0181200,25629428,1774151999999,2026-03-22 03:59:59,463353.0281500,8388,11866825,214463.0752700
1774152000000,2026-03-22 04:00:00,0.0181200,0.0183200,0.0177300,0.0177900,14009167,1774166399999,2026-03-22 07:59:59,252403.7030900,6117,6402808,115503.7306000
1774166400000,2026-03-22 08:00:00,0.0177800,0.0180100,0.0176000,0.0176000,13283010,1774180799999,2026-03-22 11:59:59,236433.4129400,4940,6099764,108689.1092100
1774180800000,2026-03-22 12:00:00,0.0176100,0.0176800,0.0172300,0.0173900,25090208,1774195199999,2026-03-22 15:59:59,438214.2318000,7968,10934064,191080.9951600
1774195200000,2026-03-22 16:00:00,0.0173900,0.0174600,0.0166500,0.0174100,33322571,1774209599999,2026-03-22 19:59:59,567917.1430700,10280,13526862,230734.4840000
1774209600000,2026-03-22 20:00:00,0.0174100,0.0175700,0.0170100,0.0172600,23104168,1774223999999,2026-03-22 23:59:59,399284.5319000,8292,11410340,197442.1204300
1774224000000,2026-03-23 00:00:00,0.0172600,0.0173100,0.0168100,0.0171800,12312922,1774238399999,2026-03-23 03:59:59,210086.7064500,4663,6095659,104096.5302300
1774238400000,2026-03-23 04:00:00,0.0171700,0.0176000,0.0168700,0.0170300,16686535,1774252799999,2026-03-23 07:59:59,287683.0329200,6179,8529091,147142.9949200
1774252800000,2026-03-23 08:00:00,0.0170200,0.0175100,0.0166200,0.0173000,33449152,1774267199999,2026-03-23 11:59:59,569268.9526500,7976,15377688,261837.6241800
1774267200000,2026-03-23 12:00:00,0.0173000,0.0181800,0.0171100,0.0173900,52575995,1774281599999,2026-03-23 15:59:59,924123.1550100,12829,26607323,467891.1450800
1774281600000,2026-03-23 16:00:00,0.0173900,0.0174700,0.0169500,0.0174300,20399110,1774295999999,2026-03-23 19:59:59,350720.3225800,6795,9676383,166519.6830000
1774296000000,2026-03-23 20:00:00,0.0174400,0.0181800,0.0172500,0.0175700,23493790,1774310399999,2026-03-23 23:59:59,417401.8664300,10139,11570584,205576.3430600
1774310400000,2026-03-24 00:00:00,0.0175800,0.0182700,0.0172100,0.0180500,21819461,1774324799999,2026-03-24 03:59:59,387528.2574500,7070,12332162,219093.3125500
1774324800000,2026-03-24 04:00:00,0.0180600,0.0186800,0.0177700,0.0186200,29688258,1774339199999,2026-03-24 07:59:59,542035.8722000,10638,13912568,253995.2139900
1774339200000,2026-03-24 08:00:00,0.0186400,0.0201600,0.0184900,0.0200400,157571523,1774353599999,2026-03-24 11:59:59,3081959.7850300,39300,77390508,1515290.1084200
1774353600000,2026-03-24 12:00:00,0.0200600,0.0210400,0.0187200,0.0198300,291414717,1774367999999,2026-03-24 15:59:59,5807400.8862600,68896,134764211,2688916.2655400
1774368000000,2026-03-24 16:00:00,0.0198300,0.0211300,0.0197600,0.0205300,192860038,1774382399999,2026-03-24 19:59:59,3938746.6080700,43612,97681712,1995414.1247400
1774382400000,2026-03-24 20:00:00,0.0205300,0.0210000,0.0201000,0.0205100,59724066,1774396799999,2026-03-24 23:59:59,1225983.5416600,17937,28609443,587728.0116900
1774396800000,2026-03-25 00:00:00,0.0205100,0.0215500,0.0197700,0.0210200,128051987,1774411199999,2026-03-25 03:59:59,2665025.1140800,38224,60992750,1271031.2311700
1774411200000,2026-03-25 04:00:00,0.0210200,0.0213500,0.0202800,0.0203500,65773202,1774425599999,2026-03-25 07:59:59,1372954.4836900,22359,30501834,637365.7099200
1774425600000,2026-03-25 08:00:00,0.0203600,0.0208900,0.0192500,0.0193000,85071437,1774439999999,2026-03-25 11:59:59,1697214.7768100,28158,37556211,750580.0424800
1774440000000,2026-03-25 12:00:00,0.0192800,0.0201500,0.0188800,0.0194400,55288988,1774454399999,2026-03-25 15:59:59,1078513.1819200,19114,25896104,505841.4091000
1774454400000,2026-03-25 16:00:00,0.0194500,0.0199900,0.0191600,0.0195400,26280152,1774468799999,2026-03-25 19:59:59,514217.5849400,13831,11985974,234708.8579700
1774468800000,2026-03-25 20:00:00,0.0195400,0.0197900,0.0194000,0.0195100,15224821,1774483199999,2026-03-25 23:59:59,297805.6182600,9565,7474963,146311.7137700
1774483200000,2026-03-26 00:00:00,0.0195200,0.0196700,0.0190500,0.0192400,10983304,1774497599999,2026-03-26 03:59:59,212490.0862100,7845,5183970,100278.3577000
1774497600000,2026-03-26 04:00:00,0.0192400,0.0194900,0.0190900,0.0193300,13684979,1774511999999,2026-03-26 07:59:59,263162.1521600,7924,6879068,132386.6990400
1774512000000,2026-03-26 08:00:00,0.0193400,0.0204300,0.0192400,0.0200000,79149686,1774526399999,2026-03-26 11:59:59,1570084.6216100,28297,39580303,785310.8138600
1774526400000,2026-03-26 12:00:00,0.0200100,0.0201000,0.0190200,0.0193300,36630313,1774540799999,2026-03-26 15:59:59,711926.3381600,12810,18392512,356842.6055000
1774540800000,2026-03-26 16:00:00,0.0193300,0.0194700,0.0177800,0.0180600,48784079,1774555199999,2026-03-26 19:59:59,901376.4547600,22604,21426903,396170.7464000
1774555200000,2026-03-26 20:00:00,0.0180800,0.0184900,0.0176100,0.0181600,18167863,1774569599999,2026-03-26 23:59:59,329685.0199200,10720,7033424,127757.2760400
1774569600000,2026-03-27 00:00:00,0.0181500,0.0185000,0.0180200,0.0183100,13798127,1774583999999,2026-03-27 03:59:59,251991.2625600,7730,7695394,140582.5849200
1774584000000,2026-03-27 04:00:00,0.0183100,0.0184600,0.0177100,0.0182200,21259720,1774598399999,2026-03-27 07:59:59,384268.8805000,11228,10957507,198332.4958400
1774598400000,2026-03-27 08:00:00,0.0182200,0.0183000,0.0174400,0.0178600,27102361,1774612799999,2026-03-27 11:59:59,484908.6216300,12060,12035531,215356.5370900
1774612800000,2026-03-27 12:00:00,0.0178600,0.0180800,0.0176200,0.0178900,12944943,1774627199999,2026-03-27 15:59:59,231324.6724700,7970,5552588,99380.2613500
1774627200000,2026-03-27 16:00:00,0.0178900,0.0181300,0.0174400,0.0175500,21335522,1774641599999,2026-03-27 19:59:59,379205.4534900,8320,9801093,174431.8642900
1774641600000,2026-03-27 20:00:00,0.0175400,0.0177100,0.0173500,0.0174800,9029893,1774655999999,2026-03-27 23:59:59,158009.5410100,4341,4356495,76271.2741400
1774656000000,2026-03-28 00:00:00,0.0174900,0.0176300,0.0172000,0.0176200,9419991,1774670399999,2026-03-28 03:59:59,164305.2546700,4276,4729568,82533.1168200
1774670400000,2026-03-28 04:00:00,0.0176100,0.0181700,0.0174800,0.0177900,18493121,1774684799999,2026-03-28 07:59:59,329420.3664900,6874,10163375,181247.1864000
1774684800000,2026-03-28 08:00:00,0.0178000,0.0180800,0.0175400,0.0177900,18455839,1774699199999,2026-03-28 11:59:59,329205.8905100,6050,7846476,140189.3080500
1774699200000,2026-03-28 12:00:00,0.0178100,0.0181200,0.0176100,0.0179900,13433251,1774713599999,2026-03-28 15:59:59,239715.0761900,5634,5804454,103643.5805000
1774713600000,2026-03-28 16:00:00,0.0180000,0.0180800,0.0175500,0.0176900,6403859,1774727999999,2026-03-28 19:59:59,113869.6072300,3120,2698843,48021.4045200
1774728000000,2026-03-28 20:00:00,0.0176900,0.0178600,0.0173200,0.0174500,7601717,1774742399999,2026-03-28 23:59:59,133767.8560900,4019,4719399,83091.0796800
1774742400000,2026-03-29 00:00:00,0.0174500,0.0175000,0.0172200,0.0173500,7591742,1774756799999,2026-03-29 03:59:59,131616.9138600,3825,3441146,59703.4062200
1774756800000,2026-03-29 04:00:00,0.0173600,0.0174400,0.0171200,0.0173900,7648098,1774771199999,2026-03-29 07:59:59,132012.6522000,3618,4322678,74678.8825000
1774771200000,2026-03-29 08:00:00,0.0173900,0.0174800,0.0171000,0.0172000,11097953,1774785599999,2026-03-29 11:59:59,191574.9629500,4875,4842568,83707.7884700
1774785600000,2026-03-29 12:00:00,0.0171900,0.0173000,0.0168300,0.0170700,23508798,1774799999999,2026-03-29 15:59:59,401548.0400800,10077,11304951,193270.1886700
1774800000000,2026-03-29 16:00:00,0.0170800,0.0171300,0.0162500,0.0164800,39001427,1774814399999,2026-03-29 19:59:59,657241.7700000,8887,18622873,314592.8439000
1774814400000,2026-03-29 20:00:00,0.0164800,0.0169600,0.0155100,0.0160800,31867726,1774828799999,2026-03-29 23:59:59,517842.0008600,10917,14734932,240030.3932600
1774828800000,2026-03-30 00:00:00,0.0160900,0.0170100,0.0160700,0.0169200,20134599,1774843199999,2026-03-30 03:59:59,331555.3875000,8141,10338284,170491.3814100
1774843200000,2026-03-30 04:00:00,0.0169200,0.0174900,0.0169100,0.0174200,12697396,1774857599999,2026-03-30 07:59:59,217693.2766400,6227,6019904,103347.1527100
1774857600000,2026-03-30 08:00:00,0.0174100,0.0174600,0.0168900,0.0170200,13542355,1774871999999,2026-03-30 11:59:59,232047.4668500,6350,5426861,93065.0754000
1774872000000,2026-03-30 12:00:00,0.0170300,0.0176500,0.0170000,0.0174100,13762812,1774886399999,2026-03-30 15:59:59,237973.4379200,6335,7678812,132840.6057000
1774886400000,2026-03-30 16:00:00,0.0174200,0.0179400,0.0171900,0.0173300,16846399,1774900799999,2026-03-30 19:59:59,295597.4232700,7522,7740898,136009.6514200
1774900800000,2026-03-30 20:00:00,0.0173400,0.0190000,0.0171700,0.0187900,94109375,1774915199999,2026-03-30 23:59:59,1737918.9399500,30205,46856780,865167.6052600
1774915200000,2026-03-31 00:00:00,0.0187800,0.0207400,0.0185100,0.0203900,261697782,1774929599999,2026-03-31 03:59:59,5193197.3056700,62136,126636209,2515043.4022400
1774929600000,2026-03-31 04:00:00,0.0204000,0.0207000,0.0192700,0.0195400,213755434,1774943999999,2026-03-31 07:59:59,4253697.4202400,45412,103945237,2069539.1629400
1774944000000,2026-03-31 08:00:00,0.0195600,0.0197200,0.0187300,0.0189400,94152518,1774958399999,2026-03-31 11:59:59,1802818.7084700,20676,42557978,815405.0772800
1774958400000,2026-03-31 12:00:00,0.0189500,0.0192700,0.0186200,0.0187700,42291465,1774972799999,2026-03-31 15:59:59,799484.1142100,11045,19909849,376520.0283800
1774972800000,2026-03-31 16:00:00,0.0187800,0.0192500,0.0186600,0.0190900,37414913,1774987199999,2026-03-31 19:59:59,710409.1807200,8999,18775751,356678.0784100
1774987200000,2026-03-31 20:00:00,0.0190900,0.0191500,0.0187800,0.0190600,14029286,1775001599999,2026-03-31 23:59:59,266372.3999500,4859,6280915,119261.9613500
1775001600000,2026-04-01 00:00:00,0.0190500,0.0195000,0.0184200,0.0185800,39970897,1775015999999,2026-04-01 03:59:59,757843.1555300,9609,19395029,368190.5561200
1775016000000,2026-04-01 04:00:00,0.0185600,0.0189300,0.0182400,0.0185900,20399483,1775030399999,2026-04-01 07:59:59,379663.5884400,7228,7815547,145620.7555400
1775030400000,2026-04-01 08:00:00,0.0185900,0.0186900,0.0178700,0.0179500,26068907,1775044799999,2026-04-01 11:59:59,476524.9252000,9902,11419784,208901.9330100
1775044800000,2026-04-01 12:00:00,0.0179600,0.0185800,0.0177400,0.0183100,31840373,1775059199999,2026-04-01 15:59:59,577710.9436900,11634,15191951,275701.3266300
1775059200000,2026-04-01 16:00:00,0.0183200,0.0185300,0.0181700,0.0184600,7545402,1775073599999,2026-04-01 19:59:59,138620.6421400,4073,4275593,78601.8594000
1775073600000,2026-04-01 20:00:00,0.0184600,0.0185300,0.0180500,0.0181000,15308073,1775087999999,2026-04-01 23:59:59,279343.7248800,6263,7066675,129022.5772800
1775088000000,2026-04-02 00:00:00,0.0181100,0.0182800,0.0173300,0.0174400,20185385,1775102399999,2026-04-02 03:59:59,358485.3540200,7246,9567440,170113.8959000
1775102400000,2026-04-02 04:00:00,0.0174600,0.0175600,0.0172100,0.0174900,11729078,1775116799999,2026-04-02 07:59:59,204109.0235300,4785,5830996,101536.9461900
1775116800000,2026-04-02 08:00:00,0.0175000,0.0175100,0.0170200,0.0171900,13141638,1775131199999,2026-04-02 11:59:59,226285.0223500,5679,6549518,112778.6947300
1775131200000,2026-04-02 12:00:00,0.0171900,0.0174000,0.0168300,0.0172100,19200047,1775145599999,2026-04-02 15:59:59,327875.4517800,6449,10739053,183409.8536700
1775145600000,2026-04-02 16:00:00,0.0172100,0.0176800,0.0171600,0.0176700,9562484,1775159999999,2026-04-02 19:59:59,167016.7253400,4420,5456438,95308.6058000
1775160000000,2026-04-02 20:00:00,0.0176600,0.0185400,0.0176400,0.0184900,20203290,1775174399999,2026-04-02 23:59:59,366915.8671700,7167,10989547,199609.8411800
1775174400000,2026-04-03 00:00:00,0.0184900,0.0190700,0.0183400,0.0188500,23194039,1775188799999,2026-04-03 03:59:59,433342.2689900,8177,11384373,212871.0583700
1775188800000,2026-04-03 04:00:00,0.0188600,0.0191100,0.0185000,0.0186300,19884515,1775203199999,2026-04-03 07:59:59,373676.8004400,6766,9224593,173381.4991500
1775203200000,2026-04-03 08:00:00,0.0186400,0.0187500,0.0182900,0.0185400,8066877,1775217599999,2026-04-03 11:59:59,149185.0619300,4464,3389068,62704.0094100
1775217600000,2026-04-03 12:00:00,0.0185300,0.0185400,0.0178600,0.0180400,17607000,1775231999999,2026-04-03 15:59:59,320682.0825500,5978,7812789,142423.3891400
1775232000000,2026-04-03 16:00:00,0.0180500,0.0181300,0.0178600,0.0179900,11292120,1775246399999,2026-04-03 19:59:59,203181.7161600,4304,5845218,105243.8751000
1775246400000,2026-04-03 20:00:00,0.0180000,0.0182000,0.0179500,0.0180300,4301604,1775260799999,2026-04-03 23:59:59,77581.6425600,5253,2421282,43691.7271100
1775260800000,2026-04-04 00:00:00,0.0180200,0.0180900,0.0178300,0.0178300,5647936,1775275199999,2026-04-04 03:59:59,101441.6406000,2536,2917342,52408.2098000
1775275200000,2026-04-04 04:00:00,0.0178200,0.0178500,0.0174200,0.0175300,9627947,1775289599999,2026-04-04 07:59:59,169769.5783500,4004,4708635,83037.2866300
1775289600000,2026-04-04 08:00:00,0.0175200,0.0176400,0.0173600,0.0174300,10243940,1775303999999,2026-04-04 11:59:59,179102.0163300,4128,5494988,96084.1885200
1775304000000,2026-04-04 12:00:00,0.0174300,0.0180200,0.0173600,0.0179000,12526425,1775318399999,2026-04-04 15:59:59,221625.4416800,5569,7184727,127159.2529100
1775318400000,2026-04-04 16:00:00,0.0178900,0.0185800,0.0177900,0.0180100,20646758,1775332799999,2026-04-04 19:59:59,375590.7603000,7777,10824744,196946.4541500
1775332800000,2026-04-04 20:00:00,0.0180100,0.0182100,0.0178200,0.0179200,8286934,1775347199999,2026-04-04 23:59:59,149069.8536100,3472,3964017,71313.8612600
1775347200000,2026-04-05 00:00:00,0.0179300,0.0180500,0.0176700,0.0178100,7755453,1775361599999,2026-04-05 03:59:59,138366.5230000,3340,3842557,68599.6266000
1775361600000,2026-04-05 04:00:00,0.0178000,0.0184000,0.0177900,0.0179900,13291025,1775375999999,2026-04-05 07:59:59,240644.2603000,5596,7186194,130006.9416800
1775376000000,2026-04-05 08:00:00,0.0180000,0.0186400,0.0179500,0.0185400,15829441,1775390399999,2026-04-05 11:59:59,288673.2935700,5110,7943991,144958.7995300
1775390400000,2026-04-05 12:00:00,0.0185400,0.0196900,0.0183800,0.0193700,46286252,1775404799999,2026-04-05 15:59:59,876571.0288000,13036,22865110,432971.5072500
1775404800000,2026-04-05 16:00:00,0.0193700,0.0204800,0.0192400,0.0201200,69089812,1775419199999,2026-04-05 19:59:59,1374464.2174500,19156,32723649,651853.3037800
1775419200000,2026-04-05 20:00:00,0.0201200,0.0205500,0.0198500,0.0202900,35653586,1775433599999,2026-04-05 23:59:59,720299.6234700,12800,16926160,342232.3202600
1775433600000,2026-04-06 00:00:00,0.0203200,0.0218900,0.0198100,0.0207600,95162774,1775447999999,2026-04-06 03:59:59,1998883.6849300,27627,47386358,995899.2351000
1775448000000,2026-04-06 04:00:00,0.0207600,0.0215500,0.0204200,0.0210400,77090831,1775462399999,2026-04-06 07:59:59,1617918.4091200,21723,37961953,796542.2790400
1775462400000,2026-04-06 08:00:00,0.0210400,0.0212400,0.0194200,0.0196900,57213867,1775476799999,2026-04-06 11:59:59,1165725.5805400,17404,25403782,518959.6440100
1775476800000,2026-04-06 12:00:00,0.0196800,0.0199100,0.0187700,0.0189400,34428407,1775491199999,2026-04-06 15:59:59,669063.7993400,11317,16730489,325725.8056000
1775491200000,2026-04-06 16:00:00,0.0189400,0.0196500,0.0188800,0.0193400,26248933,1775505599999,2026-04-06 19:59:59,505501.6918500,9936,14008686,269876.2895400
1775505600000,2026-04-06 20:00:00,0.0193400,0.0195400,0.0187100,0.0191000,16702056,1775519999999,2026-04-06 23:59:59,319437.5368800,7210,7034290,134723.2463000
1775520000000,2026-04-07 00:00:00,0.0190900,0.0192900,0.0184900,0.0185600,20224032,1775534399999,2026-04-07 03:59:59,380425.4858500,7908,9207660,173443.0452400
1775534400000,2026-04-07 04:00:00,0.0185400,0.0194500,0.0184100,0.0188000,19410166,1775548799999,2026-04-07 07:59:59,362966.9000900,6715,11725008,219380.7079700
1775548800000,2026-04-07 08:00:00,0.0188100,0.0193100,0.0185600,0.0188500,28963099,1775563199999,2026-04-07 11:59:59,548964.5460600,10993,13422573,254648.6474000
1775563200000,2026-04-07 12:00:00,0.0188500,0.0192200,0.0184500,0.0189600,27460676,1775577599999,2026-04-07 15:59:59,516995.0905300,11263,12842065,241854.0283600
1775577600000,2026-04-07 16:00:00,0.0189600,0.0195400,0.0188800,0.0193900,24820111,1775591999999,2026-04-07 19:59:59,476673.5640300,10354,12779183,245441.3025900
1775592000000,2026-04-07 20:00:00,0.0194000,0.0201000,0.0191700,0.0196000,32861642,1775606399999,2026-04-07 23:59:59,643541.5707900,10959,17007801,333517.5330600
1775606400000,2026-04-08 00:00:00,0.0196000,0.0197000,0.0188100,0.0188200,20916461,1775620799999,2026-04-08 03:59:59,401865.7920000,7517,8749142,168044.8758900
1775620800000,2026-04-08 04:00:00,0.0188300,0.0190500,0.0188000,0.0190000,12546764,1775635199999,2026-04-08 07:59:59,237399.3520900,4883,6298092,119214.0178900
1775635200000,2026-04-08 08:00:00,0.0189900,0.0193200,0.0188300,0.0190300,16886988,1775649599999,2026-04-08 11:59:59,320950.7347800,6243,7763942,147581.8988500
1775649600000,2026-04-08 12:00:00,0.0190300,0.0190500,0.0185400,0.0187700,23104161,1775663999999,2026-04-08 15:59:59,433826.3408300,7833,10361740,194745.0451500
1775664000000,2026-04-08 16:00:00,0.0187600,0.0191900,0.0186400,0.0191700,13647372,1775678399999,2026-04-08 19:59:59,258552.5365400,8215,6642358,125885.6321700
1775678400000,2026-04-08 20:00:00,0.0191900,0.0193000,0.0186100,0.0188300,15945228,1775692799999,2026-04-08 23:59:59,301262.3958000,9271,7454212,140859.9154200
1775692800000,2026-04-09 00:00:00,0.0188200,0.0190200,0.0185000,0.0188400,8619922,1775707199999,2026-04-09 03:59:59,161877.1662800,4965,4545846,85398.0979200
1775707200000,2026-04-09 04:00:00,0.0188500,0.0188500,0.0185800,0.0187500,5867116,1775721599999,2026-04-09 07:59:59,109881.0171000,3795,2798940,52442.8820100
1775721600000,2026-04-09 08:00:00,0.0187400,0.0203500,0.0185700,0.0191400,50465653,1775735999999,2026-04-09 11:59:59,973375.3205000,14864,25120028,484844.2248300
1775736000000,2026-04-09 12:00:00,0.0191400,0.0198400,0.0187800,0.0196500,38551482,1775750399999,2026-04-09 15:59:59,746856.5272300,14221,19364060,375089.0236200
1775750400000,2026-04-09 16:00:00,0.0196500,0.0199300,0.0175700,0.0176100,80231593,1775764799999,2026-04-09 19:59:59,1509533.4636000,24213,33476696,631131.4589000
1775764800000,2026-04-09 20:00:00,0.0176100,0.0181100,0.0162100,0.0167000,98676977,1775779199999,2026-04-09 23:59:59,1708664.0158800,29824,42990619,746586.0774200
1775779200000,2026-04-10 00:00:00,0.0166800,0.0169100,0.0145600,0.0163300,183396660,1775793599999,2026-04-10 03:59:59,2892785.9985900,47696,83927142,1328031.9125600
1775793600000,2026-04-10 04:00:00,0.0163300,0.0164000,0.0160200,0.0161100,32609381,1775807999999,2026-04-10 07:59:59,528336.9701100,15037,15272441,247705.4813900
1775808000000,2026-04-10 08:00:00,0.0161200,0.0175700,0.0160100,0.0170800,76171189,1775822399999,2026-04-10 11:59:59,1284791.5911300,26578,36357934,613178.2722900
1775822400000,2026-04-10 12:00:00,0.0170700,0.0175300,0.0164700,0.0169500,67943412,1775836799999,2026-04-10 15:59:59,1162621.4371000,20061,31851629,545426.7451800
1775836800000,2026-04-10 16:00:00,0.0169500,0.0172100,0.0160500,0.0163800,52011015,1775851199999,2026-04-10 19:59:59,866785.5313000,18915,23563801,393783.3597200
1775851200000,2026-04-10 20:00:00,0.0163800,0.0167300,0.0162000,0.0162900,23360539,1775865599999,2026-04-10 23:59:59,383100.0178400,8794,12688954,208249.0557300
1775865600000,2026-04-11 00:00:00,0.0162900,0.0163200,0.0158400,0.0161100,24900371,1775879999999,2026-04-11 03:59:59,400472.3403000,10310,12188270,196070.4900400
1775880000000,2026-04-11 04:00:00,0.0161000,0.0163800,0.0160500,0.0161300,17308541,1775894399999,2026-04-11 07:59:59,279801.6942800,8381,8465988,136934.6466100
1775894400000,2026-04-11 08:00:00,0.0161300,0.0161900,0.0156600,0.0157100,26056959,1775908799999,2026-04-11 11:59:59,414361.5639300,11979,11525642,183235.0046700
1775908800000,2026-04-11 12:00:00,0.0157100,0.0163200,0.0156000,0.0163000,28084863,1775923199999,2026-04-11 15:59:59,445406.7533700,8059,13378249,212446.7050200
1775923200000,2026-04-11 16:00:00,0.0163000,0.0163100,0.0158500,0.0160300,19121075,1775937599999,2026-04-11 19:59:59,306840.8748300,7997,9487349,152307.0880800
1775937600000,2026-04-11 20:00:00,0.0160200,0.0160400,0.0152800,0.0156900,33161347,1775951999999,2026-04-11 23:59:59,519385.2841300,12612,15319715,240327.8483600
1775952000000,2026-04-12 00:00:00,0.0156900,0.0160100,0.0154000,0.0155500,23400939,1775966399999,2026-04-12 03:59:59,367493.9105100,9015,12154324,191028.2702500
1775966400000,2026-04-12 04:00:00,0.0155500,0.0157000,0.0153200,0.0155400,16202036,1775980799999,2026-04-12 07:59:59,250940.9426300,5939,8385663,129910.9635600
1775980800000,2026-04-12 08:00:00,0.0155400,0.0159800,0.0154900,0.0157900,21012112,1775995199999,2026-04-12 11:59:59,330690.7013700,6918,10655920,167954.4000200
1775995200000,2026-04-12 12:00:00,0.0157900,0.0158200,0.0155400,0.0157000,19061130,1776009599999,2026-04-12 15:59:59,298747.2632500,8486,10225070,160336.8788600
1776009600000,2026-04-12 16:00:00,0.0157100,0.0162500,0.0156300,0.0160800,32439529,1776023999999,2026-04-12 19:59:59,516877.3624100,14308,17463985,278379.5317800
1776024000000,2026-04-12 20:00:00,0.0160800,0.0161400,0.0156100,0.0158200,13212811,1776038399999,2026-04-12 23:59:59,209627.0584100,5152,6072436,96362.0072900
1776038400000,2026-04-13 00:00:00,0.0158100,0.0168300,0.0158000,0.0164400,52520356,1776052799999,2026-04-13 03:59:59,861740.2551800,17303,25559453,419913.8187500
1776052800000,2026-04-13 04:00:00,0.0164500,0.0174400,0.0159400,0.0172800,62311551,1776067199999,2026-04-13 07:59:59,1047212.6122700,22507,29837196,501545.6970300
1776067200000,2026-04-13 08:00:00,0.0172700,0.0174000,0.0162300,0.0168000,47364165,1776081599999,2026-04-13 11:59:59,795452.4539400,16860,22321335,375542.2213100
1776081600000,2026-04-13 12:00:00,0.0167900,0.0174500,0.0159700,0.0161100,47698447,1776095999999,2026-04-13 15:59:59,789224.0258900,16685,23068796,382180.3880500
1776096000000,2026-04-13 16:00:00,0.0161000,0.0168700,0.0159900,0.0167100,36629979,1776110399999,2026-04-13 19:59:59,597903.5338100,11551,18062168,294869.5883000
1776110400000,2026-04-13 20:00:00,0.0167200,0.0176600,0.0167100,0.0170500,38163603,1776124799999,2026-04-13 23:59:59,654506.4169700,11851,17846881,306803.3900900
1776124800000,2026-04-14 00:00:00,0.0170500,0.0172800,0.0168000,0.0172100,20705756,1776139199999,2026-04-14 03:59:59,352433.1957900,7702,10660276,181535.8534500
1776139200000,2026-04-14 04:00:00,0.0172000,0.0200700,0.0170700,0.0186300,137996681,1776153599999,2026-04-14 07:59:59,2593038.1704500,38796,62602787,1175432.9117300
1776153600000,2026-04-14 08:00:00,0.0186300,0.0190500,0.0174800,0.0180000,57879198,1776167999999,2026-04-14 11:59:59,1042646.9916400,19695,25630963,462653.4435400
1776168000000,2026-04-14 12:00:00,0.0180000,0.0194700,0.0175900,0.0189200,96940636,1776182399999,2026-04-14 15:59:59,1781992.5785400,25621,47578591,875592.0309000
1776182400000,2026-04-14 16:00:00,0.0189300,0.0192400,0.0178000,0.0184400,47743326,1776196799999,2026-04-14 19:59:59,885444.0636400,17640,20021870,371297.7866600
1776196800000,2026-04-14 20:00:00,0.0184500,0.0188500,0.0180000,0.0185700,21256009,1776211199999,2026-04-14 23:59:59,390637.0380900,8354,10960712,201572.1280000
1776211200000,2026-04-15 00:00:00,0.0185600,0.0190400,0.0185100,0.0186900,19570463,1776225599999,2026-04-15 03:59:59,367216.3989300,8404,9215250,173014.6249300
1776225600000,2026-04-15 04:00:00,0.0187000,0.0187200,0.0176700,0.0177600,17870282,1776239999999,2026-04-15 07:59:59,324617.1063200,7044,7025211,127768.9104700
1776240000000,2026-04-15 08:00:00,0.0177600,0.0181500,0.0171300,0.0179000,30783914,1776254399999,2026-04-15 11:59:59,540907.7617400,11917,15687321,276022.1235900
1776254400000,2026-04-15 12:00:00,0.0179100,0.0180300,0.0171300,0.0173800,18349823,1776268799999,2026-04-15 15:59:59,323124.9928100,6309,7877928,138660.2053300
1776268800000,2026-04-15 16:00:00,0.0173800,0.0179800,0.0173800,0.0178900,15976163,1776283199999,2026-04-15 19:59:59,283246.4944800,5364,8093902,143323.9220500
1776283200000,2026-04-15 20:00:00,0.0178900,0.0184200,0.0177700,0.0182400,8893945,1776297599999,2026-04-15 23:59:59,160797.8386500,4660,4397342,79530.0282700
1776297600000,2026-04-16 00:00:00,0.0182400,0.0195200,0.0178800,0.0189100,27282670,1776311999999,2026-04-16 03:59:59,507308.2818100,9980,12478216,232380.9320600
1776312000000,2026-04-16 04:00:00,0.0189200,0.0193600,0.0182300,0.0183900,30172374,1776326399999,2026-04-16 07:59:59,564761.9689500,10354,14685588,275247.2592800
1776326400000,2026-04-16 08:00:00,0.0183900,0.0192500,0.0182100,0.0188000,30413037,1776340799999,2026-04-16 11:59:59,568652.0230300,10776,15653060,292765.5471600
1776340800000,2026-04-16 12:00:00,0.0187900,0.0192800,0.0180300,0.0187500,34490411,1776355199999,2026-04-16 15:59:59,643628.8207400,11075,16816895,314237.6413700
1776355200000,2026-04-16 16:00:00,0.0187800,0.0192500,0.0185400,0.0191100,20506712,1776369599999,2026-04-16 19:59:59,388302.2135000,8307,10077213,190683.2845000
1776369600000,2026-04-16 20:00:00,0.0191200,0.0194800,0.0187700,0.0193000,17437131,1776383999999,2026-04-16 23:59:59,333935.0458600,7332,8237801,157742.5249300
1776384000000,2026-04-17 00:00:00,0.0193000,0.0196400,0.0188300,0.0188600,34503327,1776398399999,2026-04-17 03:59:59,660004.5916000,9987,16276976,311610.1323500
1776398400000,2026-04-17 04:00:00,0.0188700,0.0200000,0.0185700,0.0195200,34429817,1776412799999,2026-04-17 07:59:59,661417.4936400,10484,17648695,339973.5456000
1776412800000,2026-04-17 08:00:00,0.0195300,0.0200000,0.0181300,0.0194900,54329135,1776427199999,2026-04-17 11:59:59,1048129.4010300,15796,25249441,487682.0087200
1776427200000,2026-04-17 12:00:00,0.0194800,0.0199200,0.0192500,0.0194800,30240963,1776441599999,2026-04-17 15:59:59,592832.3451800,9668,16914498,331883.0913900
1776441600000,2026-04-17 16:00:00,0.0194900,0.0202100,0.0193800,0.0199000,21579761,1776455999999,2026-04-17 19:59:59,428502.2737300,8539,10203012,202733.1348000
1776456000000,2026-04-17 20:00:00,0.0199000,0.0205600,0.0196000,0.0203900,21350961,1776470399999,2026-04-17 23:59:59,430889.7927100,8543,11302574,228147.4160700
1776470400000,2026-04-18 00:00:00,0.0204000,0.0221500,0.0200000,0.0212100,64335651,1776484799999,2026-04-18 03:59:59,1363132.5877600,21215,31298888,662840.7215100
1776484800000,2026-04-18 04:00:00,0.0212200,0.0300100,0.0211900,0.0246900,519453545,1776499199999,2026-04-18 07:59:59,13332765.9993100,182904,242329415,6227682.7356400
1776499200000,2026-04-18 08:00:00,0.0246800,0.0254800,0.0215000,0.0240000,197932778,1776513599999,2026-04-18 11:59:59,4626638.9384500,93701,89582507,2096709.0770800
1776513600000,2026-04-18 12:00:00,0.0240000,0.0240400,0.0207600,0.0214500,117476527,1776527999999,2026-04-18 15:59:59,2618569.5250600,54252,49020512,1093389.9202000
1776528000000,2026-04-18 16:00:00,0.0214400,0.0216200,0.0195500,0.0195900,51159963,1776542399999,2026-04-18 19:59:59,1047370.0559200,22562,20275779,415682.7398500
1776542400000,2026-04-18 20:00:00,0.0195800,0.0201000,0.0191400,0.0195800,29020376,1776556799999,2026-04-18 23:59:59,569453.5632800,12930,15726438,309070.2046400
1776556800000,2026-04-19 00:00:00,0.0195800,0.0201300,0.0176400,0.0176700,52996032,1776571199999,2026-04-19 03:59:59,988083.6837600,20494,23082438,430867.6146600
1776571200000,2026-04-19 04:00:00,0.0176700,0.0192900,0.0175300,0.0186200,47800177,1776585599999,2026-04-19 07:59:59,865207.9451000,16930,25990323,471414.1824200
1776585600000,2026-04-19 08:00:00,0.0186200,0.0187500,0.0179200,0.0181400,26277737,1776599999999,2026-04-19 11:59:59,478531.6724500,12485,13450466,245255.6170100
1776600000000,2026-04-19 12:00:00,0.0181400,0.0190100,0.0181200,0.0183000,29396369,1776614399999,2026-04-19 15:59:59,544154.2085200,12092,14811407,274330.2031400
1776614400000,2026-04-19 16:00:00,0.0183200,0.0184700,0.0179300,0.0179600,13948743,1776628799999,2026-04-19 19:59:59,253531.1323200,6965,7563745,137602.0004500
1776628800000,2026-04-19 20:00:00,0.0179600,0.0179600,0.0168900,0.0171400,30244787,1776643199999,2026-04-19 23:59:59,522710.0267500,12863,14987086,258574.2451300
1776643200000,2026-04-20 00:00:00,0.0171400,0.0176900,0.0170300,0.0174200,15980375,1776657599999,2026-04-20 03:59:59,278707.0707800,7785,7291510,127242.8727500
1776657600000,2026-04-20 04:00:00,0.0174100,0.0178200,0.0172000,0.0173100,16300235,1776671999999,2026-04-20 07:59:59,284638.3983300,7941,7266621,127167.4151000
1776672000000,2026-04-20 08:00:00,0.0173100,0.0173900,0.0169300,0.0171000,18093614,1776686399999,2026-04-20 11:59:59,311451.8057700,8229,8671842,149297.1723300
1776686400000,2026-04-20 12:00:00,0.0171000,0.0179700,0.0168600,0.0176400,32608451,1776700799999,2026-04-20 15:59:59,564100.6751200,13193,18322689,316552.4387300
1776700800000,2026-04-20 16:00:00,0.0176400,0.0179000,0.0172600,0.0177700,21791236,1776715199999,2026-04-20 19:59:59,383782.7270800,9347,11310645,199167.2163900
1776715200000,2026-04-20 20:00:00,0.0177700,0.0182900,0.0176500,0.0179900,35472482,1776729599999,2026-04-20 23:59:59,636008.8146500,14705,17939713,321637.8325500
1776729600000,2026-04-21 00:00:00,0.0179900,0.0181300,0.0175700,0.0177800,13023377,1776743999999,2026-04-21 03:59:59,232756.3307500,6811,6623122,118420.8944100
1776744000000,2026-04-21 04:00:00,0.0177500,0.0179200,0.0173600,0.0174700,19748409,1776758399999,2026-04-21 07:59:59,348825.4369400,8201,9982921,176553.2542200
1776758400000,2026-04-21 08:00:00,0.0174600,0.0177100,0.0173300,0.0176000,18909625,1776772799999,2026-04-21 11:59:59,331442.8902400,6598,10337954,181265.3466200
1776772800000,2026-04-21 12:00:00,0.0175700,0.0178800,0.0173000,0.0175300,15838120,1776787199999,2026-04-21 15:59:59,278403.8614900,5841,6978464,122687.4393800
1776787200000,2026-04-21 16:00:00,0.0175400,0.0176300,0.0170600,0.0171700,16498961,1776801599999,2026-04-21 19:59:59,285638.5241700,6623,8197444,141988.8518900
1776801600000,2026-04-21 20:00:00,0.0171600,0.0175800,0.0171100,0.0175500,8981864,1776815999999,2026-04-21 23:59:59,155618.4472600,4728,4013802,69533.3848500
1776816000000,2026-04-22 00:00:00,0.0175500,0.0177600,0.0174200,0.0175900,9880733,1776830399999,2026-04-22 03:59:59,173685.1951500,4228,4581036,80560.5938900
1776830400000,2026-04-22 04:00:00,0.0176000,0.0179200,0.0175600,0.0177500,11179445,1776844799999,2026-04-22 07:59:59,198071.9071700,4690,5799462,102816.5217800
1776844800000,2026-04-22 08:00:00,0.0177400,0.0178500,0.0173900,0.0175700,9853217,1776859199999,2026-04-22 11:59:59,173583.9325500,3898,4222352,74486.7346000
1776859200000,2026-04-22 12:00:00,0.0175600,0.0178200,0.0172100,0.0176200,20378570,1776873599999,2026-04-22 15:59:59,356868.1578800,6974,10116902,177198.2956100
1776873600000,2026-04-22 16:00:00,0.0176200,0.0186700,0.0174400,0.0180700,18730482,1776887999999,2026-04-22 19:59:59,336495.5768500,7299,10272607,185090.3254800
1776888000000,2026-04-22 20:00:00,0.0180800,0.0184800,0.0177100,0.0177100,11287816,1776902399999,2026-04-22 23:59:59,204082.4157300,6215,4853737,87879.6398100
1776902400000,2026-04-23 00:00:00,0.0177100,0.0179200,0.0170200,0.0172200,22193576,1776916799999,2026-04-23 03:59:59,385871.4771500,8344,9391631,163426.9831200
1776916800000,2026-04-23 04:00:00,0.0172400,0.0174800,0.0171800,0.0172700,11213294,1776931199999,2026-04-23 07:59:59,194193.4243300,5382,5610290,97275.1514600
1776931200000,2026-04-23 08:00:00,0.0172600,0.0174400,0.0171300,0.0173700,10197788,1776945599999,2026-04-23 11:59:59,176321.3658000,4767,5579720,96542.3398000
1776945600000,2026-04-23 12:00:00,0.0173700,0.0178600,0.0173200,0.0178000,13766423,1776959999999,2026-04-23 15:59:59,241568.0385600,5661,7266344,127552.2574300
1776960000000,2026-04-23 16:00:00,0.0178000,0.0178800,0.0172900,0.0177700,11780231,1776974399999,2026-04-23 19:59:59,207912.6411400,5065,4796016,84638.9565900
1776974400000,2026-04-23 20:00:00,0.0177700,0.0182200,0.0177000,0.0182000,9748036,1776988799999,2026-04-23 23:59:59,175101.3198700,4411,4652660,83597.0231500
1776988800000,2026-04-24 00:00:00,0.0182000,0.0186000,0.0180500,0.0185400,16254667,1777003199999,2026-04-24 03:59:59,297199.0041400,6484,8428842,154202.4120600
1777003200000,2026-04-24 04:00:00,0.0185400,0.0197200,0.0185300,0.0190800,39702173,1777017599999,2026-04-24 07:59:59,758942.2187400,14212,19037587,364194.2862000
1777017600000,2026-04-24 08:00:00,0.0191100,0.0203300,0.0190200,0.0201200,34476328,1777031999999,2026-04-24 11:59:59,675365.6462400,12506,16050937,314546.2636100
1777032000000,2026-04-24 12:00:00,0.0201200,0.0218700,0.0196300,0.0199500,162167827,1777046399999,2026-04-24 15:59:59,3358388.4015300,54966,74433102,1545586.7074800
1777046400000,2026-04-24 16:00:00,0.0199400,0.0200100,0.0190300,0.0192800,32501061,1777060799999,2026-04-24 19:59:59,633907.5871600,13034,13712605,267880.8059000
1777060800000,2026-04-24 20:00:00,0.0193000,0.0193200,0.0188300,0.0190300,18063700,1777075199999,2026-04-24 23:59:59,343551.2988900,7083,8246940,157017.1253800
1777075200000,2026-04-25 00:00:00,0.0190400,0.0194000,0.0186800,0.0189800,17339274,1777089599999,2026-04-25 03:59:59,329141.6969700,6917,9167652,174189.7736100
1777089600000,2026-04-25 04:00:00,0.0190000,0.0190300,0.0167500,0.0181600,84642515,1777103999999,2026-04-25 07:59:59,1499594.4883500,17530,36595884,648004.1608200
1777104000000,2026-04-25 08:00:00,0.0181600,0.0185200,0.0180600,0.0181500,14804597,1777118399999,2026-04-25 11:59:59,270946.9099300,6008,5999449,109900.2043900
1777118400000,2026-04-25 12:00:00,0.0181600,0.0181900,0.0174600,0.0176200,22898036,1777132799999,2026-04-25 15:59:59,409991.5736100,6051,6469651,116182.2124300
1777132800000,2026-04-25 16:00:00,0.0176100,0.0180200,0.0174800,0.0178600,15119031,1777147199999,2026-04-25 19:59:59,268049.4635100,4859,8786094,155871.0554800
1777147200000,2026-04-25 20:00:00,0.0178500,0.0184900,0.0177900,0.0184900,13790065,1777161599999,2026-04-25 23:59:59,250291.7936700,5409,8456717,153565.0668100
1777161600000,2026-04-26 00:00:00,0.0184800,0.0185600,0.0180900,0.0182400,11444561,1777175999999,2026-04-26 03:59:59,209764.3617900,4586,5163550,94766.3493400
1777176000000,2026-04-26 04:00:00,0.0182400,0.0184000,0.0180600,0.0183000,9163467,1777190399999,2026-04-26 07:59:59,166862.2220500,3655,4701211,85667.3342500
1777190400000,2026-04-26 08:00:00,0.0182900,0.0184200,0.0178200,0.0180600,14401627,1777204799999,2026-04-26 11:59:59,261434.4131100,5284,5520246,100359.7409700
1777204800000,2026-04-26 12:00:00,0.0180500,0.0181500,0.0178700,0.0180300,13561624,1777219199999,2026-04-26 15:59:59,244271.1894900,4500,8154400,147000.1368900
1777219200000,2026-04-26 16:00:00,0.0180400,0.0182100,0.0177900,0.0179500,11862655,1777233599999,2026-04-26 19:59:59,213767.7682400,4381,5495533,99141.1229800
1777233600000,2026-04-26 20:00:00,0.0179400,0.0182200,0.0178100,0.0181300,7168164,1777247999999,2026-04-26 23:59:59,129070.6462100,3460,4115721,74118.8891500
1777248000000,2026-04-27 00:00:00,0.0181300,0.0183400,0.0179600,0.0181000,12958557,1777262399999,2026-04-27 03:59:59,235204.8909900,4430,6659958,120945.9443400
1777262400000,2026-04-27 04:00:00,0.0180900,0.0181800,0.0176000,0.0177700,12599748,1777276799999,2026-04-27 07:59:59,225118.4856000,4293,4798345,85771.2529000
1777276800000,2026-04-27 08:00:00,0.0177700,0.0181400,0.0176000,0.0179000,10092313,1777291199999,2026-04-27 11:59:59,180142.4703600,4145,5418264,96770.4483600
1777291200000,2026-04-27 12:00:00,0.0178900,0.0179400,0.0173400,0.0175600,9644179,1777305599999,2026-04-27 15:59:59,170619.8064500,3714,4481750,79374.4698900
1777305600000,2026-04-27 16:00:00,0.0175500,0.0182500,0.0175000,0.0181200,17124265,1777319999999,2026-04-27 19:59:59,308222.2599400,5526,8731603,157204.0531000
1777320000000,2026-04-27 20:00:00,0.0181100,0.0185100,0.0179700,0.0183900,10134414,1777334399999,2026-04-27 23:59:59,184881.4382700,4229,5585313,101858.3573500
1777334400000,2026-04-28 00:00:00,0.0183900,0.0184900,0.0180000,0.0181800,10391281,1777348799999,2026-04-28 03:59:59,189541.5655400,4616,4053571,73988.2444700
1777348800000,2026-04-28 04:00:00,0.0181700,0.0182400,0.0176800,0.0177900,9313940,1777363199999,2026-04-28 07:59:59,167147.3003700,4790,4369913,78456.2227200
1777363200000,2026-04-28 08:00:00,0.0178000,0.0180700,0.0177100,0.0178600,8435183,1777377599999,2026-04-28 11:59:59,150641.4254100,4063,4860999,86896.6036900
1777377600000,2026-04-28 12:00:00,0.0178800,0.0183500,0.0178300,0.0182700,15767997,1777391999999,2026-04-28 15:59:59,285595.6578400,6896,8082366,146491.9513500
1777392000000,2026-04-28 16:00:00,0.0183000,0.0191100,0.0180800,0.0187400,29003975,1777406399999,2026-04-28 19:59:59,542615.5586100,10713,15672175,293483.2600600
1777406400000,2026-04-28 20:00:00,0.0187400,0.0190600,0.0186700,0.0187900,10107858,1777420799999,2026-04-28 23:59:59,190339.3586300,4674,4879612,91964.5000600
1777420800000,2026-04-29 00:00:00,0.0187900,0.0196100,0.0187200,0.0195200,50834034,1777435199999,2026-04-29 03:59:59,982247.5986100,14196,23989961,462863.4962300
1777435200000,2026-04-29 04:00:00,0.0195300,0.0201500,0.0188300,0.0196600,49861336,1777449599999,2026-04-29 07:59:59,976919.5074100,17847,22000204,431551.3291700
1777449600000,2026-04-29 08:00:00,0.0196300,0.0206300,0.0191300,0.0204200,54564532,1777463999999,2026-04-29 11:59:59,1082157.8222100,19499,25686332,510309.7633600
1777464000000,2026-04-29 12:00:00,0.0204200,0.0207100,0.0185100,0.0187800,76870263,1777478399999,2026-04-29 15:59:59,1512963.6491600,26481,32599953,645099.2842400
1777478400000,2026-04-29 16:00:00,0.0187800,0.0188700,0.0175000,0.0178700,33762715,1777492799999,2026-04-29 19:59:59,610491.4692500,13997,14631567,264528.3045300
1777492800000,2026-04-29 20:00:00,0.0178900,0.0188300,0.0178900,0.0187100,13848250,1777507199999,2026-04-29 23:59:59,255796.6963700,6593,6956034,128480.5950600
1777507200000,2026-04-30 00:00:00,0.0187200,0.0194500,0.0186400,0.0187800,20602535,1777521599999,2026-04-30 03:59:59,392937.7037800,8466,9228022,176313.1054000
1777521600000,2026-04-30 04:00:00,0.0187800,0.0187800,0.0180600,0.0183400,13744723,1777535999999,2026-04-30 07:59:59,252170.6975500,6278,5115614,93839.9004200
1777536000000,2026-04-30 08:00:00,0.0183300,0.0185500,0.0180500,0.0182000,7048947,1777550399999,2026-04-30 11:59:59,128987.5378400,4062,3478218,63668.3005000
1777550400000,2026-04-30 12:00:00,0.0181900,0.0187000,0.0181500,0.0184000,9884497,1777564799999,2026-04-30 15:59:59,182017.5673600,5078,5740598,105730.4314600
1777564800000,2026-04-30 16:00:00,0.0183900,0.0185500,0.0177400,0.0178200,9052123,1777579199999,2026-04-30 19:59:59,163818.4475200,4761,3948370,71579.8983500
1777579200000,2026-04-30 20:00:00,0.0178100,0.0181500,0.0171900,0.0176000,22962532,1777593599999,2026-04-30 23:59:59,404389.4338700,8999,11303967,199410.5862000
1777593600000,2026-05-01 00:00:00,0.0176000,0.0179600,0.0174400,0.0178000,14291494,1777607999999,2026-05-01 03:59:59,252446.5214600,6532,7258656,128402.0591300
1777608000000,2026-05-01 04:00:00,0.0177900,0.0179100,0.0173500,0.0176400,13350116,1777622399999,2026-05-01 07:59:59,235302.6670200,5584,6871854,121103.1463400
1777622400000,2026-05-01 08:00:00,0.0176400,0.0181800,0.0176000,0.0180800,10088732,1777636799999,2026-05-01 11:59:59,179875.4634700,4638,4667426,83235.7843000
1777636800000,2026-05-01 12:00:00,0.0180900,0.0183800,0.0179300,0.0180100,15312147,1777651199999,2026-05-01 15:59:59,278141.3107500,6172,6513150,118358.5325200
1777651200000,2026-05-01 16:00:00,0.0180100,0.0182800,0.0179700,0.0180400,8869554,1777665599999,2026-05-01 19:59:59,160775.7087500,3884,4565003,82792.4047100
1777665600000,2026-05-01 20:00:00,0.0180400,0.0182800,0.0179000,0.0180700,6600742,1777679999999,2026-05-01 23:59:59,119306.8652800,3381,3682301,66576.9057500
1777680000000,2026-05-02 00:00:00,0.0180700,0.0185000,0.0179400,0.0183300,10575206,1777694399999,2026-05-02 03:59:59,193308.1036600,4361,5488204,100333.9572000
1777694400000,2026-05-02 04:00:00,0.0183500,0.0184400,0.0180100,0.0184200,10119141,1777708799999,2026-05-02 07:59:59,184477.6165500,4113,4286479,78196.4206100
1777708800000,2026-05-02 08:00:00,0.0184300,0.0189600,0.0182900,0.0185000,17400675,1777723199999,2026-05-02 11:59:59,323968.7971600,6784,8936316,166596.1049000
1777723200000,2026-05-02 12:00:00,0.0185000,0.0201200,0.0184900,0.0199500,42184143,1777737599999,2026-05-02 15:59:59,814136.9753900,14912,19691126,379868.7911900
1777737600000,2026-05-02 16:00:00,0.0199500,0.0225000,0.0197500,0.0214000,164480878,1777751999999,2026-05-02 19:59:59,3496418.8397400,55590,80661524,1716845.1465900
1777752000000,2026-05-02 20:00:00,0.0214000,0.0240400,0.0212600,0.0238300,142718461,1777766399999,2026-05-02 23:59:59,3256445.1237700,51245,69919301,1594595.6058300
1777766400000,2026-05-03 00:00:00,0.0238500,0.0271700,0.0211200,0.0229100,481885808,1777780799999,2026-05-03 03:59:59,11473768.9114400,148057,229017109,5455455.7588200
1777780800000,2026-05-03 04:00:00,0.0229100,0.0235000,0.0216700,0.0231200,211055167,1777795199999,2026-05-03 07:59:59,4772106.3166900,79610,102606194,2318727.0568600
1777795200000,2026-05-03 08:00:00,0.0231200,0.0249100,0.0220300,0.0243100,420414104,1777809599999,2026-05-03 11:59:59,9936779.6675500,160099,201653939,4767645.1161300
1777809600000,2026-05-03 12:00:00,0.0243000,0.0260800,0.0225700,0.0231600,547766033,1777823999999,2026-05-03 15:59:59,13546630.3883000,175925,265385671,6564991.3267400
1777824000000,2026-05-03 16:00:00,0.0231800,0.0231900,0.0196800,0.0213100,277531301,1777838399999,2026-05-03 19:59:59,5903674.6904300,86981,129841046,2761822.2004700
1777838400000,2026-05-03 20:00:00,0.0213200,0.0234100,0.0211700,0.0230300,104013307,1777852799999,2026-05-03 23:59:59,2319577.9659400,44458,56250642,1256008.6208000
1777852800000,2026-05-04 00:00:00,0.0230300,0.0236400,0.0225700,0.0232200,68715495,1777867199999,2026-05-04 03:59:59,1590285.9981500,33153,32763380,758421.7276100
1777867200000,2026-05-04 04:00:00,0.0232300,0.0234400,0.0216400,0.0220700,62046847,1777881599999,2026-05-04 07:59:59,1392895.5533200,26406,27516166,618821.5606600
1777881600000,2026-05-04 08:00:00,0.0220900,0.0224000,0.0208000,0.0208700,42839577,1777895999999,2026-05-04 11:59:59,923217.2359900,19733,18665144,403330.0621400
1777896000000,2026-05-04 12:00:00,0.0208700,0.0222000,0.0206600,0.0214700,46276113,1777910399999,2026-05-04 15:59:59,998491.3497000,20162,23985156,517277.2428500
1777910400000,2026-05-04 16:00:00,0.0214800,0.0249200,0.0213600,0.0230200,123726014,1777924799999,2026-05-04 19:59:59,2904161.0329300,57480,59779279,1403260.3513100
1777924800000,2026-05-04 20:00:00,0.0230100,0.0260100,0.0227700,0.0246800,89778339,1777939199999,2026-05-04 23:59:59,2212289.7976500,52265,43810966,1079214.3291700
1777939200000,2026-05-05 00:00:00,0.0246900,0.0270200,0.0245800,0.0259600,84148610,1777953599999,2026-05-05 03:59:59,2167000.7222800,48878,42902568,1105088.7892900
1777953600000,2026-05-05 04:00:00,0.0259700,0.0289900,0.0257700,0.0289300,192912305,1777967999999,2026-05-05 07:59:59,5322783.4673100,97680,92108955,2545151.2093600
1777968000000,2026-05-05 08:00:00,0.0289200,0.0297900,0.0261600,0.0271100,305602136,1777982399999,2026-05-05 11:59:59,8702949.7538700,138914,148951316,4248484.7486300
1777982400000,2026-05-05 12:00:00,0.0271000,0.0321500,0.0261400,0.0311800,389027302,1777996799999,2026-05-05 15:59:59,11474475.9838100,167312,198869235,5864931.6240200
1777996800000,2026-05-05 16:00:00,0.0311600,0.0419700,0.0310900,0.0410500,1365302378,1778011199999,2026-05-05 19:59:59,50019336.8849200,612276,689378905,25281533.0642800
1778011200000,2026-05-05 20:00:00,0.0410300,0.0469900,0.0359300,0.0388400,1689253113,1778025599999,2026-05-05 23:59:59,70162040.1762700,761198,851458584,35368996.1904000
1778025600000,2026-05-06 00:00:00,0.0388400,0.0411600,0.0331500,0.0374800,1004888400,1778039999999,2026-05-06 03:59:59,37549219.7655100,452908,490669996,18359807.0773300
1778040000000,2026-05-06 04:00:00,0.0374600,0.0388300,0.0346100,0.0375700,427064962,1778054399999,2026-05-06 07:59:59,15716708.9621200,220438,213961925,7877777.2126000
1778054400000,2026-05-06 08:00:00,0.0375600,0.0431000,0.0369400,0.0424200,728703462,1778068799999,2026-05-06 11:59:59,29071260.4971900,361241,362377747,14466574.2797700
1778068800000,2026-05-06 12:00:00,0.0424600,0.0456500,0.0363400,0.0385800,1269586032,1778083199999,2026-05-06 15:59:59,52383577.6293200,610759,623216279,25738885.7693100
1778083200000,2026-05-06 16:00:00,0.0385800,0.0434400,0.0385500,0.0407200,338926836,1778097599999,2026-05-06 19:59:59,13930872.7339100,211360,169853323,6985591.1250500
1778097600000,2026-05-06 20:00:00,0.0407300,0.0429300,0.0398100,0.0421900,119730841,1778111999999,2026-05-06 23:59:59,4936440.9551500,101779,59674706,2462448.7369700
1778112000000,2026-05-07 00:00:00,0.0421800,0.0546000,0.0421000,0.0514200,706197556,1778126399999,2026-05-07 03:59:59,35075320.9548100,533756,349298174,17360439.4541500
1778126400000,2026-05-07 04:00:00,0.0514200,0.0554000,0.0472200,0.0488700,496163073,1778140799999,2026-05-07 07:59:59,25256603.0005700,463910,249185207,12696405.0655200
1778140800000,2026-05-07 08:00:00,0.0488600,0.0537600,0.0478600,0.0497200,313708015,1778155199999,2026-05-07 11:59:59,15769054.8369600,312126,155318784,7808826.2889500
1778155200000,2026-05-07 12:00:00,0.0497000,0.0506300,0.0382000,0.0382400,377383376,1778169599999,2026-05-07 15:59:59,16529800.1128600,337339,171200764,7506463.7431100
1778169600000,2026-05-07 16:00:00,0.0382600,0.0433200,0.0378700,0.0405000,188026489,1778183999999,2026-05-07 19:59:59,7724086.7134500,181294,92058113,3786357.6643400
1778184000000,2026-05-07 20:00:00,0.0405000,0.0410900,0.0370000,0.0382900,112309489,1778198399999,2026-05-07 23:59:59,4361585.0459400,104279,50532297,1964546.3081400
1778198400000,2026-05-08 00:00:00,0.0382900,0.0388500,0.0355100,0.0367200,144455129,1778212799999,2026-05-08 03:59:59,5346819.2902300,130873,68250675,2528801.9348900
1778212800000,2026-05-08 04:00:00,0.0367200,0.0393600,0.0363700,0.0377900,145135002,1778227199999,2026-05-08 07:59:59,5476732.3129500,134961,72197368,2724987.9563800
1778227200000,2026-05-08 08:00:00,0.0377800,0.0410600,0.0368000,0.0396300,147422215,1778241599999,2026-05-08 11:59:59,5685461.3293700,134474,72465637,2798345.3199700
1778241600000,2026-05-08 12:00:00,0.0396400,0.0401300,0.0365500,0.0371100,144305736,1778255999999,2026-05-08 15:59:59,5542087.9983800,124705,65272168,2510602.4081600
1778256000000,2026-05-08 16:00:00,0.0371100,0.0391400,0.0364600,0.0387800,66807527,1778270399999,2026-05-08 19:59:59,2538644.1757300,62104,31305277,1189856.6301400
1778270400000,2026-05-08 20:00:00,0.0387600,0.0395000,0.0375500,0.0388400,35454791,1778284799999,2026-05-08 23:59:59,1372725.3003100,38147,16574002,642160.3587200
1778284800000,2026-05-09 00:00:00,0.0388500,0.0396900,0.0356700,0.0370600,73417010,1778299199999,2026-05-09 03:59:59,2752504.9718300,64995,34506841,1295342.0445300
1778299200000,2026-05-09 04:00:00,0.0370800,0.0373500,0.0336000,0.0340800,94064731,1778313599999,2026-05-09 07:59:59,3320888.9238200,69263,37867897,1337116.8403800
1778313600000,2026-05-09 08:00:00,0.0340700,0.0366000,0.0340700,0.0358100,75946562,1778327999999,2026-05-09 11:59:59,2653133.9561000,58510,38297674,1338959.3801500
1778328000000,2026-05-09 12:00:00,0.0358100,0.0368000,0.0344100,0.0350100,61712350,1778342399999,2026-05-09 15:59:59,2185316.6034800,52606,28050551,995719.9928700
1778342400000,2026-05-09 16:00:00,0.0350100,0.0366000,0.0348800,0.0360600,35245590,1778356799999,2026-05-09 19:59:59,1262218.0241100,31701,16360930,585897.2449200
1778356800000,2026-05-09 20:00:00,0.0360400,0.0377800,0.0346900,0.0364900,60105770,1778371199999,2026-05-09 23:59:59,2172457.0066700,43378,31958683,1156441.1228500
1778371200000,2026-05-10 00:00:00,0.0364900,0.0368000,0.0350800,0.0364400,26462230,1778385599999,2026-05-10 03:59:59,951139.9684000,33264,12812240,460389.6378200
1778385600000,2026-05-10 04:00:00,0.0364600,0.0372100,0.0354300,0.0365700,38741210,1778399999999,2026-05-10 07:59:59,1411879.8482300,35824,19260387,701985.5713800
1778400000000,2026-05-10 08:00:00,0.0365700,0.0396000,0.0359400,0.0375200,124136415,1778414399999,2026-05-10 11:59:59,4731187.1400900,97161,62900866,2399478.7896400
1778414400000,2026-05-10 12:00:00,0.0375100,0.0411000,0.0368300,0.0410200,117945213,1778428799999,2026-05-10 15:59:59,4627943.6284400,95446,58558909,2299404.7188600
1778428800000,2026-05-10 16:00:00,0.0410200,0.0446300,0.0394300,0.0417300,235868866,1778443199999,2026-05-10 19:59:59,9859736.2877600,176247,115272385,4816203.3753200
1778443200000,2026-05-10 20:00:00,0.0417000,0.0431100,0.0383500,0.0410500,103560611,1778457599999,2026-05-10 23:59:59,4243775.0123800,81253,48314213,1982839.4414900
1778457600000,2026-05-11 00:00:00,0.0410600,0.0411100,0.0383800,0.0390200,64615168,1778471999999,2026-05-11 03:59:59,2560583.1213000,59492,28614127,1134788.9093500
1778472000000,2026-05-11 04:00:00,0.0390200,0.0406000,0.0379000,0.0386700,50230377,1778486399999,2026-05-11 07:59:59,1965453.4204100,45276,23771165,930380.0155900
1778486400000,2026-05-11 08:00:00,0.0386700,0.0390500,0.0345900,0.0349600,101714424,1778500799999,2026-05-11 11:59:59,3723335.4889000,67103,45141745,1655866.0404800
1778500800000,2026-05-11 12:00:00,0.0349700,0.0355900,0.0338000,0.0342800,60236933,1778515199999,2026-05-11 15:59:59,2088588.5444500,44505,29083004,1009953.1787300
1778515200000,2026-05-11 16:00:00,0.0342900,0.0357000,0.0339600,0.0343900,66523398,1778529599999,2026-05-11 19:59:59,2313206.5643700,46416,33063128,1150460.9601900
1778529600000,2026-05-11 20:00:00,0.0344100,0.0345300,0.0320000,0.0327600,83102413,1778543999999,2026-05-11 23:59:59,2735707.3563000,52783,35531596,1170755.9603600
1778544000000,2026-05-12 00:00:00,0.0327400,0.0333900,0.0307300,0.0314900,92248092,1778558399999,2026-05-12 03:59:59,2920970.4279500,56694,40895315,1295158.0220700
1778558400000,2026-05-12 04:00:00,0.0315000,0.0328600,0.0310700,0.0322500,60194728,1778572799999,2026-05-12 07:59:59,1916373.3318600,40370,31346440,999423.5699000
1778572800000,2026-05-12 08:00:00,0.0322600,0.0325800,0.0315000,0.0325000,45671951,1778587199999,2026-05-12 11:59:59,1463606.0951200,32934,20036527,642668.0237900
1778587200000,2026-05-12 12:00:00,0.0325000,0.0325600,0.0305600,0.0311300,46594239,1778601599999,2026-05-12 15:59:59,1467696.1366200,30008,20386758,642984.9784100
1778601600000,2026-05-12 16:00:00,0.0311400,0.0314600,0.0302200,0.0311800,29903118,1778615999999,2026-05-12 19:59:59,923439.8561200,21018,13457610,415946.4667300
1778616000000,2026-05-12 20:00:00,0.0311900,0.0320200,0.0307500,0.0308300,25351289,1778630399999,2026-05-12 23:59:59,794597.1632900,19634,13418058,420524.8575600
1778630400000,2026-05-13 00:00:00,0.0308300,0.0318400,0.0306700,0.0315000,23346968,1778644799999,2026-05-13 03:59:59,731647.0111300,19953,12182849,381865.1066500
1778644800000,2026-05-13 04:00:00,0.0314800,0.0315200,0.0293500,0.0301500,50248146,1778659199999,2026-05-13 07:59:59,1517540.5861700,32480,22700366,686219.2339800
1778659200000,2026-05-13 08:00:00,0.0301500,0.0312000,0.0298200,0.0302200,30901710,1778673599999,2026-05-13 11:59:59,944147.0685000,22258,14488401,442739.9816100
1778673600000,2026-05-13 12:00:00,0.0302300,0.0305000,0.0276000,0.0278400,70491973,1778687999999,2026-05-13 15:59:59,2026445.5817000,41390,30298853,872002.8147000
1778688000000,2026-05-13 16:00:00,0.0278300,0.0284200,0.0273600,0.0277500,33166541,1778702399999,2026-05-13 19:59:59,924707.3276500,21047,13764687,384144.0009600
1778702400000,2026-05-13 20:00:00,0.0277400,0.0279900,0.0271100,0.0272600,23426808,1778716799999,2026-05-13 23:59:59,643778.3353100,15922,10304815,283109.8396000
1778716800000,2026-05-14 00:00:00,0.0272500,0.0286000,0.0268800,0.0271700,44712416,1778731199999,2026-05-14 03:59:59,1237593.7181300,23973,24521052,678870.3709600
1778731200000,2026-05-14 04:00:00,0.0271700,0.0276500,0.0263800,0.0268500,31191318,1778745599999,2026-05-14 07:59:59,843350.1506300,17473,15242734,412540.4505800
1778745600000,2026-05-14 08:00:00,0.0268500,0.0280900,0.0266300,0.0270800,34246875,1778759999999,2026-05-14 11:59:59,932413.5173400,20357,16043641,437642.4821000
1778760000000,2026-05-14 12:00:00,0.0270800,0.0278900,0.0267000,0.0275100,24790500,1778774399999,2026-05-14 15:59:59,675541.3314400,18633,11869696,323796.1492800
1778774400000,2026-05-14 16:00:00,0.0275200,0.0280600,0.0269400,0.0270000,22184503,1778788799999,2026-05-14 19:59:59,609462.0708300,15317,12213220,335716.3438100
1778788800000,2026-05-14 20:00:00,0.0270100,0.0277100,0.0264100,0.0270100,28042917,1778803199999,2026-05-14 23:59:59,757256.0651900,16155,14313994,386454.7664400
1778803200000,2026-05-15 00:00:00,0.0270200,0.0287500,0.0268000,0.0280400,42782424,1778817599999,2026-05-15 03:59:59,1195086.4074000,21752,22360268,624766.7428900
1778817600000,2026-05-15 04:00:00,0.0280300,0.0285400,0.0264500,0.0271500,44036350,1778831999999,2026-05-15 07:59:59,1201169.7551400,21232,21796967,594168.4708500
1778832000000,2026-05-15 08:00:00,0.0271600,0.0271600,0.0255100,0.0263200,52159281,1778846399999,2026-05-15 11:59:59,1364514.6335600,23794,22256760,582018.4767300
1778846400000,2026-05-15 12:00:00,0.0263100,0.0263400,0.0231000,0.0232500,139412208,1778860799999,2026-05-15 15:59:59,3359494.5436300,47905,65008912,1562681.7149000
1778860800000,2026-05-15 16:00:00,0.0232500,0.0237500,0.0232100,0.0233500,22238220,1778875199999,2026-05-15 19:59:59,522280.4781400,12943,10133702,238117.9979900
1778875200000,2026-05-15 20:00:00,0.0233500,0.0236700,0.0232700,0.0236200,11155832,1778889599999,2026-05-15 23:59:59,261542.7598000,7466,5368502,125884.1384500
1778889600000,2026-05-16 00:00:00,0.0236200,0.0245700,0.0233500,0.0245300,37952705,1778903999999,2026-05-16 03:59:59,903590.1977200,15069,18935872,451252.2503600
1778904000000,2026-05-16 04:00:00,0.0245200,0.0246500,0.0226800,0.0242700,56199783,1778918399999,2026-05-16 07:59:59,1341172.4374200,23176,24740218,592089.6069500
1778918400000,2026-05-16 08:00:00,0.0242700,0.0266300,0.0239600,0.0264800,69333780,1778932799999,2026-05-16 11:59:59,1749213.8209000,36833,35276960,891571.1318000
1778932800000,2026-05-16 12:00:00,0.0264700,0.0278800,0.0262700,0.0274500,199117524,1778947199999,2026-05-16 15:59:59,5432238.4134900,75606,95460015,2604495.2024300
1778947200000,2026-05-16 16:00:00,0.0274500,0.0275400,0.0258200,0.0270200,148211681,1778961599999,2026-05-16 19:59:59,3954150.4971000,58407,72001009,1920666.9373900
1778961600000,2026-05-16 20:00:00,0.0270000,0.0283500,0.0265400,0.0269300,102029688,1778975999999,2026-05-16 23:59:59,2785079.0210900,47578,52090939,1423196.7602000
1778976000000,2026-05-17 00:00:00,0.0269200,0.0275300,0.0253400,0.0265200,132696739,1778990399999,2026-05-17 03:59:59,3531178.6673900,55261,63510659,1691139.3976800
1778990400000,2026-05-17 04:00:00,0.0265100,0.0269600,0.0259800,0.0267700,61526573,1779004799999,2026-05-17 07:59:59,1633897.5622000,27755,29664127,788279.6144200
1779004800000,2026-05-17 08:00:00,0.0267800,0.0269400,0.0258900,0.0267000,36853474,1779019199999,2026-05-17 11:59:59,971731.2946000,20525,17894387,472371.6510100
1779019200000,2026-05-17 12:00:00,0.0267000,0.0341100,0.0266400,0.0325000,301443112,1779033599999,2026-05-17 15:59:59,9455270.2629400,134535,142529140,4457790.6571600
1779033600000,2026-05-17 16:00:00,0.0324900,0.0339800,0.0288300,0.0292900,271623059,1779047999999,2026-05-17 19:59:59,8468019.2305900,123170,129864026,4050649.2492700
1779048000000,2026-05-17 20:00:00,0.0292800,0.0299200,0.0264600,0.0273200,80534541,1779062399999,2026-05-17 23:59:59,2282606.6942400,41702,34144950,972232.2002100
1779062400000,2026-05-18 00:00:00,0.0273100,0.0283500,0.0261300,0.0274200,75290466,1779076799999,2026-05-18 03:59:59,2047383.7481700,44408,36814471,1001849.6236500
1779076800000,2026-05-18 04:00:00,0.0274200,0.0301600,0.0274100,0.0299500,110319191,1779091199999,2026-05-18 07:59:59,3195785.2606400,69642,57932510,1678617.1561300
1779091200000,2026-05-18 08:00:00,0.0299600,0.0313500,0.0292500,0.0300100,167798067,1779105599999,2026-05-18 11:59:59,5111324.8710300,92146,80855694,2466171.6984800
1779105600000,2026-05-18 12:00:00,0.0300200,0.0309900,0.0292200,0.0307900,87870149,1779119999999,2026-05-18 15:59:59,2634031.8167500,54226,42370474,1271431.8476400
1779120000000,2026-05-18 16:00:00,0.0307900,0.0309900,0.0295500,0.0306000,38592052,1779134399999,2026-05-18 19:59:59,1161677.5194500,28097,17683451,532281.0037800
1779134400000,2026-05-18 20:00:00,0.0306100,0.0309700,0.0298200,0.0302200,23037006,1779148799999,2026-05-18 23:59:59,698341.6120300,16957,10717745,324851.8991300
1779148800000,2026-05-19 00:00:00,0.0302100,0.0311700,0.0285100,0.0286600,64523263,1779163199999,2026-05-19 03:59:59,1919180.0721100,36388,28104373,838336.4315000
1779163200000,2026-05-19 04:00:00,0.0286700,0.0295300,0.0283600,0.0294000,35290634,1779177599999,2026-05-19 07:59:59,1026591.7345000,24194,16942097,492956.5956400
1779177600000,2026-05-19 08:00:00,0.0293900,0.0296500,0.0278200,0.0280800,41786043,1779191999999,2026-05-19 11:59:59,1197480.8685700,26988,18923122,542493.8553700
1779192000000,2026-05-19 12:00:00,0.0280800,0.0284700,0.0267200,0.0274300,40886884,1779206399999,2026-05-19 15:59:59,1126338.0095900,23456,19174074,529154.8875300
1779206400000,2026-05-19 16:00:00,0.0274300,0.0276600,0.0263100,0.0264800,25005765,1779220799999,2026-05-19 19:59:59,672546.4578100,14083,10669447,287174.2903300
1779220800000,2026-05-19 20:00:00,0.0264800,0.0276600,0.0264400,0.0271400,18958056,1779235199999,2026-05-19 23:59:59,511093.5740100,10508,11507621,310259.1492800
1779235200000,2026-05-20 00:00:00,0.0271400,0.0281000,0.0270800,0.0275200,18117441,1779249599999,2026-05-20 03:59:59,498871.0116200,11959,8420050,232006.0027900
1779249600000,2026-05-20 04:00:00,0.0275300,0.0289600,0.0272700,0.0284200,34478966,1779263999999,2026-05-20 07:59:59,974800.1549100,20303,17769283,502494.2124500
1779264000000,2026-05-20 08:00:00,0.0284100,0.0286700,0.0274300,0.0278700,23814417,1779278399999,2026-05-20 11:59:59,667944.6749400,14459,10605288,297726.2395100
1779278400000,2026-05-20 12:00:00,0.0278600,0.0283000,0.0271500,0.0278400,23678776,1779292799999,2026-05-20 15:59:59,655150.0528400,12725,10799878,299398.5264700
1779292800000,2026-05-20 16:00:00,0.0278300,0.0284900,0.0271400,0.0278100,22172338,1779307199999,2026-05-20 19:59:59,613868.7010400,13779,10650802,295171.4728500
1779307200000,2026-05-20 20:00:00,0.0278100,0.0278200,0.0271200,0.0274500,8319719,1779321599999,2026-05-20 23:59:59,228310.2917000,5502,4085960,112094.9021400
1779321600000,2026-05-21 00:00:00,0.0274500,0.0283200,0.0274100,0.0280500,10358864,1779335999999,2026-05-21 03:59:59,289879.2723200,6381,5845288,163585.6042600
1779336000000,2026-05-21 04:00:00,0.0280600,0.0282700,0.0270100,0.0271800,19063796,1779350399999,2026-05-21 07:59:59,523697.5716000,9449,8953782,246257.7475700
1779350400000,2026-05-21 08:00:00,0.0271900,0.0279600,0.0262300,0.0263800,23945977,1779364799999,2026-05-21 11:59:59,648823.2245900,11179,10843908,294495.6113600
1779364800000,2026-05-21 12:00:00,0.0264000,0.0271500,0.0261000,0.0266000,23436595,1779379199999,2026-05-21 15:59:59,622494.9138300,10059,11003878,292511.3641500
1779379200000,2026-05-21 16:00:00,0.0266000,0.0272800,0.0265300,0.0270700,13776864,1779393599999,2026-05-21 19:59:59,371375.5837600,7695,7463321,201096.3246200
1779393600000,2026-05-21 20:00:00,0.0270700,0.0277700,0.0269000,0.0276700,13057926,1779407999999,2026-05-21 23:59:59,355684.0589200,9210,6471624,176514.3165200
1779408000000,2026-05-22 00:00:00,0.0276800,0.0308800,0.0274700,0.0295300,59482050,1779422399999,2026-05-22 03:59:59,1750613.7450900,30717,30400383,893728.6652400
1779422400000,2026-05-22 04:00:00,0.0295200,0.0297300,0.0281700,0.0287500,37012135,1779436799999,2026-05-22 07:59:59,1069230.9020000,18437,17290658,500122.3036700
1779436800000,2026-05-22 08:00:00,0.0287500,0.0291600,0.0280100,0.0290500,20697310,1779451199999,2026-05-22 11:59:59,590541.3153100,12131,9549317,272711.0665900
1779451200000,2026-05-22 12:00:00,0.0290700,0.0319200,0.0286400,0.0313100,109758227,1779465599999,2026-05-22 15:59:59,3367364.5674200,50278,53748287,1651786.6803900
1779465600000,2026-05-22 16:00:00,0.0312900,0.0323400,0.0293500,0.0300300,95833316,1779479999999,2026-05-22 19:59:59,2940232.3176900,47396,45513484,1399818.9732200
1779480000000,2026-05-22 20:00:00,0.0300200,0.0304600,0.0277200,0.0280800,48356140,1779494399999,2026-05-22 23:59:59,1406525.2326900,24438,20646608,601407.4876500
1779494400000,2026-05-23 00:00:00,0.0280800,0.0316700,0.0272400,0.0311900,57131717,1779508799999,2026-05-23 03:59:59,1678176.6174200,31870,29238612,859526.6274500
1779508800000,2026-05-23 04:00:00,0.0312000,0.0320600,0.0294600,0.0302400,57398579,1779523199999,2026-05-23 07:59:59,1765282.2522800,34722,27058501,833632.1555700
1779523200000,2026-05-23 08:00:00,0.0302500,0.0305700,0.0288300,0.0291000,38424328,1779537599999,2026-05-23 11:59:59,1142751.7687400,22003,16959108,505259.0296300
1779537600000,2026-05-23 12:00:00,0.0291000,0.0302200,0.0285400,0.0295800,28533373,1779551999999,2026-05-23 15:59:59,836996.0809500,17386,14994212,440163.6495000
1779552000000,2026-05-23 16:00:00,0.0295800,0.0308400,0.0291900,0.0304600,23458491,1779566399999,2026-05-23 19:59:59,704965.3284500,15081,12484105,375667.0315500
1779566400000,2026-05-23 20:00:00,0.0304800,0.0311100,0.0302200,0.0305900,15786556,1779580799999,2026-05-23 23:59:59,483878.6471300,11791,7439395,228130.0559300
1779580800000,2026-05-24 00:00:00,0.0306000,0.0311200,0.0291300,0.0295600,33809697,1779595199999,2026-05-24 03:59:59,1013456.1727500,19798,16616450,497704.5406600
1779595200000,2026-05-24 04:00:00,0.0295700,0.0299000,0.0288200,0.0291300,16666755,1779609599999,2026-05-24 07:59:59,488925.9737700,11041,7638794,224238.0089800
1779609600000,2026-05-24 08:00:00,0.0291200,0.0330700,0.0290300,0.0304700,60292797,1779623999999,2026-05-24 11:59:59,1860808.1413100,34501,30043097,927339.8338700
1779624000000,2026-05-24 12:00:00,0.0304600,0.0310000,0.0291600,0.0294100,32754767,1779638399999,2026-05-24 15:59:59,983953.0865300,22180,17070758,513487.4942800
1779638400000,2026-05-24 16:00:00,0.0294000,0.0302800,0.0292000,0.0293000,15394090,1779652799999,2026-05-24 19:59:59,456935.0515400,11640,7486618,222316.7413500
1779652800000,2026-05-24 20:00:00,0.0293000,0.0295300,0.0281500,0.0285100,18859450,1779667199999,2026-05-24 23:59:59,541303.8056900,12629,9171402,263093.5219900
1779667200000,2026-05-25 00:00:00,0.0285100,0.0290800,0.0277100,0.0283000,29351343,1779681599999,2026-05-25 03:59:59,832648.3128400,15858,13080254,371447.4155100
1779681600000,2026-05-25 04:00:00,0.0282900,0.0288300,0.0280500,0.0283800,12203256,1779695999999,2026-05-25 07:59:59,347074.3858400,7572,5684442,161683.6822500
1779696000000,2026-05-25 08:00:00,0.0283800,0.0291000,0.0283500,0.0284400,11940984,1779710399999,2026-05-25 11:59:59,342051.2447500,8108,5967330,170981.5814400
1779710400000,2026-05-25 12:00:00,0.0284300,0.0285600,0.0273300,0.0279800,26278966,1779724799999,2026-05-25 15:59:59,735151.6495000,15003,12259091,342969.4561400
1779724800000,2026-05-25 16:00:00,0.0279900,0.0280100,0.0266600,0.0271000,18261798,1779739199999,2026-05-25 19:59:59,499754.3136100,11862,7723518,211470.8065000
1779739200000,2026-05-25 20:00:00,0.0271000,0.0286000,0.0270500,0.0274100,51455877,1779753599999,2026-05-25 23:59:59,1439877.6649600,18151,29331979,821695.2938300
1779753600000,2026-05-26 00:00:00,0.0274500,0.0274600,0.0246600,0.0255000,58668013,1779767999999,2026-05-26 03:59:59,1503816.2293800,22425,24897136,638219.2746900
1779768000000,2026-05-26 04:00:00,0.0255000,0.0258900,0.0253800,0.0256500,14868648,1779782399999,2026-05-26 07:59:59,381304.2969700,9211,7080734,181665.4166500
1779782400000,2026-05-26 08:00:00,0.0256400,0.0261300,0.0245500,0.0258500,46795381,1779796799999,2026-05-26 11:59:59,1183915.1805200,17741,21099762,535002.5871200
1779796800000,2026-05-26 12:00:00,0.0258500,0.0263700,0.0244900,0.0251100,38746355,1779811199999,2026-05-26 15:59:59,984630.6534600,12907,20062357,509032.1812800
1779811200000,2026-05-26 16:00:00,0.0251100,0.0254600,0.0242200,0.0246700,20870437,1779825599999,2026-05-26 19:59:59,517502.2099600,14008,8599363,213354.0748100
1779825600000,2026-05-26 20:00:00,0.0246800,0.0249300,0.0241800,0.0243700,16323055,1779839999999,2026-05-26 23:59:59,401127.8712700,11439,7196191,176929.2567100
1779840000000,2026-05-27 00:00:00,0.0243800,0.0246100,0.0239400,0.0240400,11977770,1779854399999,2026-05-27 03:59:59,290517.4761700,7278,5449788,132301.2575200
1779854400000,2026-05-27 04:00:00,0.0240500,0.0242900,0.0233500,0.0236500,16183997,1779868799999,2026-05-27 07:59:59,384711.8944500,8142,6259639,149022.6888000
1779868800000,2026-05-27 08:00:00,0.0236600,0.0243500,0.0236500,0.0241800,16399261,1779883199999,2026-05-27 11:59:59,394826.0122400,8856,8940181,215405.6062300
1779883200000,2026-05-27 12:00:00,0.0241700,0.0247100,0.0239200,0.0244000,12825177,1779897599999,2026-05-27 15:59:59,311976.5457500,7232,7080462,172363.6836200
1779897600000,2026-05-27 16:00:00,0.0244000,0.0246300,0.0239300,0.0241900,13258466,1779911999999,2026-05-27 19:59:59,321569.6497500,7530,5679753,137807.1572300
1779912000000,2026-05-27 20:00:00,0.0241900,0.0242000,0.0226400,0.0233600,22167240,1779926399999,2026-05-27 23:59:59,519412.0547000,9130,8668594,203720.0076100
1779926400000,2026-05-28 00:00:00,0.0233500,0.0237800,0.0209100,0.0213500,57030806,1779940799999,2026-05-28 03:59:59,1265428.1966000,17316,25185785,559642.6363900
1779940800000,2026-05-28 04:00:00,0.0213400,0.0218800,0.0207600,0.0215700,40113409,1779955199999,2026-05-28 07:59:59,853422.2892600,15828,20458635,435360.7945300
1779955200000,2026-05-28 08:00:00,0.0215600,0.0216300,0.0204400,0.0209100,22405664,1779969599999,2026-05-28 11:59:59,471720.0591500,9226,9583917,202130.5215500
1779969600000,2026-05-28 12:00:00,0.0208900,0.0210600,0.0203400,0.0204300,21564508,1779983999999,2026-05-28 15:59:59,445592.2445500,9442,10017657,206957.4812600
1779984000000,2026-05-28 16:00:00,0.0204200,0.0210500,0.0202100,0.0202400,18833463,1779998399999,2026-05-28 19:59:59,387665.5866900,8531,8964595,184622.7110900
1779998400000,2026-05-28 20:00:00,0.0202400,0.0204000,0.0200000,0.0201300,18803677,1780012799999,2026-05-28 23:59:59,379396.9301200,7521,8630372,174223.0773100
1780012800000,2026-05-29 00:00:00,0.0201200,0.0208500,0.0199500,0.0201200,23233440,1780027199999,2026-05-29 03:59:59,474466.4835500,9708,11466612,234456.2009100
1780027200000,2026-05-29 04:00:00,0.0201100,0.0203400,0.0197800,0.0203400,21746848,1780041599999,2026-05-29 07:59:59,435900.4841200,9675,10083045,202344.8847800
1780041600000,2026-05-29 08:00:00,0.0203200,0.0209800,0.0199800,0.0207200,17410980,1780055999999,2026-05-29 11:59:59,356861.9590800,8446,8706669,178757.7425900
1780056000000,2026-05-29 12:00:00,0.0207100,0.0213600,0.0199400,0.0213000,23516766,1780070399999,2026-05-29 15:59:59,485981.8121800,9886,12016916,248452.4245200
1780070400000,2026-05-29 16:00:00,0.0213200,0.0224100,0.0206300,0.0208700,34629546,1780084799999,2026-05-29 19:59:59,747283.2386400,14189,16130064,348333.7259200
1780084800000,2026-05-29 20:00:00,0.0208800,0.0210400,0.0201900,0.0203500,15257661,1780099199999,2026-05-29 23:59:59,314789.3370800,6178,6416480,132610.4047000
1780099200000,2026-05-30 00:00:00,0.0203500,0.0216300,0.0202100,0.0209500,19655673,1780113599999,2026-05-30 03:59:59,412575.6292300,8508,10222981,214378.5548000
1780113600000,2026-05-30 04:00:00,0.0209600,0.0224500,0.0208700,0.0217500,31403427,1780127999999,2026-05-30 07:59:59,680450.3708200,13974,16175444,349864.6009100
1780128000000,2026-05-30 08:00:00,0.0217600,0.0220100,0.0211500,0.0216000,21162038,1780142399999,2026-05-30 11:59:59,456152.3634900,9253,9862902,212786.4735600
1780142400000,2026-05-30 12:00:00,0.0215900,0.0216500,0.0210600,0.0213100,17537136,1780156799999,2026-05-30 15:59:59,374235.0875200,7224,8453140,180458.9005500
1780156800000,2026-05-30 16:00:00,0.0213100,0.0217400,0.0211700,0.0215400,12437103,1780171199999,2026-05-30 19:59:59,266929.8700300,5811,6232849,133756.3109300
1780171200000,2026-05-30 20:00:00,0.0215500,0.0215600,0.0208800,0.0210800,12184218,1780185599999,2026-05-30 23:59:59,257680.8681700,6611,5827387,123226.6318700
1780185600000,2026-05-31 00:00:00,0.0210800,0.0216200,0.0209800,0.0212800,11949864,1780199999999,2026-05-31 03:59:59,255207.2501500,5436,5431541,116000.6980900
1780200000000,2026-05-31 04:00:00,0.0212700,0.0213300,0.0203100,0.0206300,20410571,1780214399999,2026-05-31 07:59:59,425318.7452700,7971,10466400,218637.9114500
1780214400000,2026-05-31 08:00:00,0.0206100,0.0217600,0.0206000,0.0217100,28243648,1780228799999,2026-05-31 11:59:59,596280.0736500,10386,14453650,304531.2241500
1780228800000,2026-05-31 12:00:00,0.0217000,0.0240500,0.0215700,0.0229500,112631882,1780243199999,2026-05-31 15:59:59,2590807.8228000,40975,56782093,1305680.2244800
1780243200000,2026-05-31 16:00:00,0.0229400,0.0244800,0.0228800,0.0239000,45161510,1780257599999,2026-05-31 19:59:59,1071837.4245500,18536,22081176,524407.4922900
1780257600000,2026-05-31 20:00:00,0.0238800,0.0241900,0.0230700,0.0238400,26971203,1780271999999,2026-05-31 23:59:59,640294.1661200,12793,12532599,297660.4668400
1780272000000,2026-06-01 00:00:00,0.0238500,0.0302200,0.0237400,0.0285700,259467004,1780286399999,2026-06-01 03:59:59,7300775.8455200,95997,119429335,3352349.1324500
1780286400000,2026-06-01 04:00:00,0.0285500,0.0311600,0.0247800,0.0263600,318066949,1780300799999,2026-06-01 07:59:59,8967857.5592800,122547,151673129,4282571.4541200
1780300800000,2026-06-01 08:00:00,0.0263700,0.0274800,0.0243500,0.0247300,113811768,1780315199999,2026-06-01 11:59:59,2958760.0134400,48579,50793836,1323374.7525600
1780315200000,2026-06-01 12:00:00,0.0247300,0.0256100,0.0245700,0.0252500,48459457,1780329599999,2026-06-01 15:59:59,1215556.6713600,21715,22239605,558331.9417600
1780329600000,2026-06-01 16:00:00,0.0252500,0.0262100,0.0251400,0.0261700,33621953,1780343999999,2026-06-01 19:59:59,866520.6761800,15512,16430288,423743.3008500
1780344000000,2026-06-01 20:00:00,0.0261600,0.0262500,0.0251600,0.0259300,16236159,1780358399999,2026-06-01 23:59:59,417322.8752200,9782,7678531,197703.0915000
1780358400000,2026-06-02 00:00:00,0.0259100,0.0261000,0.0234500,0.0240500,44161818,1780372799999,2026-06-02 03:59:59,1079271.6157800,23554,17964647,438401.6713500
1780372800000,2026-06-02 04:00:00,0.0240500,0.0258600,0.0235500,0.0252500,46267548,1780387199999,2026-06-02 07:59:59,1142816.4434700,21667,24999760,618989.8727400
1780387200000,2026-06-02 08:00:00,0.0252600,0.0254000,0.0242100,0.0244600,18627367,1780401599999,2026-06-02 11:59:59,460351.8498900,12818,7834501,193787.4096100
1780401600000,2026-06-02 12:00:00,0.0244500,0.0245900,0.0222000,0.0227200,35874366,1780415999999,2026-06-02 15:59:59,835871.4845300,19165,14014307,327071.2130000
1780416000000,2026-06-02 16:00:00,0.0227200,0.0232400,0.0218900,0.0224400,23751098,1780430399999,2026-06-02 19:59:59,539112.1818800,14989,11981324,272704.7304900
1780430400000,2026-06-02 20:00:00,0.0224400,0.0226900,0.0216900,0.0221400,18836623,1780444799999,2026-06-02 23:59:59,418755.7569900,12204,9727619,216718.3295100
1780444800000,2026-06-03 00:00:00,0.0221400,0.0245300,0.0221000,0.0235300,66791925,1780459199999,2026-06-03 03:59:59,1592407.6048600,23147,38281464,913364.4438400
1780459200000,2026-06-03 04:00:00,0.0235400,0.0246400,0.0235400,0.0242700,25114678,1780473599999,2026-06-03 07:59:59,607207.5745900,15202,12039415,291191.9119700
1780473600000,2026-06-03 08:00:00,0.0242800,0.0249700,0.0238500,0.0244900,17436358,1780487999999,2026-06-03 11:59:59,425997.4216600,10295,7990953,195127.4632200
1780488000000,2026-06-03 12:00:00,0.0245000,0.0245900,0.0235700,0.0237800,17171472,1780502399999,2026-06-03 15:59:59,414501.2745300,9880,7306457,176541.7281400
1780502400000,2026-06-03 16:00:00,0.0237900,0.0238500,0.0218500,0.0220300,29258423,1780516799999,2026-06-03 19:59:59,664160.1577900,17648,12364416,279939.8249900
1780516800000,2026-06-03 20:00:00,0.0220100,0.0236400,0.0215600,0.0229300,22668291,1780531199999,2026-06-03 23:59:59,516237.5404200,12266,12788374,291245.6634000
1780531200000,2026-06-04 00:00:00,0.0229600,0.0232800,0.0200000,0.0216900,58089940,1780545599999,2026-06-04 03:59:59,1240867.0691500,23100,25708906,551894.0638400
1780545600000,2026-06-04 04:00:00,0.0216700,0.0218000,0.0208200,0.0208500,18837406,1780559999999,2026-06-04 07:59:59,401398.5362200,9066,8964209,191246.0915700
1780560000000,2026-06-04 08:00:00,0.0208600,0.0211200,0.0199600,0.0203100,21342050,1780574399999,2026-06-04 11:59:59,434803.2479700,10300,10144869,206904.4096900
1780574400000,2026-06-04 12:00:00,0.0203000,0.0211700,0.0200800,0.0206800,22985412,1780588799999,2026-06-04 15:59:59,476989.3642800,10236,11202083,232847.5653300
1780588800000,2026-06-04 16:00:00,0.0206800,0.0207800,0.0200100,0.0202400,20780621,1780603199999,2026-06-04 19:59:59,423013.1693700,9403,11698135,238278.9048900
1780603200000,2026-06-04 20:00:00,0.0202200,0.0202600,0.0191600,0.0198400,26006781,1780617599999,2026-06-04 23:59:59,510303.2394000,9536,13586527,266723.8719100
1780617600000,2026-06-05 00:00:00,0.0198500,0.0200700,0.0187800,0.0191500,31244990,1780631999999,2026-06-05 03:59:59,607608.5306200,11413,16123705,313866.6158200
1780632000000,2026-06-05 04:00:00,0.0191500,0.0198800,0.0172500,0.0181600,65396529,1780646399999,2026-06-05 07:59:59,1194397.5173200,18557,29349221,536716.9200700
1780646400000,2026-06-05 08:00:00,0.0181700,0.0186700,0.0164500,0.0173100,55083283,1780660799999,2026-06-05 11:59:59,974160.0576600,14895,21267907,378183.5035900
1780660800000,2026-06-05 12:00:00,0.0173100,0.0178300,0.0168500,0.0173200,37193158,1780675199999,2026-06-05 15:59:59,647672.9142200,12298,19401744,338243.7394900
1780675200000,2026-06-05 16:00:00,0.0173100,0.0177300,0.0163400,0.0170100,33551402,1780689599999,2026-06-05 19:59:59,573085.6949500,12731,14356591,245710.1615100
1780689600000,2026-06-05 20:00:00,0.0170100,0.0177300,0.0168200,0.0171400,27670842,1780703999999,2026-06-05 23:59:59,476651.0334000,9747,13674428,235553.6067200
1780704000000,2026-06-06 00:00:00,0.0171300,0.0173900,0.0167900,0.0169400,17766898,1780718399999,2026-06-06 03:59:59,304791.0578200,7512,9944282,170771.9404700
1780718400000,2026-06-06 04:00:00,0.0169400,0.0170100,0.0157700,0.0168700,33524716,1780732799999,2026-06-06 07:59:59,548480.1557500,10829,13600712,223113.5345100
1780732800000,2026-06-06 08:00:00,0.0168800,0.0170300,0.0163700,0.0168100,17080681,1780747199999,2026-06-06 11:59:59,285299.4149700,7047,9292516,155139.5742000
1780747200000,2026-06-06 12:00:00,0.0168000,0.0185300,0.0166600,0.0184800,27475063,1780761599999,2026-06-06 15:59:59,481455.6708100,11733,14138167,248185.2017900
1780761600000,2026-06-06 16:00:00,0.0184800,0.0188400,0.0176200,0.0182500,44909003,1780775999999,2026-06-06 19:59:59,819952.9205500,16503,22040475,402848.5169200
1780776000000,2026-06-06 20:00:00,0.0182500,0.0183500,0.0177100,0.0181200,13549727,1780790399999,2026-06-06 23:59:59,243978.1623800,6982,5139509,92619.9926900
1780790400000,2026-06-07 00:00:00,0.0181300,0.0196100,0.0179400,0.0184400,29323642,1780804799999,2026-06-07 03:59:59,548782.8282300,10800,15838567,296980.8892300
1780804800000,2026-06-07 04:00:00,0.0184500,0.0188800,0.0181400,0.0182900,23695064,1780819199999,2026-06-07 07:59:59,436629.3657800,10650,11688056,215622.5511700
1780819200000,2026-06-07 08:00:00,0.0183100,0.0185700,0.0178200,0.0181500,22288720,1780833599999,2026-06-07 11:59:59,405191.1155800,8857,11027605,200644.3236100
1780833600000,2026-06-07 12:00:00,0.0181600,0.0182900,0.0176700,0.0179200,22396549,1780847999999,2026-06-07 15:59:59,402094.4834000,7721,10795339,193904.1269700
1780848000000,2026-06-07 16:00:00,0.0179200,0.0192000,0.0177200,0.0184100,47368923,1780862399999,2026-06-07 19:59:59,870863.1509700,16131,24507805,450154.9823600
1780862400000,2026-06-07 20:00:00,0.0184200,0.0200300,0.0183600,0.0191200,39777143,1780876799999,2026-06-07 23:59:59,765270.1495600,15107,19967557,383687.0115900
1780876800000,2026-06-08 00:00:00,0.0191300,0.0202500,0.0187400,0.0201300,23406128,1780891199999,2026-06-08 03:59:59,455643.3562100,12171,10640491,207144.8781000
1780891200000,2026-06-08 04:00:00,0.0201400,0.0220200,0.0197200,0.0212100,144740004,1780905599999,2026-06-08 07:59:59,3017744.6866400,42286,68210690,1422281.6975900
1780905600000,2026-06-08 08:00:00,0.0212100,0.0218200,0.0206900,0.0213500,79801884,1780919999999,2026-06-08 11:59:59,1689945.7648600,27663,38925673,824690.0601500
1780920000000,2026-06-08 12:00:00,0.0213500,0.0221000,0.0204000,0.0217600,101515827,1780934399999,2026-06-08 15:59:59,2176791.6931100,29417,51324510,1101945.8102700
1780934400000,2026-06-08 16:00:00,0.0217600,0.0234000,0.0217400,0.0226100,128739651,1780948799999,2026-06-08 19:59:59,2917174.1843300,40102,63668706,1443844.2574800
1780948800000,2026-06-08 20:00:00,0.0226200,0.0231900,0.0201700,0.0205400,86493425,1780963199999,2026-06-08 23:59:59,1845473.1949700,31744,38058134,812119.6844400
1780963200000,2026-06-09 00:00:00,0.0205400,0.0205700,0.0190200,0.0193200,53454245,1780977599999,2026-06-09 03:59:59,1056031.9525400,18501,25406969,501683.3245900
1780977600000,2026-06-09 04:00:00,0.0193300,0.0212600,0.0187700,0.0204200,69446103,1780991999999,2026-06-09 07:59:59,1395095.7466900,20096,32482318,654329.4029500
1780992000000,2026-06-09 08:00:00,0.0204300,0.0217000,0.0201300,0.0214100,59296808,1781006399999,2026-06-09 11:59:59,1241350.2566300,18459,30354998,635506.1320100
1781006400000,2026-06-09 12:00:00,0.0214100,0.0218200,0.0206100,0.0213700,51995660,1781020799999,2026-06-09 15:59:59,1097044.6470900,18898,25198276,531966.1209000
1781020800000,2026-06-09 16:00:00,0.0213500,0.0222000,0.0200900,0.0213500,67162724,1781035199999,2026-06-09 19:59:59,1422826.8408400,21471,31771772,674624.4801400
1781035200000,2026-06-09 20:00:00,0.0213500,0.0221500,0.0212100,0.0214800,19683393,1781049599999,2026-06-09 23:59:59,425823.4124400,9892,10234945,221657.1081600
1781049600000,2026-06-10 00:00:00,0.0214900,0.0215800,0.0206000,0.0208300,19964994,1781063999999,2026-06-10 03:59:59,420043.9750400,11193,9636581,203149.3454300
1781064000000,2026-06-10 04:00:00,0.0208300,0.0208800,0.0191900,0.0200900,40761193,1781078399999,2026-06-10 07:59:59,814220.7057800,17756,17840884,356236.9183100
1781078400000,2026-06-10 08:00:00,0.0200900,0.0211300,0.0197700,0.0204800,36047015,1781092799999,2026-06-10 11:59:59,741439.3723900,18174,19490846,401418.4180300
1781092800000,2026-06-10 12:00:00,0.0204800,0.0219600,0.0203500,0.0213600,38015471,1781107199999,2026-06-10 15:59:59,806360.9113200,17286,18004957,382156.4021300
1781107200000,2026-06-10 16:00:00,0.0213500,0.0215300,0.0206200,0.0209300,20468393,1781121599999,2026-06-10 19:59:59,431150.6397600,12871,10042369,211687.2589900
1781121600000,2026-06-10 20:00:00,0.0209500,0.0230100,0.0204500,0.0227200,27131906,1781135999999,2026-06-10 23:59:59,589696.3004300,13369,13404589,291317.5474800
1781136000000,2026-06-11 00:00:00,0.0226900,0.0244700,0.0222300,0.0235400,54897036,1781150399999,2026-06-11 03:59:59,1279916.3152500,18808,27751691,648109.6241200
1781150400000,2026-06-11 04:00:00,0.0235400,0.0238300,0.0227400,0.0230300,38389751,1781164799999,2026-06-11 07:59:59,895581.0775200,14219,16452994,384275.4518900
1781164800000,2026-06-11 08:00:00,0.0230400,0.0261500,0.0226000,0.0236300,125949863,1781179199999,2026-06-11 11:59:59,3066001.3199100,35702,57797584,1408403.6859400
1781179200000,2026-06-11 12:00:00,0.0236300,0.0244700,0.0223500,0.0225200,49900415,1781193599999,2026-06-11 15:59:59,1173080.8773600,18473,23327363,549370.1189400
1781193600000,2026-06-11 16:00:00,0.0224900,0.0236800,0.0224900,0.0231400,27606514,1781207999999,2026-06-11 19:59:59,637784.7633900,11498,13747583,317740.5835100
1781208000000,2026-06-11 20:00:00,0.0231400,0.0236200,0.0228500,0.0233900,13567506,1781222399999,2026-06-11 23:59:59,314719.2075600,6955,6567534,152286.9601100
1781222400000,2026-06-12 00:00:00,0.0234100,0.0240800,0.0220800,0.0239100,46594530,1781236799999,2026-06-12 03:59:59,1094056.1271600,12803,26887638,632882.4568600
1781236800000,2026-06-12 04:00:00,0.0239200,0.0250200,0.0233000,0.0240400,188974858,1781251199999,2026-06-12 07:59:59,4604196.3866500,37856,111117747,2707906.7383800
1781251200000,2026-06-12 08:00:00,0.0240300,0.0247700,0.0234600,0.0244900,40360297,1781265599999,2026-06-12 11:59:59,977953.2469100,13562,19094767,463158.6091300
1781265600000,2026-06-12 12:00:00,0.0244800,0.0251200,0.0241900,0.0242900,47248387,1781279999999,2026-06-12 15:59:59,1164259.4722800,15652,27019483,666560.7653900
1781280000000,2026-06-12 16:00:00,0.0242700,0.0250000,0.0239300,0.0245100,36835540,1781294399999,2026-06-12 19:59:59,909005.4486900,12113,20050906,494923.0254000
1781294400000,2026-06-12 20:00:00,0.0245300,0.0261500,0.0240200,0.0247300,62263418,1781308799999,2026-06-12 23:59:59,1561710.5179600,18009,37155852,932426.9277900
1781308800000,2026-06-13 00:00:00,0.0247500,0.0247600,0.0233000,0.0233800,30980099,1781323199999,2026-06-13 03:59:59,741358.5744200,15027,14527795,348469.7917800
1781323200000,2026-06-13 04:00:00,0.0233700,0.0238500,0.0221500,0.0225700,35874772,1781337599999,2026-06-13 07:59:59,821430.9867000,15147,16200873,372181.8794800
1781337600000,2026-06-13 08:00:00,0.0225400,0.0230800,0.0221800,0.0228100,17499226,1781351999999,2026-06-13 11:59:59,396068.2026700,8864,8519349,193076.7682100
1781352000000,2026-06-13 12:00:00,0.0228000,0.0231000,0.0222400,0.0226600,19965109,1781366399999,2026-06-13 15:59:59,452372.6145800,9708,9367133,212356.0788000
1781366400000,2026-06-13 16:00:00,0.0226500,0.0228100,0.0223000,0.0225600,13982791,1781380799999,2026-06-13 19:59:59,315847.6139500,8486,6699842,151516.9668400
1781380800000,2026-06-13 20:00:00,0.0225700,0.0227700,0.0222800,0.0224700,8376208,1781395199999,2026-06-13 23:59:59,188773.0305700,4693,3571103,80515.6609300
1781395200000,2026-06-14 00:00:00,0.0224500,0.0225200,0.0217300,0.0221400,12687327,1781409599999,2026-06-14 03:59:59,280280.4813300,5944,5842637,129191.5999300
1781409600000,2026-06-14 04:00:00,0.0221500,0.0229000,0.0218700,0.0220700,17232573,1781423999999,2026-06-14 07:59:59,384253.1806400,6808,8194933,182876.1748300
1781424000000,2026-06-14 08:00:00,0.0220900,0.0221300,0.0215200,0.0219600,13765783,1781438399999,2026-06-14 11:59:59,300355.6021800,5161,6702582,146438.1557500
1781438400000,2026-06-14 12:00:00,0.0219700,0.0222200,0.0215900,0.0221900,13231438,1781452799999,2026-06-14 15:59:59,289356.1557900,5859,6056211,132696.1827000
1781452800000,2026-06-14 16:00:00,0.0222000,0.0241400,0.0220800,0.0241200,28705684,1781467199999,2026-06-14 19:59:59,658301.8790500,12050,14829654,340208.5055300
1781467200000,2026-06-14 20:00:00,0.0241300,0.0243100,0.0231200,0.0237400,30576163,1781481599999,2026-06-14 23:59:59,722615.5207000,13322,13662091,323299.4246700
1781481600000,2026-06-15 00:00:00,0.0237400,0.0249700,0.0236200,0.0248700,28234316,1781495999999,2026-06-15 03:59:59,689324.0115000,11300,14043356,343223.9044500
1781496000000,2026-06-15 04:00:00,0.0248800,0.0259900,0.0248100,0.0257100,36576950,1781510399999,2026-06-15 07:59:59,924707.3740500,14655,17178336,434948.4058000
1781510400000,2026-06-15 08:00:00,0.0256900,0.0279900,0.0251500,0.0263400,169556032,1781524799999,2026-06-15 11:59:59,4505441.1998900,53424,79272747,2109370.5885500
1781524800000,2026-06-15 12:00:00,0.0263000,0.0269100,0.0253500,0.0261500,63395507,1781539199999,2026-06-15 15:59:59,1658624.7155500,22359,30142652,789487.2931800
1781539200000,2026-06-15 16:00:00,0.0261500,0.0265500,0.0252100,0.0253400,26319302,1781553599999,2026-06-15 19:59:59,681107.6704400,11334,12194348,315839.0419400
1781553600000,2026-06-15 20:00:00,0.0253500,0.0258900,0.0235000,0.0241000,38287323,1781567999999,2026-06-15 23:59:59,946422.7588800,14048,14926463,370027.1901100
1781568000000,2026-06-16 00:00:00,0.0241000,0.0256400,0.0239900,0.0254500,26114781,1781582399999,2026-06-16 03:59:59,647528.8934300,10179,13911719,344994.5073700
1781582400000,2026-06-16 04:00:00,0.0254400,0.0259900,0.0248400,0.0255600,23532792,1781596799999,2026-06-16 07:59:59,598687.5695000,10710,11355983,288851.3515800
1781596800000,2026-06-16 08:00:00,0.0255400,0.0262700,0.0250900,0.0259500,20254340,1781611199999,2026-06-16 11:59:59,519008.0371600,9313,10410218,267001.8574800
1781611200000,2026-06-16 12:00:00,0.0259400,0.0260300,0.0237900,0.0239400,29225052,1781625599999,2026-06-16 15:59:59,720252.2511500,12127,12964419,319258.7336700
1781625600000,2026-06-16 16:00:00,0.0239400,0.0241200,0.0231600,0.0234400,18708795,1781639999999,2026-06-16 19:59:59,440062.8954400,9551,9155799,215497.8134300
1781640000000,2026-06-16 20:00:00,0.0234300,0.0237100,0.0229600,0.0236500,14463622,1781654399999,2026-06-16 23:59:59,337550.3994600,7746,7093134,165733.5520700
1781654400000,2026-06-17 00:00:00,0.0236400,0.0239000,0.0231300,0.0231800,14028216,1781668799999,2026-06-17 03:59:59,330213.5235600,7350,6351090,149749.8288500
1781668800000,2026-06-17 04:00:00,0.0231700,0.0234100,0.0228200,0.0229900,14276810,1781683199999,2026-06-17 07:59:59,330235.7681500,7183,6593619,152660.6756000
1781683200000,2026-06-17 08:00:00,0.0230000,0.0233200,0.0224600,0.0227100,19845475,1781697599999,2026-06-17 11:59:59,453262.9821300,9091,8562418,195941.8009500
1781697600000,2026-06-17 12:00:00,0.0227100,0.0228900,0.0221000,0.0226500,17369756,1781711999999,2026-06-17 15:59:59,391272.2528900,9191,8399385,189340.8580900
1781712000000,2026-06-17 16:00:00,0.0226400,0.0232500,0.0208400,0.0210400,55580146,1781726399999,2026-06-17 19:59:59,1221443.0169600,20269,23519782,517738.4172700
1781726400000,2026-06-17 20:00:00,0.0210300,0.0215100,0.0208100,0.0212800,19468667,1781740799999,2026-06-17 23:59:59,411990.9610100,8736,10075745,213460.3965300
1781740800000,2026-06-18 00:00:00,0.0212700,0.0217500,0.0211300,0.0214600,14234387,1781755199999,2026-06-18 03:59:59,305287.3524600,5528,6519168,139816.9712100
1781755200000,2026-06-18 04:00:00,0.0214600,0.0217600,0.0210100,0.0216300,14814068,1781769599999,2026-06-18 07:59:59,316863.4513100,6617,6768964,144914.3627200
1781769600000,2026-06-18 08:00:00,0.0216200,0.0223800,0.0215600,0.0218600,21661552,1781783999999,2026-06-18 11:59:59,476178.0567300,7557,10627601,233771.1958800
1781784000000,2026-06-18 12:00:00,0.0218600,0.0220100,0.0206000,0.0207400,21846767,1781798399999,2026-06-18 15:59:59,467620.6076600,8495,9463149,202844.9001200
1781798400000,2026-06-18 16:00:00,0.0207300,0.0216900,0.0207200,0.0215900,14111035,1781812799999,2026-06-18 19:59:59,299150.5842600,6118,7520239,159733.8225400
1781812800000,2026-06-18 20:00:00,0.0215900,0.0218800,0.0213400,0.0216300,5936095,1781827199999,2026-06-18 23:59:59,128305.5374800,3425,3069134,66383.7610600
1781827200000,2026-06-19 00:00:00,0.0216200,0.0222100,0.0212500,0.0215200,12341112,1781841599999,2026-06-19 03:59:59,268908.0628500,5611,5721636,124807.6128300
1781841600000,2026-06-19 04:00:00,0.0215200,0.0216300,0.0208300,0.0210800,8176772,1781855999999,2026-06-19 07:59:59,173466.4785400,4316,3760635,79881.6835000
1781856000000,2026-06-19 08:00:00,0.0210700,0.0211800,0.0198600,0.0203000,32196296,1781870399999,2026-06-19 11:59:59,655810.4372800,8837,12366344,251878.3656400
1781870400000,2026-06-19 12:00:00,0.0203000,0.0209500,0.0198700,0.0202700,28421473,1781884799999,2026-06-19 15:59:59,582080.7489800,8565,14426126,295608.7677200
1781884800000,2026-06-19 16:00:00,0.0202600,0.0205300,0.0198600,0.0199900,14481075,1781899199999,2026-06-19 19:59:59,292352.1293600,5228,6911853,139810.5460800
1781899200000,2026-06-19 20:00:00,0.0200100,0.0201600,0.0195800,0.0197200,10342781,1781913599999,2026-06-19 23:59:59,206057.6191200,4317,4806811,95822.4959100
1781913600000,2026-06-20 00:00:00,0.0197300,0.0201400,0.0197000,0.0198700,9455665,1781927999999,2026-06-20 03:59:59,188361.6492000,3824,4487532,89467.1049500
1781928000000,2026-06-20 04:00:00,0.0198600,0.0201900,0.0197700,0.0198100,6875889,1781942399999,2026-06-20 07:59:59,137328.8001900,3759,3123853,62423.7402900
1781942400000,2026-06-20 08:00:00,0.0198100,0.0201800,0.0198000,0.0199300,10137538,1781956799999,2026-06-20 11:59:59,203050.9246500,5606,5305209,106335.3591300
1781956800000,2026-06-20 12:00:00,0.0199100,0.0204600,0.0193700,0.0204200,25141492,1781971199999,2026-06-20 15:59:59,501117.4090900,9358,13195647,263107.5428600
1781971200000,2026-06-20 16:00:00,0.0204400,0.0213600,0.0202600,0.0209700,25095610,1781985599999,2026-06-20 19:59:59,523340.2412000,10270,12693776,264599.5632200
1781985600000,2026-06-20 20:00:00,0.0209700,0.0211500,0.0204400,0.0205300,14583480,1781999999999,2026-06-20 23:59:59,303563.8214900,6591,7594815,158194.1918800
1782000000000,2026-06-21 00:00:00,0.0205300,0.0208000,0.0204400,0.0205500,6265415,1782014399999,2026-06-21 03:59:59,128921.9389300,3956,2819440,58056.3850800
1782014400000,2026-06-21 04:00:00,0.0205600,0.0207500,0.0202600,0.0203400,6816502,1782028799999,2026-06-21 07:59:59,139491.6949100,4156,3451258,70677.1975500
1782028800000,2026-06-21 08:00:00,0.0203100,0.0206200,0.0201200,0.0205100,9707462,1782043199999,2026-06-21 11:59:59,197725.8648500,5317,5445575,110961.4681700
1782043200000,2026-06-21 12:00:00,0.0205300,0.0208100,0.0202900,0.0206000,11169388,1782057599999,2026-06-21 15:59:59,229526.3209900,4842,5292796,108792.4239000
1782057600000,2026-06-21 16:00:00,0.0205900,0.0211200,0.0205000,0.0207700,13375647,1782071999999,2026-06-21 19:59:59,278488.2958600,6170,6805172,141789.9785900
1782072000000,2026-06-21 20:00:00,0.0207700,0.0207800,0.0199000,0.0200900,11821176,1782086399999,2026-06-21 23:59:59,239735.7088700,5145,5516307,112006.9217500
1782086400000,2026-06-22 00:00:00,0.0200700,0.0215100,0.0200700,0.0214800,14156386,1782100799999,2026-06-22 03:59:59,293491.8871200,5854,7818241,162245.1108200
1782100800000,2026-06-22 04:00:00,0.0214900,0.0218300,0.0210000,0.0211800,21428281,1782115199999,2026-06-22 07:59:59,457136.0541800,9325,9586471,204758.4877100
1782115200000,2026-06-22 08:00:00,0.0211500,0.0215500,0.0208000,0.0214200,12149156,1782129599999,2026-06-22 11:59:59,257218.9846500,5166,5480342,116077.9889000
1782129600000,2026-06-22 12:00:00,0.0214100,0.0216800,0.0209200,0.0209900,18276739,1782143999999,2026-06-22 15:59:59,389209.4398500,6506,9191372,195912.8136000
1782144000000,2026-06-22 16:00:00,0.0209900,0.0210100,0.0200500,0.0201100,15202767,1782158399999,2026-06-22 19:59:59,310936.5310900,6336,6558419,134188.9925800
1782158400000,2026-06-22 20:00:00,0.0201300,0.0203700,0.0195700,0.0198100,11138589,1782172799999,2026-06-22 23:59:59,222320.7278000,4186,4109279,82043.2602200
1782172800000,2026-06-23 00:00:00,0.0198100,0.0200400,0.0196500,0.0199100,7149081,1782187199999,2026-06-23 03:59:59,141883.3558100,4084,3116594,61894.2922100
1782187200000,2026-06-23 04:00:00,0.0199100,0.0199300,0.0186800,0.0188400,21427959,1782201599999,2026-06-23 07:59:59,409329.9361400,7467,8957261,171135.4578800
1782201600000,2026-06-23 08:00:00,0.0188400,0.0197200,0.0183500,0.0195200,23500146,1782215999999,2026-06-23 11:59:59,448798.8901300,7147,12713825,243327.3341100
1782216000000,2026-06-23 12:00:00,0.0195200,0.0202800,0.0195200,0.0198000,16648267,1782230399999,2026-06-23 15:59:59,331346.4570400,5334,7869809,156713.5136400
1782230400000,2026-06-23 16:00:00,0.0197900,0.0199500,0.0194600,0.0196600,7402233,1782244799999,2026-06-23 19:59:59,145786.2491400,4054,3640508,71801.2725400
1782244800000,2026-06-23 20:00:00,0.0196600,0.0201400,0.0195600,0.0197800,9038106,1782259199999,2026-06-23 23:59:59,179634.1588100,4420,4832386,96152.3959500
1782259200000,2026-06-24 00:00:00,0.0197800,0.0198000,0.0193600,0.0194500,6942834,1782273599999,2026-06-24 03:59:59,135645.2805100,3210,3790541,74127.6057400
1782273600000,2026-06-24 04:00:00,0.0194500,0.0202900,0.0192500,0.0195300,16638609,1782287999999,2026-06-24 07:59:59,327405.8968100,5533,8434222,165959.3001900
1782288000000,2026-06-24 08:00:00,0.0195100,0.0195700,0.0190100,0.0193400,9976196,1782302399999,2026-06-24 11:59:59,192387.1660800,3617,4879565,94233.4578000
1782302400000,2026-06-24 12:00:00,0.0193400,0.0194800,0.0184500,0.0185600,17464212,1782316799999,2026-06-24 15:59:59,330831.3183000,4605,7438520,141105.9798300
1782316800000,2026-06-24 16:00:00,0.0185500,0.0187700,0.0173700,0.0181000,32608482,1782331199999,2026-06-24 19:59:59,583648.7704200,7706,14025265,251025.0785500
1782331200000,2026-06-24 20:00:00,0.0181100,0.0200900,0.0180300,0.0190400,25571600,1782345599999,2026-06-24 23:59:59,489380.6300200,6831,13820877,263594.3667500
1782345600000,2026-06-25 00:00:00,0.0190400,0.0191000,0.0187400,0.0188500,11705879,1782359999999,2026-06-25 03:59:59,221724.1998300,3143,4911383,93102.0070500
1782360000000,2026-06-25 04:00:00,0.0188400,0.0192000,0.0187700,0.0189100,8901107,1782374399999,2026-06-25 07:59:59,168816.9377400,2978,3684574,69906.7511300
1782374400000,2026-06-25 08:00:00,0.0189200,0.0190600,0.0185800,0.0187400,8630542,1782388799999,2026-06-25 11:59:59,162755.3753500,3427,4264045,80427.9105600
1782388800000,2026-06-25 12:00:00,0.0187400,0.0189300,0.0171100,0.0181600,27547986,1782403199999,2026-06-25 15:59:59,495767.2212300,6801,13506296,243476.9967100
1782403200000,2026-06-25 16:00:00,0.0181500,0.0183800,0.0179800,0.0181300,9310069,1782417599999,2026-06-25 19:59:59,169418.6812500,3431,4380942,79722.8649000
1782417600000,2026-06-25 20:00:00,0.0181400,0.0185400,0.0178200,0.0181900,10775581,1782431999999,2026-06-25 23:59:59,196086.6957600,3620,5089313,92672.3130900
1782432000000,2026-06-26 00:00:00,0.0181800,0.0184800,0.0176700,0.0184600,12054960,1782446399999,2026-06-26 03:59:59,218061.6685400,4219,6296806,113856.0243800
1782446400000,2026-06-26 04:00:00,0.0184700,0.0188700,0.0182100,0.0186000,9601146,1782460799999,2026-06-26 07:59:59,177374.3323800,3135,4448442,82233.3822300
1782460800000,2026-06-26 08:00:00,0.0185900,0.0191500,0.0183800,0.0185200,15321530,1782475199999,2026-06-26 11:59:59,286779.5403800,5362,7604173,142369.5311400
1782475200000,2026-06-26 12:00:00,0.0185300,0.0199300,0.0182000,0.0195900,20936388,1782489599999,2026-06-26 15:59:59,399783.3669400,6593,11326858,216228.2185100
1782489600000,2026-06-26 16:00:00,0.0196100,0.0197000,0.0190900,0.0191600,12266426,1782503999999,2026-06-26 19:59:59,236470.8501900,4949,5526145,106621.5753500
1782504000000,2026-06-26 20:00:00,0.0191500,0.0194600,0.0188700,0.0191300,7633974,1782518399999,2026-06-26 23:59:59,146090.4694000,3316,3269004,62728.3214400
1782518400000,2026-06-27 00:00:00,0.0191200,0.0193500,0.0189400,0.0190500,5055407,1782532799999,2026-06-27 03:59:59,96593.4736400,2932,2513406,48049.0760300
1782532800000,2026-06-27 04:00:00,0.0190400,0.0192900,0.0186900,0.0191500,10942139,1782547199999,2026-06-27 07:59:59,207885.6055300,4247,6015978,114340.3830200
1782547200000,2026-06-27 08:00:00,0.0191400,0.0196600,0.0188700,0.0193300,15165577,1782561599999,2026-06-27 11:59:59,292800.9511000,4930,8334407,160979.9080900
1782561600000,2026-06-27 12:00:00,0.0193200,0.0196000,0.0192700,0.0194400,8775826,1782575999999,2026-06-27 15:59:59,170747.0274000,3955,3614203,70326.8393200
1782576000000,2026-06-27 16:00:00,0.0194500,0.0198300,0.0189600,0.0193600,18940964,1782590399999,2026-06-27 19:59:59,366059.5279400,6607,9843679,190156.3094300
1782590400000,2026-06-27 20:00:00,0.0193400,0.0196200,0.0190000,0.0193200,10580414,1782604799999,2026-06-27 23:59:59,204491.7142500,4028,5763949,111394.3474400
1782604800000,2026-06-28 00:00:00,0.0193000,0.0201700,0.0192400,0.0195600,14962501,1782619199999,2026-06-28 03:59:59,294894.9566300,5134,7535243,148529.3528800
1782619200000,2026-06-28 04:00:00,0.0195500,0.0198500,0.0192100,0.0194400,10871152,1782633599999,2026-06-28 07:59:59,211376.9709100,4409,5443289,105840.7372400
1782633600000,2026-06-28 08:00:00,0.0194400,0.0197000,0.0192400,0.0196000,10927935,1782647999999,2026-06-28 11:59:59,213148.3546900,4190,4931739,96257.8773300
1782648000000,2026-06-28 12:00:00,0.0196000,0.0197400,0.0190700,0.0192800,8934397,1782662399999,2026-06-28 15:59:59,172667.7025300,3966,4624453,89322.8462700
1782662400000,2026-06-28 16:00:00,0.0192800,0.0193800,0.0181300,0.0183300,18429431,1782676799999,2026-06-28 19:59:59,346843.7283800,7024,6707904,126479.6227000
1782676800000,2026-06-28 20:00:00,0.0183200,0.0186000,0.0181100,0.0184300,10073400,1782691199999,2026-06-28 23:59:59,185343.9579100,3754,5459898,100512.3987000
1782691200000,2026-06-29 00:00:00,0.0184300,0.0189900,0.0182500,0.0188700,11420812,1782705599999,2026-06-29 03:59:59,212440.4669700,4384,5778855,107515.0401500
1782705600000,2026-06-29 04:00:00,0.0188600,0.0191200,0.0184700,0.0188400,16677903,1782719999999,2026-06-29 07:59:59,313658.8432600,6659,7607563,143171.7726400
1782720000000,2026-06-29 08:00:00,0.0188300,0.0188700,0.0184700,0.0188300,11185299,1782734399999,2026-06-29 11:59:59,208809.5987900,3835,6109040,114112.8894200
1782734400000,2026-06-29 12:00:00,0.0188300,0.0193100,0.0177900,0.0184700,24073082,1782748799999,2026-06-29 15:59:59,449268.0231900,6509,10639284,199301.1201200
1782748800000,2026-06-29 16:00:00,0.0184600,0.0190100,0.0183700,0.0187700,10538975,1782763199999,2026-06-29 19:59:59,197741.4576900,3500,5275059,98903.1680100
1782763200000,2026-06-29 20:00:00,0.0187800,0.0187900,0.0183600,0.0184000,6131181,1782777599999,2026-06-29 23:59:59,113723.7487200,2163,2961606,54886.2705500
1782777600000,2026-06-30 00:00:00,0.0184000,0.0184600,0.0178200,0.0179200,12862501,1782791999999,2026-06-30 03:59:59,232280.7467200,3951,6202866,111951.0745600
1782792000000,2026-06-30 04:00:00,0.0179100,0.0181100,0.0178700,0.0179100,7019212,1782806399999,2026-06-30 07:59:59,126185.2443400,2980,3425654,61618.6284000
1782806400000,2026-06-30 08:00:00,0.0179100,0.0179700,0.0176600,0.0179300,7836148,1782820799999,2026-06-30 11:59:59,139798.8997100,3528,4151916,74139.8491800
1782820800000,2026-06-30 12:00:00,0.0179300,0.0184100,0.0176100,0.0179900,20829162,1782835199999,2026-06-30 15:59:59,375386.5075500,5893,9156672,165013.7180700
1782835200000,2026-06-30 16:00:00,0.0179800,0.0190600,0.0177600,0.0181900,19155689,1782849599999,2026-06-30 19:59:59,349999.6331300,5154,9691858,177315.4764800
1782849600000,2026-06-30 20:00:00,0.0181900,0.0183700,0.0179900,0.0181700,6787590,1782863999999,2026-06-30 23:59:59,123305.1689100,3012,3424020,62231.3959400
1782864000000,2026-07-01 00:00:00,0.0181600,0.0186300,0.0176500,0.0186100,10017637,1782878399999,2026-07-01 03:59:59,182008.0538300,4057,4375117,79553.2462100
1782878400000,2026-07-01 04:00:00,0.0186000,0.0194000,0.0184100,0.0185000,28919827,1782892799999,2026-07-01 07:59:59,544850.4894200,8566,12920387,243549.0011800
1782892800000,2026-07-01 08:00:00,0.0185000,0.0191600,0.0179400,0.0186100,27087507,1782907199999,2026-07-01 11:59:59,500305.7154400,8286,12489966,231007.1479200
1782907200000,2026-07-01 12:00:00,0.0186000,0.0189200,0.0180500,0.0189000,15172820,1782921599999,2026-07-01 15:59:59,281418.2795400,5767,6728407,124966.4421900
1782921600000,2026-07-01 16:00:00,0.0189000,0.0192900,0.0185800,0.0186300,18342966,1782935999999,2026-07-01 19:59:59,347026.3288000,5713,9016098,170678.6804000
1782936000000,2026-07-01 20:00:00,0.0186300,0.0191700,0.0185100,0.0187200,9951341,1782950399999,2026-07-01 23:59:59,187818.6270500,3655,4875254,92037.7555200
1782950400000,2026-07-02 00:00:00,0.0187300,0.0194500,0.0185700,0.0194400,9218887,1782964799999,2026-07-02 03:59:59,175517.1587000,3541,4640926,88457.6762700
1782964800000,2026-07-02 04:00:00,0.0194300,0.0194400,0.0188900,0.0190300,10188816,1782979199999,2026-07-02 07:59:59,195117.7162100,3418,4147254,79410.9640200
1782979200000,2026-07-02 08:00:00,0.0190200,0.0196200,0.0190000,0.0193700,13667721,1782993599999,2026-07-02 11:59:59,264027.9925800,4416,6825052,131847.5456100
1782993600000,2026-07-02 12:00:00,0.0193400,0.0196300,0.0191300,0.0193200,11659650,1783007999999,2026-07-02 15:59:59,226066.5581900,3821,5072472,98383.5990300
1783008000000,2026-07-02 16:00:00,0.0193100,0.0193600,0.0187200,0.0190000,9444587,1783022399999,2026-07-02 19:59:59,180465.5696600,3381,4137376,79208.9814200
1783022400000,2026-07-02 20:00:00,0.0190000,0.0193400,0.0189300,0.0192600,3860058,1783036799999,2026-07-02 23:59:59,73813.6783400,1973,2132140,40789.8491200
1783036800000,2026-07-03 00:00:00,0.0192600,0.0202000,0.0191400,0.0199500,19188615,1783051199999,2026-07-03 03:59:59,380227.8051000,5802,10459506,207419.0110900
1783051200000,2026-07-03 04:00:00,0.0199500,0.0201100,0.0194800,0.0196500,17510935,1783065599999,2026-07-03 07:59:59,345773.1790200,4680,8652930,170935.7117500
1783065600000,2026-07-03 08:00:00,0.0196500,0.0198200,0.0193500,0.0194600,13639565,1783079999999,2026-07-03 11:59:59,266783.3917600,4682,5507912,107803.5951800
1783080000000,2026-07-03 12:00:00,0.0194500,0.0195500,0.0188600,0.0194000,19774693,1783094399999,2026-07-03 15:59:59,381157.6568900,5418,8798960,169796.4003600
1783094400000,2026-07-03 16:00:00,0.0194000,0.0196300,0.0192200,0.0195700,9736925,1783108799999,2026-07-03 19:59:59,189138.2067100,3491,5016082,97591.5793400
1783108800000,2026-07-03 20:00:00,0.0195800,0.0199800,0.0194900,0.0198200,11951596,1783123199999,2026-07-03 23:59:59,235934.5923800,4095,5278895,104311.8851700
1783123200000,2026-07-04 00:00:00,0.0198200,0.0198300,0.0191300,0.0195900,9663682,1783137599999,2026-07-04 03:59:59,188143.6597800,4022,4577781,89149.4271600
1783137600000,2026-07-04 04:00:00,0.0195700,0.0198200,0.0193400,0.0197500,7385405,1783151999999,2026-07-04 07:59:59,145040.8206800,3196,3303132,64903.2354100
1783152000000,2026-07-04 08:00:00,0.0197300,0.0209100,0.0196200,0.0200700,18483778,1783166399999,2026-07-04 11:59:59,370937.8117300,5590,8537357,171509.6998000
1783166400000,2026-07-04 12:00:00,0.0200500,0.0202100,0.0195300,0.0196800,14697643,1783180799999,2026-07-04 15:59:59,291117.7493700,5371,6108998,121153.6185600
1783180800000,2026-07-04 16:00:00,0.0196800,0.0200200,0.0195900,0.0198000,7220742,1783195199999,2026-07-04 19:59:59,143332.7416000,2929,3365962,66826.1516900
1783195200000,2026-07-04 20:00:00,0.0197800,0.0199900,0.0194800,0.0196500,8508886,1783209599999,2026-07-04 23:59:59,168010.0307700,3879,3924617,77551.1102600
1783209600000,2026-07-05 00:00:00,0.0196600,0.0197500,0.0189000,0.0191200,13782357,1783223999999,2026-07-05 03:59:59,265477.1173900,4959,6145967,118361.0828000
1783224000000,2026-07-05 04:00:00,0.0191100,0.0192800,0.0188300,0.0190300,9848269,1783238399999,2026-07-05 07:59:59,187451.0463300,4110,4761074,90623.7981100
1783238400000,2026-07-05 08:00:00,0.0190200,0.0190900,0.0187100,0.0188300,8085680,1783252799999,2026-07-05 11:59:59,153019.2020800,3252,4043903,76569.1148600
1783252800000,2026-07-05 12:00:00,0.0188100,0.0192400,0.0188000,0.0189400,7745242,1783267199999,2026-07-05 15:59:59,147477.5654000,3273,4062167,77411.9720200
1783267200000,2026-07-05 16:00:00,0.0189400,0.0189900,0.0187900,0.0188400,6086770,1783281599999,2026-07-05 19:59:59,114865.8570700,3050,2629303,49637.0897300
1783281600000,2026-07-05 20:00:00,0.0188300,0.0190500,0.0185400,0.0188600,9015959,1783295999999,2026-07-05 23:59:59,169387.4833100,3007,3606937,67845.9969000
1783296000000,2026-07-06 00:00:00,0.0188600,0.0189700,0.0182600,0.0185400,14846648,1783310399999,2026-07-06 03:59:59,275607.5369500,3800,6269796,116567.0119000
1783310400000,2026-07-06 04:00:00,0.0185500,0.0185500,0.0180000,0.0183000,11688322,1783324799999,2026-07-06 07:59:59,213715.2017400,3793,5266592,96414.2978200
1783324800000,2026-07-06 08:00:00,0.0182900,0.0183900,0.0181300,0.0181300,6240002,1783339199999,2026-07-06 11:59:59,114042.7071300,2435,3259500,59597.6798000
1783339200000,2026-07-06 12:00:00,0.0181300,0.0183900,0.0177200,0.0183900,19108250,1783353599999,2026-07-06 15:59:59,344556.5205500,5579,7798865,140812.7260500
1783353600000,2026-07-06 16:00:00,0.0183800,0.0184900,0.0182800,0.0183400,7060554,1783367999999,2026-07-06 19:59:59,129757.4929400,2852,4117261,75674.6704500
1783368000000,2026-07-06 20:00:00,0.0183400,0.0186000,0.0182300,0.0182800,7116340,1783382399999,2026-07-06 23:59:59,130865.7298500,2572,3707200,68156.3671200
1783382400000,2026-07-07 00:00:00,0.0182800,0.0183600,0.0178900,0.0179100,6865244,1783396799999,2026-07-07 03:59:59,124338.3895100,2893,2355742,42704.9987100
1783396800000,2026-07-07 04:00:00,0.0179200,0.0180600,0.0177700,0.0178100,7111455,1783411199999,2026-07-07 07:59:59,127327.9586300,3004,3252035,58301.1860200
1783411200000,2026-07-07 08:00:00,0.0178200,0.0179500,0.0177400,0.0178400,8328513,1783425599999,2026-07-07 11:59:59,148566.6105200,2929,4749885,84768.2761700
1783425600000,2026-07-07 12:00:00,0.0178300,0.0181600,0.0172600,0.0175200,21133721,1783439999999,2026-07-07 15:59:59,372274.2350800,5917,9592658,169305.6990700
1783440000000,2026-07-07 16:00:00,0.0175200,0.0175800,0.0167700,0.0169900,23968539,1783454399999,2026-07-07 19:59:59,411134.5691200,6244,9940334,170521.0650200
1783454400000,2026-07-07 20:00:00,0.0170100,0.0171200,0.0166300,0.0169800,13840447,1783468799999,2026-07-07 23:59:59,234113.1228000,4306,7828921,132587.7755500
1783468800000,2026-07-08 00:00:00,0.0169900,0.0171600,0.0164000,0.0166000,18791707,1783483199999,2026-07-08 03:59:59,315771.8149200,5010,9204077,155072.1333400
1783483200000,2026-07-08 04:00:00,0.0166000,0.0173000,0.0164700,0.0169200,15624509,1783497599999,2026-07-08 07:59:59,263340.9041500,5174,8434236,142251.1138700
1783497600000,2026-07-08 08:00:00,0.0169300,0.0169800,0.0159900,0.0165500,32528791,1783511999999,2026-07-08 11:59:59,535411.6328700,6875,14298498,236226.9103400
1783512000000,2026-07-08 12:00:00,0.0165600,0.0169300,0.0163500,0.0163800,15660026,1783526399999,2026-07-08 15:59:59,260204.5224700,4683,8016982,133385.6865300
1783526400000,2026-07-08 16:00:00,0.0163800,0.0165700,0.0163200,0.0164400,7883270,1783540799999,2026-07-08 19:59:59,129772.0418900,2812,4287882,70574.1663400
1783540800000,2026-07-08 20:00:00,0.0164400,0.0165800,0.0162100,0.0165300,9619067,1783555199999,2026-07-08 23:59:59,157648.0846200,3528,5664696,92852.4198500
1783555200000,2026-07-09 00:00:00,0.0165300,0.0168200,0.0164000,0.0166100,9540463,1783569599999,2026-07-09 03:59:59,158276.7978700,3693,5667949,94024.8467900
1783569600000,2026-07-09 04:00:00,0.0166200,0.0168400,0.0164700,0.0165600,11249330,1783583999999,2026-07-09 07:59:59,187471.8992700,4031,4361389,72779.4027200
1783584000000,2026-07-09 08:00:00,0.0165600,0.0166900,0.0165100,0.0166600,6279841,1783598399999,2026-07-09 11:59:59,104217.6452900,2726,3519632,58424.2852100
1783598400000,2026-07-09 12:00:00,0.0166500,0.0170400,0.0165900,0.0167900,17960529,1783612799999,2026-07-09 15:59:59,301291.1242200,4552,9764968,163925.5873600
1783612800000,2026-07-09 16:00:00,0.0167900,0.0168600,0.0165900,0.0166600,7553125,1783627199999,2026-07-09 19:59:59,126298.0299800,2904,3309101,55379.6092100
1783627200000,2026-07-09 20:00:00,0.0166600,0.0167000,0.0162800,0.0165500,14485266,1783641599999,2026-07-09 23:59:59,239608.3500000,3731,6620748,109558.7518100
1783641600000,2026-07-10 00:00:00,0.0165600,0.0168800,0.0164600,0.0167600,11726782,1783655999999,2026-07-10 03:59:59,195606.7395100,3737,5118904,85400.2291000
1783656000000,2026-07-10 04:00:00,0.0167700,0.0169400,0.0166100,0.0167300,9011223,1783670399999,2026-07-10 07:59:59,151086.7113700,3420,4761507,79878.4739900
1783670400000,2026-07-10 08:00:00,0.0167300,0.0168700,0.0166300,0.0166700,8302322,1783684799999,2026-07-10 11:59:59,139245.3955200,2957,3973881,66667.4079400
1783684800000,2026-07-10 12:00:00,0.0166700,0.0168400,0.0164400,0.0167200,10724489,1783699199999,2026-07-10 15:59:59,179008.9378600,3217,5416613,90412.5085900
1783699200000,2026-07-10 16:00:00,0.0167300,0.0168000,0.0165900,0.0166600,6449821,1783713599999,2026-07-10 19:59:59,107628.3426700,2368,3267596,54565.0816800
1783713600000,2026-07-10 20:00:00,0.0166600,0.0169800,0.0166000,0.0168400,7228589,1783727999999,2026-07-10 23:59:59,121505.1048400,2363,4288180,72151.7916100
1783728000000,2026-07-11 00:00:00,0.0168400,0.0170200,0.0167800,0.0168800,6433043,1783742399999,2026-07-11 03:59:59,108603.5103700,2305,3357515,56703.6138100
1783742400000,2026-07-11 04:00:00,0.0168600,0.0168600,0.0166600,0.0168100,5144119,1783756799999,2026-07-11 07:59:59,86195.2406100,2018,1963724,32917.2422200
1783756800000,2026-07-11 08:00:00,0.0168000,0.0178900,0.0167400,0.0175000,39810950,1783771199999,2026-07-11 11:59:59,693257.2778900,10087,20200255,351424.9571600
1783771200000,2026-07-11 12:00:00,0.0175000,0.0179700,0.0172500,0.0175500,30145066,1783785599999,2026-07-11 15:59:59,529374.7636300,9230,14014710,246092.6323700
1783785600000,2026-07-11 16:00:00,0.0175400,0.0190600,0.0174400,0.0188400,90862123,1783799999999,2026-07-11 19:59:59,1677598.8281900,25697,42296386,781459.7999600
1783800000000,2026-07-11 20:00:00,0.0188400,0.0197500,0.0186500,0.0196000,116080914,1783814399999,2026-07-11 23:59:59,2242021.6215800,29464,56064589,1083483.5726800
1783814400000,2026-07-12 00:00:00,0.0195900,0.0207100,0.0179100,0.0200000,229063924,1783828799999,2026-07-12 03:59:59,4429535.8446000,47914,111245086,2152926.4638700
1783828800000,2026-07-12 04:00:00,0.0200300,0.0200400,0.0186000,0.0193700,157378157,1783843199999,2026-07-12 07:59:59,3033510.2931500,39603,74223702,1431523.7188800
1783843200000,2026-07-12 08:00:00,0.0193600,0.0197700,0.0189200,0.0193800,92582576,1783857599999,2026-07-12 11:59:59,1799066.1178000,27234,44401300,863434.6534400
1783857600000,2026-07-12 12:00:00,0.0193800,0.0214900,0.0192600,0.0213000,167113439,1783871999999,2026-07-12 15:59:59,3419903.6731800,43922,87571821,1794184.4483200
1783872000000,2026-07-12 16:00:00,0.0213000,0.0221800,0.0208200,0.0213800,193126415,1783886399999,2026-07-12 19:59:59,4156265.2224400,48243,92434199,1991061.9709600
1783886400000,2026-07-12 20:00:00,0.0213800,0.0228700,0.0213000,0.0218000,143342316,1783900799999,2026-07-12 23:59:59,3193625.4303000,37706,73108062,1628171.0327300
1783900800000,2026-07-13 00:00:00,0.0218000,0.0221200,0.0206600,0.0208100,101396300,1783915199999,2026-07-13 03:59:59,2160583.1461500,28974,48195904,1028162.0054000
1783915200000,2026-07-13 04:00:00,0.0208100,0.0209900,0.0197100,0.0200100,57378902,1783929599999,2026-07-13 07:59:59,1159885.4561600,18585,26872559,543330.3938200
1783929600000,2026-07-13 08:00:00,0.0199900,0.0211600,0.0197900,0.0203400,71457956,1783943999999,2026-07-13 11:59:59,1461151.7249200,16950,36400913,745077.0383700
1783944000000,2026-07-13 12:00:00,0.0203400,0.0204100,0.0192000,0.0198800,47386685,1783958399999,2026-07-13 15:59:59,932461.8443400,12157,20071306,395044.0863800
1783958400000,2026-07-13 16:00:00,0.0198800,0.0198800,0.0190400,0.0192400,20229567,1783972799999,2026-07-13 19:59:59,393092.1464800,6831,8870344,172523.8287400
1783972800000,2026-07-13 20:00:00,0.0192400,0.0197300,0.0187200,0.0197000,18788497,1783987199999,2026-07-13 23:59:59,358042.7331000,7255,10212743,195113.9435300
1783987200000,2026-07-14 00:00:00,0.0197000,0.0199200,0.0194500,0.0198300,17863574,1784001599999,2026-07-14 03:59:59,351966.0545000,7532,8029851,158307.2063400
1784001600000,2026-07-14 04:00:00,0.0198200,0.0204000,0.0193200,0.0193900,24380697,1784015999999,2026-07-14 07:59:59,483372.2155100,9195,11857379,235691.0035600
1784016000000,2026-07-14 08:00:00,0.0193900,0.0198900,0.0192500,0.0197000,10422690,1784030399999,2026-07-14 11:59:59,203319.9030800,6337,4930604,96249.4622300
1784030400000,2026-07-14 12:00:00,0.0196700,0.0202400,0.0195100,0.0200900,20979422,1784044799999,2026-07-14 15:59:59,417724.2471000,8330,10869449,216543.6591700
1784044800000,2026-07-14 16:00:00,0.0200800,0.0200800,0.0191400,0.0191900,14314111,1784059199999,2026-07-14 19:59:59,279761.3461200,5712,6459176,126158.8185200
1784059200000,2026-07-14 20:00:00,0.0191900,0.0196000,0.0189100,0.0194700,14000192,1784073599999,2026-07-14 23:59:59,269423.9284100,5449,7459215,143758.3065700
1784073600000,2026-07-15 00:00:00,0.0194700,0.0195900,0.0190400,0.0191000,11056740,1784087999999,2026-07-15 03:59:59,213621.3882000,4484,4484700,86706.7598700
1784088000000,2026-07-15 04:00:00,0.0190900,0.0192000,0.0183800,0.0186600,18911882,1784102399999,2026-07-15 07:59:59,354921.4909800,6920,8621635,161782.6996000
1784102400000,2026-07-15 08:00:00,0.0186700,0.0189900,0.0184500,0.0186500,11469379,1784116799999,2026-07-15 11:59:59,214996.8784300,5188,5352597,100304.3457100
1784116800000,2026-07-15 12:00:00,0.0186400,0.0191700,0.0184900,0.0186700,16557927,1784131199999,2026-07-15 15:59:59,310764.0460000,6563,8840638,165875.2055600
1784131200000,2026-07-15 16:00:00,0.0186600,0.0191200,0.0183600,0.0188700,16774321,1784145599999,2026-07-15 19:59:59,313786.8390000,7292,8356120,156430.1351300
1784145600000,2026-07-15 20:00:00,0.0188700,0.0190700,0.0187200,0.0190000,7491114,1784159999999,2026-07-15 23:59:59,141631.6953100,3337,4030412,76219.9751200
1784160000000,2026-07-16 00:00:00,0.0190000,0.0198200,0.0189500,0.0196800,20474540,1784174399999,2026-07-16 03:59:59,397823.9063500,8727,10584734,205633.8994700
1784174400000,2026-07-16 04:00:00,0.0196700,0.0197500,0.0191700,0.0193600,11542814,1784188799999,2026-07-16 07:59:59,223482.2491100,4611,5421142,104988.2367000
1784188800000,2026-07-16 08:00:00,0.0193500,0.0199400,0.0190300,0.0192500,21040470,1784203199999,2026-07-16 11:59:59,409129.0569900,7932,9149235,178074.2109700
1784203200000,2026-07-16 12:00:00,0.0192400,0.0203000,0.0190100,0.0202300,20547956,1784217599999,2026-07-16 15:59:59,403565.1371600,7775,11275807,221872.4893300
1784217600000,2026-07-16 16:00:00,0.0202200,0.0204800,0.0195900,0.0198600,13021663,1784231999999,2026-07-16 19:59:59,259444.0266000,5384,6359387,126718.9901600
1784232000000,2026-07-16 20:00:00,0.0198600,0.0198600,0.0192500,0.0193700,8098157,1784246399999,2026-07-16 23:59:59,158173.2818900,3625,3152697,61559.4283100
1784246400000,2026-07-17 00:00:00,0.0193600,0.0199500,0.0192400,0.0193500,10453176,1784260799999,2026-07-17 03:59:59,204357.6968500,4441,5375606,105233.1906500
1784260800000,2026-07-17 04:00:00,0.0193400,0.0194700,0.0186900,0.0188400,18863843,1784275199999,2026-07-17 07:59:59,359113.6621300,6681,8485434,161470.2545300
1784275200000,2026-07-17 08:00:00,0.0188500,0.0196800,0.0187800,0.0193500,13489233,1784289599999,2026-07-17 11:59:59,260813.3499600,5659,6190101,119554.2736800
1784289600000,2026-07-17 12:00:00,0.0193400,0.0199100,0.0189700,0.0197300,12879747,1784303999999,2026-07-17 15:59:59,250441.8316500,4852,6530999,127022.3537100
1784304000000,2026-07-17 16:00:00,0.0197200,0.0198800,0.0191100,0.0191900,9585405,1784318399999,2026-07-17 19:59:59,186552.3514300,4319,4270431,83108.4117800
1784318400000,2026-07-17 20:00:00,0.0191700,0.0191900,0.0187400,0.0188600,7981315,1784332799999,2026-07-17 23:59:59,151004.9602800,3119,4320347,81691.1764800
1784332800000,2026-07-18 00:00:00,0.0188500,0.0192500,0.0186500,0.0190100,9625734,1784347199999,2026-07-18 03:59:59,182555.5166100,4048,4733491,89791.5862200
1784347200000,2026-07-18 04:00:00,0.0190000,0.0190100,0.0184800,0.0185300,5364655,1784361599999,2026-07-18 07:59:59,100233.0639400,3090,3067395,57291.1021800
1784361600000,2026-07-18 08:00:00,0.0185300,0.0185400,0.0180900,0.0181100,9233749,1784375999999,2026-07-18 11:59:59,169497.6500400,3734,4762630,87545.9287000
1784376000000,2026-07-18 12:00:00,0.0181100,0.0183600,0.0179500,0.0180900,10817653,1784390399999,2026-07-18 15:59:59,196422.4374600,3871,5072399,92145.2552800
1784390400000,2026-07-18 16:00:00,0.0180900,0.0184500,0.0180700,0.0182700,9358280,1784404799999,2026-07-18 19:59:59,170794.5928100,3353,5187462,94670.5876600
1784404800000,2026-07-18 20:00:00,0.0182700,0.0183100,0.0181600,0.0181700,3767164,1784419199999,2026-07-18 23:59:59,68692.4383200,2184,2174411,39657.0481200
1784419200000,2026-07-19 00:00:00,0.0181600,0.0186900,0.0180100,0.0183600,12467095,1784433599999,2026-07-19 03:59:59,228714.0279700,5337,7454963,136924.3555300
1784433600000,2026-07-19 04:00:00,0.0183600,0.0185900,0.0183000,0.0183800,5671404,1784447999999,2026-07-19 07:59:59,104602.2716200,3190,2950949,54437.4787400
1784448000000,2026-07-19 08:00:00,0.0183700,0.0188300,0.0181200,0.0182200,10870066,1784462399999,2026-07-19 11:59:59,201669.5748900,5767,4933953,91573.9179100
1784462400000,2026-07-19 12:00:00,0.0182100,0.0190600,0.0182100,0.0186900,13899440,1784476799999,2026-07-19 15:59:59,259203.1163000,6152,6924774,129220.6961900
1784476800000,2026-07-19 16:00:00,0.0186900,0.0189600,0.0185700,0.0186900,7761302,1784491199999,2026-07-19 19:59:59,145401.9928700,3703,3321093,62303.4731600
1784491200000,2026-07-19 20:00:00,0.0186900,0.0190400,0.0185400,0.0186600,6999993,1784505599999,2026-07-19 23:59:59,131212.0923000,3719,3363166,63085.8212700
1784505600000,2026-07-20 00:00:00,0.0186600,0.0192800,0.0184300,0.0189300,16845382,1784519999999,2026-07-20 03:59:59,316940.3789200,6255,9084078,171030.3643100
1784520000000,2026-07-20 04:00:00,0.0189300,0.0195500,0.0186200,0.0194000,8566959,1784534399999,2026-07-20 07:59:59,162252.4545100,4547,4770123,90424.3543800
1784534400000,2026-07-20 08:00:00,0.0194000,0.0194300,0.0188500,0.0189400,8926291,1784548799999,2026-07-20 11:59:59,170756.3359000,3592,4183641,80033.7345900
1784548800000,2026-07-20 12:00:00,0.0189400,0.0195100,0.0188100,0.0194700,10897250,1784563199999,2026-07-20 15:59:59,209204.9148400,4488,5376850,103368.4408400
1784563200000,2026-07-20 16:00:00,0.0194700,0.0195900,0.0189500,0.0193700,16442205,1784577599999,2026-07-20 19:59:59,317550.1644200,5596,7853515,151788.4759100
1784577600000,2026-07-20 20:00:00,0.0193500,0.0204700,0.0193000,0.0201600,15663027,1784591999999,2026-07-20 23:59:59,312651.8908700,6707,8367971,167072.9334400
1784592000000,2026-07-21 00:00:00,0.0201700,0.0206500,0.0198400,0.0200200,16744165,1784606399999,2026-07-21 03:59:59,337259.3076400,6557,8231174,165788.2438600
1784606400000,2026-07-21 04:00:00,0.0200300,0.0209200,0.0200100,0.0204700,11967864,1784620799999,2026-07-21 07:59:59,245247.1561500,5447,5543996,113451.9720400
1784620800000,2026-07-21 08:00:00,0.0204600,0.0204900,0.0194000,0.0197900,13261858,1784635199999,2026-07-21 11:59:59,262529.6892100,6159,5924942,117190.2778300
1784635200000,2026-07-21 12:00:00,0.0197900,0.0199900,0.0195200,0.0198800,10505992,1784649599999,2026-07-21 15:59:59,207954.4555200,4083,5361828,106204.2627000
1784649600000,2026-07-21 16:00:00,0.0198700,0.0200600,0.0196200,0.0198700,5626021,1784663999999,2026-07-21 19:59:59,111806.0487500,2932,2511184,49864.8255000
1784664000000,2026-07-21 20:00:00,0.0198700,0.0199100,0.0196800,0.0198900,3416118,1784678399999,2026-07-21 23:59:59,67624.2073900,2042,1503526,29785.0191200
1784678400000,2026-07-22 00:00:00,0.0198800,0.0203900,0.0198100,0.0200800,6107432,1784692799999,2026-07-22 03:59:59,123201.1657200,2967,2690537,54267.6528500
1784692800000,2026-07-22 04:00:00,0.0200700,0.0203900,0.0196700,0.0197900,6943069,1784707199999,2026-07-22 07:59:59,138802.1380700,3406,3035628,60725.7385200
1784707200000,2026-07-22 08:00:00,0.0198000,0.0201600,0.0195200,0.0199600,7159497,1784721599999,2026-07-22 11:59:59,141760.8963100,4425,3935147,77901.4985800
1784721600000,2026-07-22 12:00:00,0.0199600,0.0202700,0.0198600,0.0201900,6889815,1784735999999,2026-07-22 15:59:59,138155.4379400,8555,2621203,52565.2652800
1784736000000,2026-07-22 16:00:00,0.0201900,0.0206700,0.0197500,0.0203300,17347274,1784750399999,2026-07-22 19:59:59,350475.4319500,6502,9452299,190935.3385200
1784750400000,2026-07-22 20:00:00,0.0203200,0.0210100,0.0202500,0.0207600,14758528,1784764799999,2026-07-22 23:59:59,304413.3391700,6166,6918563,142680.3901100
1784764800000,2026-07-23 00:00:00,0.0207600,0.0214900,0.0203500,0.0204100,16226822,1784779199999,2026-07-23 03:59:59,340631.7856400,7519,8430936,177114.5384800
1784779200000,2026-07-23 04:00:00,0.0204100,0.0214500,0.0202600,0.0209600,16511817,1784793599999,2026-07-23 07:59:59,344898.9183400,7115,8665144,180665.7947300
1784793600000,2026-07-23 08:00:00,0.0209600,0.0214600,0.0206200,0.0214100,12255001,1784807999999,2026-07-23 11:59:59,257804.8065600,7622,6882868,144748.6770400
1784808000000,2026-07-23 12:00:00,0.0214300,0.0227100,0.0212000,0.0222900,59507654,1784822399999,2026-07-23 15:59:59,1319096.1959200,21725,28302639,627365.8846300
1784822400000,2026-07-23 16:00:00,0.0222900,0.0225200,0.0214300,0.0217100,24859775,1784836799999,2026-07-23 19:59:59,545050.5301600,9951,12138581,266224.3488400
1784836800000,2026-07-23 20:00:00,0.0217200,0.0224000,0.0214200,0.0217200,18229847,1784851199999,2026-07-23 23:59:59,400551.1097200,7380,9031331,198490.2830500
1784851200000,2026-07-24 00:00:00,0.0217300,0.0218700,0.0208600,0.0213000,25954679,1784865599999,2026-07-24 03:59:59,552196.9756500,10182,11824104,251350.1244900
1784865600000,2026-07-24 04:00:00,0.0213100,0.0221000,0.0202400,0.0205700,38658436,1784879999999,2026-07-24 07:59:59,811732.2984500,14131,17856996,375289.3716300
1784880000000,2026-07-24 08:00:00,0.0205600,0.0209600,0.0202600,0.0206400,13379456,1784894399999,2026-07-24 11:59:59,275451.8460000,6089,6517946,134298.0644700
1784894400000,2026-07-24 12:00:00,0.0206500,0.0211200,0.0200600,0.0207200,24809377,1784908799999,2026-07-24 15:59:59,510250.0754900,9824,10166083,209245.8471600
1784908800000,2026-07-24 16:00:00,0.0207100,0.0212100,0.0206200,0.0207600,10179608,1784923199999,2026-07-24 19:59:59,212695.2192400,5706,4210928,88032.8432400
1784923200000,2026-07-24 20:00:00,0.0207700,0.0208700,0.0204000,0.0205800,6900235,1784937599999,2026-07-24 23:59:59,142243.1871400,3792,3492207,72008.9771100
1784937600000,2026-07-25 00:00:00,0.0205800,0.0209200,0.0200800,0.0203500,13487370,1784951999999,2026-07-25 03:59:59,275645.5002400,5472,6951229,142063.1390500
1784952000000,2026-07-25 04:00:00,0.0203700,0.0218300,0.0203700,0.0208000,30181516,1784966399999,2026-07-25 07:59:59,637151.2148300,10642,13942253,294142.7629700
1784966400000,2026-07-25 08:00:00,0.0207800,0.0209500,0.0198600,0.0202400,14287124,1784980799999,2026-07-25 11:59:59,291932.5677600,5591,6410018,131274.9404500
1784980800000,2026-07-25 12:00:00,0.0202400,0.0207000,0.0201400,0.0205200,11941408,1784995199999,2026-07-25 15:59:59,244049.1400000,5407,5524449,112854.3248900
1784995200000,2026-07-25 16:00:00,0.0205300,0.0206600,0.0204100,0.0204700,3472889,1785009599999,2026-07-25 19:59:59,71304.8386500,2692,1647113,33825.9493200
1785009600000,2026-07-25 20:00:00,0.0204800,0.0205600,0.0201900,0.0202800,5865869,1785023999999,2026-07-25 23:59:59,119507.6658700,3300,2165917,44120.7756900
1785024000000,2026-07-26 00:00:00,0.0202900,0.0202900,0.0196400,0.0197300,8126160,1785038399999,2026-07-26 03:59:59,162248.3924300,3646,4038976,80617.0963700
1785038400000,2026-07-26 04:00:00,0.0197300,0.0198200,0.0192100,0.0195800,17525305,1785052799999,2026-07-26 07:59:59,341890.5157100,6248,9275215,180928.2618100
1785052800000,2026-07-26 08:00:00,0.0195700,0.0197000,0.0194000,0.0194800,8076151,1785067199999,2026-07-26 11:59:59,157905.2036100,3688,3614400,70699.4579200
1785067200000,2026-07-26 12:00:00,0.0194900,0.0197700,0.0192400,0.0194900,13060548,1785081599999,2026-07-26 15:59:59,254570.5713000,4697,5196615,101324.3077500
1785081600000,2026-07-26 16:00:00,0.0195000,0.0195500,0.0191000,0.0193000,6341272,1785095999999,2026-07-26 19:59:59,122669.4086800,4234,2412330,46687.0599500
1785096000000,2026-07-26 20:00:00,0.0193000,0.0199000,0.0192400,0.0195800,12272257,1785110399999,2026-07-26 23:59:59,240224.7674300,8081,4475763,87451.2806100
1785110400000,2026-07-27 00:00:00,0.0195900,0.0201100,0.0195800,0.0200600,9226736,1785124799999,2026-07-27 03:59:59,183332.0102900,4122,4761264,94677.3798600
1785124800000,2026-07-27 04:00:00,0.0200600,0.0207100,0.0199600,0.0201200,16705234,1785139199999,2026-07-27 07:59:59,340166.3985200,6606,8589742,174892.2067300
1785139200000,2026-07-27 08:00:00,0.0201200,0.0201400,0.0193900,0.0198400,13557274,1785153599999,2026-07-27 11:59:59,267289.3483200,6654,6348032,125099.2437100
1785153600000,2026-07-27 12:00:00,0.0198500,0.0202900,0.0195100,0.0199100,13211429,1785167999999,2026-07-27 15:59:59,263604.1023300,7856,5744296,114581.3897500
1785168000000,2026-07-27 16:00:00,0.0198900,0.0206500,0.0197100,0.0200900,18536023,1785182399999,2026-07-27 19:59:59,374415.5334700,8844,9078145,183413.4882900
1785182400000,2026-07-27 20:00:00,0.0201000,0.0201000,0.0187600,0.0190600,14897922,1785196799999,2026-07-27 23:59:59,286740.9452000,6792,6099888,117377.8201500
1785196800000,2026-07-28 00:00:00,0.0190500,0.0195600,0.0189100,0.0192000,8493654,1785211199999,2026-07-28 03:59:59,163967.3263100,4148,4018831,77579.5196600
1785211200000,2026-07-28 04:00:00,0.0192100,0.0192700,0.0188700,0.0189100,4486053,1785225599999,2026-07-28 07:59:59,85538.6363200,2903,2389624,45580.3182100
1785225600000,2026-07-28 08:00:00,0.0189200,0.0191700,0.0184800,0.0190100,11090974,1785239999999,2026-07-28 11:59:59,208930.0979500,5355,5112603,96401.9387500
1785240000000,2026-07-28 12:00:00,0.0190100,0.0196500,0.0189600,0.0193500,9796007,1785254399999,2026-07-28 15:59:59,188762.3209100,4962,4940535,95230.8995100
1785254400000,2026-07-28 16:00:00,0.0193700,0.0197900,0.0192500,0.0194700,11051955,1785268799999,2026-07-28 19:59:59,215227.6981400,5102,5293687,103269.6912500
1785268800000,2026-07-28 20:00:00,0.0194900,0.0198900,0.0191400,0.0194000,7224940,1785283199999,2026-07-28 23:59:59,140817.4386600,4480,3600731,70299.6797300
1785283200000,2026-07-29 00:00:00,0.0193900,0.0197200,0.0187600,0.0188600,9345925,1785297599999,2026-07-29 03:59:59,180713.6820900,4332,4254148,82345.2255400
1785297600000,2026-07-29 04:00:00,0.0188700,0.0192900,0.0187200,0.0191200,6929324,1785311999999,2026-07-29 07:59:59,131744.7027800,3282,3531700,67324.7605600
1785312000000,2026-07-29 08:00:00,0.0191300,0.0191800,0.0184800,0.0186500,8361656,1785326399999,2026-07-29 11:59:59,157699.9076400,3775,2699986,51035.3409500
1785326400000,2026-07-29 12:00:00,0.0186600,0.0193900,0.0185900,0.0189600,10242550,1785340799999,2026-07-29 15:59:59,194519.6922900,5100,5485247,104071.0628900
1785340800000,2026-07-29 16:00:00,0.0189800,0.0192600,0.0185800,0.0187300,6813589,1785355199999,2026-07-29 19:59:59,128969.0599100,3791,3107487,58824.4481900
1785355200000,2026-07-29 20:00:00,0.0187300,0.0190300,0.0185500,0.0189700,3552824,1785369599999,2026-07-29 23:59:59,66784.3073800,3151,1908214,35901.0583500
1785369600000,2026-07-30 00:00:00,0.0189700,0.0190900,0.0186000,0.0190300,7460226,1785383999999,2026-07-30 03:59:59,140712.2289100,3661,3355675,63342.2755100
1785384000000,2026-07-30 04:00:00,0.0190500,0.0191200,0.0187000,0.0187300,6198605,1785398399999,2026-07-30 07:59:59,117141.4629100,3345,2416212,45673.4354300
1785398400000,2026-07-30 08:00:00,0.0187400,0.0201500,0.0186400,0.0197400,39485498,1785412799999,2026-07-30 11:59:59,768651.3067400,13074,19931407,388108.8593600
1785412800000,2026-07-30 12:00:00,0.0197500,0.0211400,0.0194400,0.0207600,37583301,1785427199999,2026-07-30 15:59:59,762281.9553400,14678,19052721,386688.7409700
1785427200000,2026-07-30 16:00:00,0.0207900,0.0213600,0.0205100,0.0209800,24318724,1785441599999,2026-07-30 19:59:59,508583.4425600,9598,11103987,232434.9512200
1785441600000,2026-07-30 20:00:00,0.0209900,0.0215800,0.0204500,0.0213000,22771059,1785455999999,2026-07-30 23:59:59,477151.0109600,8986,11149994,233266.1186400
1785456000000,2026-07-31 00:00:00,0.0213000,0.0213200,0.0203900,0.0208300,22186792,1785470399999,2026-07-31 03:59:59,463336.5514600,9137,10698251,223611.7090700
1785470400000,2026-07-31 04:00:00,0.0208300,0.0223500,0.0207000,0.0218600,56921346,1785484799999,2026-07-31 07:59:59,1229492.1703800,22239,28998196,626747.2859800
1785484800000,2026-07-31 08:00:00,0.0218500,0.0223400,0.0214300,0.0220500,29482001,1785499199999,2026-07-31 11:59:59,644562.6850300,12592,13828892,302696.3086900
1785499200000,2026-07-31 12:00:00,0.0220500,0.0221400,0.0202500,0.0205200,35869563,1785513599999,2026-07-31 15:59:59,753092.1416200,12571,14737326,309291.4029100
1785513600000,2026-07-31 16:00:00,0.0205000,0.0208100,0.0199100,0.0203900,16595047,1785527999999,2026-07-31 19:59:59,337740.2858900,6822,7247879,147686.5845700
1785528000000,2026-07-31 20:00:00,0.0203700,0.0210000,0.0201400,0.0207300,11326929,1785542399999,2026-07-31 23:59:59,232600.8271600,5128,6183351,127122.6522500
1785542400000,2026-08-01 00:00:00,0.0207100,0.0212000,0.0204400,0.0208400,12381429,1785556799999,2026-08-01 03:59:59,257215.7149800,5857,6541896,136036.9908100
1785556800000,2026-08-01 04:00:00,0.0208200,0.0211300,0.0204400,0.0205700,12631426,1785571199999,2026-08-01 07:59:59,261820.8199800,6737,5017907,104135.6574800
1785571200000,2026-08-01 08:00:00,0.0205600,0.0209000,0.0198900,0.0200200,14677754,1785585599999,2026-08-01 11:59:59,298462.8845600,6580,7462579,151860.1361800
1785585600000,2026-08-01 12:00:00,0.0200300,0.0205500,0.0199900,0.0200400,9668482,1785599999999,2026-08-01 15:59:59,195732.8469000,4700,4544645,91966.6364100
1785600000000,2026-08-01 16:00:00,0.0200100,0.0201800,0.0194100,0.0197100,11760445,1785614399999,2026-08-01 19:59:59,232424.5263000,5134,4993058,98710.0556900
1785614400000,2026-08-01 20:00:00,0.0197300,0.0201300,0.0196000,0.0198800,5141194,1785628799999,2026-08-01 23:59:59,102296.0800700,3194,2533827,50377.5057500
1785628800000,2026-08-02 00:00:00,0.0199000,0.0202600,0.0198700,0.0200200,4693920,1785643199999,2026-08-02 03:59:59,94199.6326200,4105,1944155,39023.3010300
1785643200000,2026-08-02 04:00:00,0.0200200,0.0207800,0.0199900,0.0204200,15641294,1785657599999,2026-08-02 07:59:59,318658.0047800,7656,6800357,138292.7133000
1785657600000,2026-08-02 08:00:00,0.0204200,0.0212500,0.0200800,0.0207200,24444501,1785671999999,2026-08-02 11:59:59,507664.0560500,11757,11936397,247556.8183900
1785672000000,2026-08-02 12:00:00,0.0207400,0.0220900,0.0206700,0.0218900,39696823,1785686399999,2026-08-02 15:59:59,853298.1118300,18032,20984799,450879.2963600
1785686400000,2026-08-02 16:00:00,0.0218700,0.0239800,0.0216500,0.0238100,106264137,1785700799999,2026-08-02 19:59:59,2468539.4728700,43685,54322007,1261125.9472700
1785700800000,2026-08-02 20:00:00,0.0237800,0.0254800,0.0231500,0.0234600,193135999,1785715199999,2026-08-02 23:59:59,4722399.8999600,69190,91632620,2242650.3585300
1785715200000,2026-08-03 00:00:00,0.0234600,0.0249100,0.0221600,0.0226600,160757136,1785729599999,2026-08-03 03:59:59,3811512.8973000,60863,76237717,1812781.0333100
1785729600000,2026-08-03 04:00:00,0.0226900,0.0229900,0.0214100,0.0217700,70807747,1785743999999,2026-08-03 07:59:59,1569601.9879400,28346,32365028,718743.7485000
1785744000000,2026-08-03 08:00:00,0.0217700,0.0227500,0.0215600,0.0224900,42195094,1785758399999,2026-08-03 11:59:59,934601.5713100,16571,20987582,465700.9432800
1785758400000,2026-08-03 12:00:00,0.0224700,0.0230300,0.0218200,0.0221200,30247703,1785772799999,2026-08-03 15:59:59,676372.7184700,15789,14816906,331806.6690200
1785772800000,2026-08-03 16:00:00,0.0221000,0.0233800,0.0221000,0.0232100,27170652,1785787199999,2026-08-03 19:59:59,623202.1008900,9460,12512480,286856.3837000
1785787200000,2026-08-03 20:00:00,0.0232100,0.0235900,0.0227900,0.0233100,14125769,1785801599999,2026-08-03 23:59:59,326963.3529400,6327,6687609,154889.7950700
1785801600000,2026-08-04 00:00:00,0.0232800,0.0240000,0.0228000,0.0235200,23061314,1785815999999,2026-08-04 03:59:59,538494.4530100,12335,10641957,248659.4895100
1785816000000,2026-08-04 04:00:00,0.0234900,0.0247600,0.0234100,0.0239300,22668732,1785830399999,2026-08-04 07:59:59,543794.4529700,14450,10899255,261662.2878200
1785830400000,2026-08-04 08:00:00,0.0239300,0.0240000,0.0228200,0.0230500,21108020,1785844799999,2026-08-04 11:59:59,491105.7872100,9216,7355272,171070.8660800
1785844800000,2026-08-04 12:00:00,0.0230400,0.0236700,0.0227300,0.0231900,15280567,1785859199999,2026-08-04 15:59:59,354346.4392400,8430,7251393,168158.8719500
1785859200000,2026-08-04 16:00:00,0.0231800,0.0236600,0.0227700,0.0234600,10478095,1785873599999,2026-08-04 19:59:59,242724.7815800,7668,5963131,138238.4708800
1785873600000,2026-08-04 20:00:00,0.0234600,0.0237100,0.0231700,0.0232800,8461229,1785887999999,2026-08-04 23:59:59,198111.9851100,5526,3909951,91639.3652000
1785888000000,2026-08-05 00:00:00,0.0232800,0.0246100,0.0232100,0.0239400,17511638,1785902399999,2026-08-05 03:59:59,418365.2252300,11265,7825650,186867.1521700
1785902400000,2026-08-05 04:00:00,0.0239600,0.0249800,0.0230900,0.0238100,27886405,1785916799999,2026-08-05 07:59:59,665610.0479800,16224,13218469,315776.2286200
1785916800000,2026-08-05 08:00:00,0.0237900,0.0248200,0.0232000,0.0244600,18237028,1785931199999,2026-08-05 11:59:59,437955.4959800,11384,8901024,214099.9042100
1785931200000,2026-08-05 12:00:00,0.0244400,0.0251000,0.0238300,0.0244400,30557364,1785945599999,2026-08-05 15:59:59,748091.0223300,16382,14634267,358772.8718600
1785945600000,2026-08-05 16:00:00,0.0244200,0.0249100,0.0238200,0.0242800,13277769,1785959999999,2026-08-05 19:59:59,322682.1009800,9322,6565936,159589.7592200
1785960000000,2026-08-05 20:00:00,0.0243000,0.0243000,0.0238800,0.0240100,5289723,1785974399999,2026-08-05 23:59:59,127307.1438300,3499,2184546,52586.6331600
1785974400000,2026-08-06 00:00:00,0.0240100,0.0254100,0.0238700,0.0247900,12526923,1785988799999,2026-08-06 03:59:59,309390.1456900,7009,5580690,137508.0790100
1785988800000,2026-08-06 04:00:00,0.0247900,0.0255100,0.0239600,0.0240000,14260666,1786003199999,2026-08-06 07:59:59,353872.1945600,7473,6034395,150059.4026500
1786003200000,2026-08-06 08:00:00,0.0240100,0.0264200,0.0232900,0.0262500,35527106,1786017599999,2026-08-06 11:59:59,877755.6283100,16583,17408843,430889.7386800
1786017600000,2026-08-06 12:00:00,0.0262400,0.0271000,0.0257100,0.0261900,35472825,1786031999999,2026-08-06 15:59:59,935210.8481600,16507,17543812,463003.0001200
1786032000000,2026-08-06 16:00:00,0.0261700,0.0269300,0.0253600,0.0257700,14509048,1786046399999,2026-08-06 19:59:59,377807.9357400,8513,6910454,179982.3994500
1786046400000,2026-08-06 20:00:00,0.0257700,0.0274900,0.0254300,0.0271800,50271479,1786060799999,2026-08-06 23:59:59,1331736.0349000,160116,25677887,680848.1999600
1786060800000,2026-08-07 00:00:00,0.0271700,0.0271800,0.0251000,0.0253600,24340600,1786075199999,2026-08-07 03:59:59,631944.6769100,19143,10334213,268113.0100100
1786075200000,2026-08-07 04:00:00,0.0253600,0.0265800,0.0251400,0.0254000,15516395,1786089599999,2026-08-07 07:59:59,399469.8490500,8836,7488436,192986.7198800
1786089600000,2026-08-07 08:00:00,0.0254000,0.0264000,0.0252100,0.0259500,17258051,1786103999999,2026-08-07 11:59:59,445570.3059800,8345,9798936,253320.2421500
1786104000000,2026-08-07 12:00:00,0.0259700,0.0272000,0.0258500,0.0260500,19318692,1786118399999,2026-08-07 15:59:59,509436.6069800,11063,8187532,216316.5315800
1786118400000,2026-08-07 16:00:00,0.0260700,0.0264000,0.0259000,0.0261200,6080706,1786132799999,2026-08-07 19:59:59,158801.1489600,3995,2258323,59051.5616900
1786132800000,2026-08-07 20:00:00,0.0261300,0.0262000,0.0251200,0.0257500,10095980,1786147199999,2026-08-07 23:59:59,258367.7964300,24222,4191215,107370.0195000
1786147200000,2026-08-08 00:00:00,0.0257700,0.0268000,0.0255900,0.0257300,20259764,1786161599999,2026-08-08 03:59:59,531547.3627400,38420,9379363,246354.5523000
1786161600000,2026-08-08 04:00:00,0.0257300,0.0259500,0.0248400,0.0248900,11087364,1786175999999,2026-08-08 07:59:59,281724.2374500,6930,4980460,126901.4547600
1786176000000,2026-08-08 08:00:00,0.0249100,0.0260400,0.0242600,0.0254900,17005352,1786190399999,2026-08-08 11:59:59,424229.4321900,9299,7976502,198881.4112600
1786190400000,2026-08-08 12:00:00,0.0255100,0.0282500,0.0252700,0.0275200,41482074,1786204799999,2026-08-08 15:59:59,1118255.4690100,21491,19634601,528856.7784200
1786204800000,2026-08-08 16:00:00,0.0275500,0.0277400,0.0262200,0.0267600,20890165,1786219199999,2026-08-08 19:59:59,561023.1669500,10990,10358143,278149.0474700
1786219200000,2026-08-08 20:00:00,0.0267600,0.0281400,0.0265100,0.0281200,52335371,1786233599999,2026-08-08 23:59:59,1434768.5424800,130154,27428015,752045.7392300
1786233600000,2026-08-09 00:00:00,0.0281400,0.0293000,0.0271000,0.0279300,27337325,1786247999999,2026-08-09 03:59:59,771448.0540600,14486,12662173,357728.9778400
1786248000000,2026-08-09 04:00:00,0.0279100,0.0299400,0.0272300,0.0275100,44937734,1786262399999,2026-08-09 07:59:59,1283288.1401400,21919,21827657,623404.5120000
1786262400000,2026-08-09 08:00:00,0.0274700,0.0319800,0.0271100,0.0295700,107233438,1786276799999,2026-08-09 11:59:59,3196750.8020100,72744,51445804,1531120.0605700
1786276800000,2026-08-09 12:00:00,0.0295300,0.0298900,0.0278500,0.0286400,34380021,1786291199999,2026-08-09 15:59:59,986649.0342700,17358,15618294,448733.4013300
1786291200000,2026-08-09 16:00:00,0.0286400,0.0292300,0.0263600,0.0271500,33943215,1786305599999,2026-08-09 19:59:59,935048.3549300,54407,15672664,432059.1156700
1786305600000,2026-08-09 20:00:00,0.0271300,0.0272700,0.0254500,0.0254800,40568612,1786319999999,2026-08-09 23:59:59,1072067.5920800,52128,17778761,471428.0811300
1786320000000,2026-08-10 00:00:00,0.0254700,0.0270900,0.0242800,0.0258000,123896414,1786334399999,2026-08-10 03:59:59,3211910.3033000,87447,60957102,1584483.4658500
1786334400000,2026-08-10 04:00:00,0.0257800,0.0270900,0.0255000,0.0265700,25339110,1786348799999,2026-08-10 07:59:59,668524.2143700,26376,11845265,312445.9313700
1786348800000,2026-08-10 08:00:00,0.0265900,0.0276100,0.0255100,0.0269800,44570436,1786363199999,2026-08-10 11:59:59,1177740.8361400,68234,22275492,588648.5792700
1786363200000,2026-08-10 12:00:00,0.0269800,0.0270800,0.0253000,0.0256200,14687323,1786377599999,2026-08-10 15:59:59,385745.2962600,7952,5883066,154647.2073100
1786377600000,2026-08-10 16:00:00,0.0256100,0.0258100,0.0226400,0.0231000,60548177,1786391999999,2026-08-10 19:59:59,1437049.3632300,31575,26225193,622769.9003300
1786392000000,2026-08-10 20:00:00,0.0231200,0.0242900,0.0226800,0.0241800,45850505,1786406399999,2026-08-10 23:59:59,1074657.5176700,51332,22544692,529629.6446700
1786406400000,2026-08-11 00:00:00,0.0241600,0.0245200,0.0228100,0.0230700,24016668,1786420799999,2026-08-11 03:59:59,567423.5758700,27497,11806493,278692.4320600
1786420800000,2026-08-11 04:00:00,0.0230900,0.0236800,0.0229800,0.0233400,12468985,1786435199999,2026-08-11 07:59:59,290108.5172600,10160,5743303,133740.4755900
1786435200000,2026-08-11 08:00:00,0.0233300,0.0249300,0.0232200,0.0247200,17203515,1786449599999,2026-08-11 11:59:59,413263.9679900,11143,8701536,209387.8464600
1786449600000,2026-08-11 12:00:00,0.0247000,0.0267100,0.0244000,0.0261900,41620796,1786463999999,2026-08-11 15:59:59,1058740.5188100,24111,20881905,532027.6989200
1786464000000,2026-08-11 16:00:00,0.0261900,0.0291900,0.0256000,0.0278700,213742095,1786478399999,2026-08-11 19:59:59,5894417.4097000,133221,104908388,2894711.8463000
1786478400000,2026-08-11 20:00:00,0.0279000,0.0286800,0.0270400,0.0279100,63397542,1786492799999,2026-08-11 23:59:59,1769091.4598800,33663,31120307,869368.8690800
1786492800000,2026-08-12 00:00:00,0.0279000,0.0279000,0.0254300,0.0264500,62328714,1786507199999,2026-08-12 03:59:59,1648330.2502900,31516,28570646,755210.7771700
1786507200000,2026-08-12 04:00:00,0.0264100,0.0310000,0.0263200,0.0271300,263001157,1786521599999,2026-08-12 07:59:59,7524276.6328100,120038,126268790,3608537.0981600
1786521600000,2026-08-12 08:00:00,0.0271100,0.0281900,0.0268000,0.0276400,74481061,1786535999999,2026-08-12 11:59:59,2051240.0591700,43429,36825019,1014837.1745400
1786536000000,2026-08-12 12:00:00,0.0276100,0.0287800,0.0255100,0.0261400,70510285,1786550399999,2026-08-12 15:59:59,1922127.9754400,34600,31231868,853419.6361300
1786550400000,2026-08-12 16:00:00,0.0261400,0.0269300,0.0255700,0.0258400,22370034,1786564799999,2026-08-12 19:59:59,584882.0506600,15038,11286585,295468.9004500
1786564800000,2026-08-12 20:00:00,0.0258400,0.0263700,0.0257600,0.0263000,11430395,1786579199999,2026-08-12 23:59:59,297836.3717900,7822,5694500,148499.5143200
1786579200000,2026-08-13 00:00:00,0.0263100,0.0264800,0.0247600,0.0254000,19894856,1786593599999,2026-08-13 03:59:59,508525.6037100,11301,8688043,222738.2084500
1786593600000,2026-08-13 04:00:00,0.0253700,0.0255400,0.0243100,0.0248400,24589477,1786607999999,2026-08-13 07:59:59,610452.5056000,11855,11383774,282987.5515800
1786608000000,2026-08-13 08:00:00,0.0248300,0.0249500,0.0236800,0.0238900,17606017,1786622399999,2026-08-13 11:59:59,427597.0276800,9935,7018804,170539.6133700
1786622400000,2026-08-13 12:00:00,0.0238600,0.0266300,0.0237900,0.0256800,52892883,1786636799999,2026-08-13 15:59:59,1345424.9939100,27001,27395606,696415.4389800
1786636800000,2026-08-13 16:00:00,0.0256600,0.0260700,0.0250000,0.0253500,15892937,1786651199999,2026-08-13 19:59:59,405790.6969000,10868,6906408,176324.2273500
1786651200000,2026-08-13 20:00:00,0.0253500,0.0260200,0.0250800,0.0259100,8346026,1786665599999,2026-08-13 23:59:59,213923.6337900,6548,4186303,107298.6381500
1786665600000,2026-08-14 00:00:00,0.0259000,0.0263700,0.0256800,0.0259400,6610741,1786679999999,2026-08-14 03:59:59,171834.7955900,6622,3226469,83935.8790400
1786680000000,2026-08-14 04:00:00,0.0259100,0.0261600,0.0250900,0.0252400,16509598,1786694399999,2026-08-14 07:59:59,424500.3362100,12136,6559720,169081.7629000
1786694400000,2026-08-14 08:00:00,0.0252300,0.0256500,0.0240000,0.0243900,21167669,1786708799999,2026-08-14 11:59:59,526863.7736700,12383,9651086,240655.0058400
1786708800000,2026-08-14 12:00:00,0.0243900,0.0245000,0.0232500,0.0240100,30842290,1786723199999,2026-08-14 15:59:59,737808.8492000,18929,14325314,343464.2127900
1786723200000,2026-08-14 16:00:00,0.0240000,0.0246000,0.0239200,0.0241300,13307032,1786737599999,2026-08-14 19:59:59,322259.9926400,9023,6692695,162224.7606900
1786737600000,2026-08-14 20:00:00,0.0241400,0.0244000,0.0237800,0.0240700,10326846,1786751999999,2026-08-14 23:59:59,248177.1835500,11858,4377819,105307.3295900
1786752000000,2026-08-15 00:00:00,0.0240500,0.0251500,0.0238600,0.0242600,80303011,1786766399999,2026-08-15 03:59:59,1969493.6209100,46984,37848110,930446.8482300
1786766400000,2026-08-15 04:00:00,0.0242600,0.0249600,0.0236800,0.0247300,16919444,1786780799999,2026-08-15 07:59:59,411474.6192100,12005,7473907,181736.5799300
1786780800000,2026-08-15 08:00:00,0.0247200,0.0247500,0.0240600,0.0245900,8618464,1786795199999,2026-08-15 11:59:59,210258.1812200,7213,3848801,93957.7562000
1786795200000,2026-08-15 12:00:00,0.0246000,0.0265000,0.0243700,0.0257900,41432975,1786809599999,2026-08-15 15:59:59,1058410.2789700,18960,20620676,526977.6969100
1786809600000,2026-08-15 16:00:00,0.0258100,0.0267500,0.0254500,0.0267100,20124273,1786823999999,2026-08-15 19:59:59,524972.2214200,12402,9537387,248764.2487200
1786824000000,2026-08-15 20:00:00,0.0267100,0.0271500,0.0258400,0.0261300,17988609,1786838399999,2026-08-15 23:59:59,475734.5694800,12776,7928773,209794.5431100
1786838400000,2026-08-16 00:00:00,0.0261300,0.0268900,0.0257400,0.0267500,17777836,1786852799999,2026-08-16 03:59:59,467710.5572100,14250,8610949,226923.4583500
1786852800000,2026-08-16 04:00:00,0.0267600,0.0276600,0.0259700,0.0261800,39873216,1786867199999,2026-08-16 07:59:59,1076364.3373200,27695,17961398,485388.7372100
1786867200000,2026-08-16 08:00:00,0.0261700,0.0268700,0.0260400,0.0264100,17001494,1786881599999,2026-08-16 11:59:59,451030.6003800,12941,7696649,204274.1757500
1786881600000,2026-08-16 12:00:00,0.0264100,0.0273400,0.0258700,0.0267800,16622897,1786895999999,2026-08-16 15:59:59,440498.5178300,12754,9025886,239757.0304700
1786896000000,2026-08-16 16:00:00,0.0267800,0.0270200,0.0263200,0.0263900,12791266,1786910399999,2026-08-16 19:59:59,340375.5509500,12149,6325048,168418.4389400
1786910400000,2026-08-16 20:00:00,0.0263800,0.0264600,0.0258900,0.0260100,8869722,1786924799999,2026-08-16 23:59:59,232353.2597200,6662,4457626,116759.2325900
1786924800000,2026-08-17 00:00:00,0.0260100,0.0264300,0.0253500,0.0259000,16402534,1786939199999,2026-08-17 03:59:59,422479.2728800,12295,7832888,201790.2680600
1786939200000,2026-08-17 04:00:00,0.0258900,0.0269100,0.0258400,0.0266000,10338352,1786953599999,2026-08-17 07:59:59,272224.4902300,8686,4814574,126779.3443900
1786953600000,2026-08-17 08:00:00,0.0266000,0.0267000,0.0255800,0.0258600,14107589,1786967999999,2026-08-17 11:59:59,369131.4696900,12102,7368060,192753.6788000
1786968000000,2026-08-17 12:00:00,0.0258700,0.0292200,0.0251600,0.0288400,44778034,1786982399999,2026-08-17 15:59:59,1195004.8826200,25329,23743826,634905.1683600
1786982400000,2026-08-17 16:00:00,0.0288400,0.0342100,0.0235400,0.0253400,453248318,1786996799999,2026-08-17 19:59:59,13168115.1524400,233844,225732202,6601773.7690200
1786996800000,2026-08-17 20:00:00,0.0253200,0.0266100,0.0252500,0.0266000,33574803,1787011199999,2026-08-17 23:59:59,868479.8747000,41508,16896231,437592.9947600
1787011200000,2026-08-18 00:00:00,0.0266100,0.0269400,0.0257200,0.0261300,24485874,1787025599999,2026-08-18 03:59:59,644251.7788600,20498,10772729,283613.4547200
1787025600000,2026-08-18 04:00:00,0.0261200,0.0278700,0.0258500,0.0268100,32162756,1787039999999,2026-08-18 07:59:59,862364.4132000,22418,16408777,440010.5697100
1787040000000,2026-08-18 08:00:00,0.0267900,0.0290000,0.0266900,0.0282900,44909807,1787054399999,2026-08-18 11:59:59,1260361.6488500,30208,21391427,600251.7139700
1787054400000,2026-08-18 12:00:00,0.0282900,0.0289700,0.0270000,0.0274500,43726159,1787068799999,2026-08-18 15:59:59,1225442.4649800,29619,18525789,520109.0206700
1787068800000,2026-08-18 16:00:00,0.0274400,0.0277600,0.0264700,0.0272600,26584510,1787083199999,2026-08-18 19:59:59,723099.1304900,18554,13402885,365017.6581700
1787083200000,2026-08-18 20:00:00,0.0272700,0.0275800,0.0270500,0.0272800,7553057,1787097599999,2026-08-18 23:59:59,206358.7413200,7278,4073607,111400.8012100
1787097600000,2026-08-19 00:00:00,0.0272800,0.0281900,0.0266100,0.0268600,14463812,1787111999999,2026-08-19 03:59:59,393940.1185400,14402,7223446,196867.6987200
1787112000000,2026-08-19 04:00:00,0.0268700,0.0271100,0.0262400,0.0267400,11470371,1787126399999,2026-08-19 07:59:59,305800.9734600,10786,6016200,160382.1491800
1787126400000,2026-08-19 08:00:00,0.0267500,0.0272300,0.0264000,0.0264600,10718073,1787140799999,2026-08-19 11:59:59,287665.7581500,8657,4379793,117713.3999400
1787140800000,2026-08-19 12:00:00,0.0264700,0.0266700,0.0248900,0.0263400,42813699,1787155199999,2026-08-19 15:59:59,1099450.7850100,25137,20699115,530505.3047100
1787155200000,2026-08-19 16:00:00,0.0263300,0.0263300,0.0255500,0.0260200,18623334,1787169599999,2026-08-19 19:59:59,483910.0095400,12034,7949118,206413.3762500
1787169600000,2026-08-19 20:00:00,0.0260200,0.0276900,0.0257900,0.0268600,51143109,1787183999999,2026-08-19 23:59:59,1371812.6950600,66404,25776720,691990.7243300
1787184000000,2026-08-20 00:00:00,0.0268600,0.0270100,0.0256200,0.0256800,12945688,1787198399999,2026-08-20 03:59:59,339430.5991100,8432,6044183,158507.9891600
1787198400000,2026-08-20 04:00:00,0.0256900,0.0258600,0.0250800,0.0251300,11155005,1787212799999,2026-08-20 07:59:59,284590.5090700,6474,6224147,158866.7017400
1787212800000,2026-08-20 08:00:00,0.0251400,0.0257000,0.0250900,0.0255600,12965094,1787227199999,2026-08-20 11:59:59,329689.5885400,6834,6810620,173205.7696400
1787227200000,2026-08-20 12:00:00,0.0255700,0.0262400,0.0252100,0.0262100,15605881,1787241599999,2026-08-20 15:59:59,399363.3261000,7964,7859059,201308.5163900
1787241600000,2026-08-20 16:00:00,0.0262000,0.0264400,0.0257500,0.0263300,16300079,1787255999999,2026-08-20 19:59:59,424776.3446700,9233,8683612,226371.1838300
1787256000000,2026-08-20 20:00:00,0.0263400,0.0272400,0.0262400,0.0269300,8908789,1787270399999,2026-08-20 23:59:59,238331.7484700,8969,4620489,123606.2190600
1787270400000,2026-08-21 00:00:00,0.0269200,0.0277900,0.0267900,0.0273500,12441518,1787284799999,2026-08-21 03:59:59,339461.3677900,13199,5294769,144528.1005300
1787284800000,2026-08-21 04:00:00,0.0273400,0.0276500,0.0263000,0.0267700,15317921,1787299199999,2026-08-21 07:59:59,413612.6778000,9206,6901178,186587.3806300
1787299200000,2026-08-21 08:00:00,0.0267700,0.0269500,0.0256100,0.0265400,21507635,1787313599999,2026-08-21 11:59:59,565853.0647200,12616,10879811,286425.6932700
1787313600000,2026-08-21 12:00:00,0.0265500,0.0270500,0.0261100,0.0263800,16101290,1787327999999,2026-08-21 15:59:59,428159.0434200,9438,8351793,222167.6735100
1787328000000,2026-08-21 16:00:00,0.0263900,0.0268700,0.0260000,0.0261700,12423095,1787342399999,2026-08-21 19:59:59,328009.9332000,8633,6133425,161952.6604500
1787342400000,2026-08-21 20:00:00,0.0261700,0.0266400,0.0258400,0.0265000,11178177,1787356799999,2026-08-21 23:59:59,294104.7241000,7744,5564111,146446.0677000
1787356800000,2026-08-22 00:00:00,0.0265100,0.0286700,0.0262100,0.0284200,30871188,1787371199999,2026-08-22 03:59:59,852472.5768600,19398,15620457,431200.6062600
1787371200000,2026-08-22 04:00:00,0.0284400,0.0290000,0.0154000,0.0231600,244654343,1787385599999,2026-08-22 07:59:59,5763154.3741600,236927,113606035,2703552.8681500
1787385600000,2026-08-22 08:00:00,0.0231500,0.0238300,0.0213300,0.0222800,55665397,1787399999999,2026-08-22 11:59:59,1250526.8304700,49122,25482736,573054.5377200
1787400000000,2026-08-22 12:00:00,0.0222800,0.0224900,0.0207600,0.0212300,48279924,1787414399999,2026-08-22 15:59:59,1036706.4981100,36035,23687877,509210.4948600
1787414400000,2026-08-22 16:00:00,0.0212300,0.0217700,0.0206400,0.0206400,34794431,1787428799999,2026-08-22 19:59:59,740262.6619500,26004,15541920,330775.8926600
1787428800000,2026-08-22 20:00:00,0.0206400,0.0210400,0.0206400,0.0208200,5492587,1787443199999,2026-08-22 23:59:59,114418.3963500,4488,2863486,59695.0094700
